Project Name,Package Name,Type Name,Code Smell
quartz-1.8.3 - Replace Type,org.quartz.examples.example1,HelloJob,Unutilized Abstraction
quartz-1.8.3 - Replace Type,org.quartz.examples.example10,SimpleJob,Unutilized Abstraction
quartz-1.8.3 - Replace Type,org.quartz.examples.example11,SimpleJob,Deficient Encapsulation
quartz-1.8.3 - Replace Type,org.quartz.examples.example12,SimpleJob,Unutilized Abstraction
quartz-1.8.3 - Replace Type,org.quartz.examples.example12,SimpleJob,Deficient Encapsulation
quartz-1.8.3 - Replace Type,org.quartz.examples.example13,SimpleRecoveryJob,Unutilized Abstraction
quartz-1.8.3 - Replace Type,org.quartz.examples.example13,SimpleRecoveryStatefulJob,Unutilized Abstraction
quartz-1.8.3 - Replace Type,org.quartz.examples.example13,SimpleRecoveryStatefulJob,Broken Hierarchy
quartz-1.8.3 - Replace Type,org.quartz.examples.example14,TriggerEchoJob,Unutilized Abstraction
quartz-1.8.3 - Replace Type,org.quartz.examples.example15,SimpleRecoveryJob,Unutilized Abstraction
quartz-1.8.3 - Replace Type,org.quartz.examples.example15,SimpleRecoveryStatefulJob,Unutilized Abstraction
quartz-1.8.3 - Replace Type,org.quartz.examples.example15,SimpleRecoveryStatefulJob,Broken Hierarchy
quartz-1.8.3 - Replace Type,org.quartz.examples.example2,SimpleJob,Unutilized Abstraction
quartz-1.8.3 - Replace Type,org.quartz.examples.example3,SimpleJob,Unutilized Abstraction
quartz-1.8.3 - Replace Type,org.quartz.examples.example4,ColorJob,Deficient Encapsulation
quartz-1.8.3 - Replace Type,org.quartz.examples.example5,MisfireJob,Deficient Encapsulation
quartz-1.8.3 - Replace Type,org.quartz.examples.example5,StatefulDumbJob,Unutilized Abstraction
quartz-1.8.3 - Replace Type,org.quartz.examples.example5,StatefulDumbJob,Deficient Encapsulation
quartz-1.8.3 - Replace Type,org.quartz.examples.example6,BadJob1,Unutilized Abstraction
quartz-1.8.3 - Replace Type,org.quartz.examples.example6,BadJob2,Unutilized Abstraction
quartz-1.8.3 - Replace Type,org.quartz.examples.example7,DumbInterruptableJob,Unutilized Abstraction
quartz-1.8.3 - Replace Type,org.quartz.examples.example8,SimpleJob,Unutilized Abstraction
quartz-1.8.3 - Replace Type,org.quartz.examples.example9,Job1Listener,Unutilized Abstraction
quartz-1.8.3 - Replace Type,org.quartz.examples.example9,SimpleJob1,Unutilized Abstraction
quartz-1.8.3 - Replace Type,org.quartz.examples.example9,SimpleJob2,Unutilized Abstraction
quartz-1.8.3 - Replace Type,org.quartz,CriticalSchedulerException,Unutilized Abstraction
quartz-1.8.3 - Replace Type,org.quartz,CriticalSchedulerException,Broken Hierarchy
quartz-1.8.3 - Replace Type,org.quartz,CronExpression,Deficient Encapsulation
quartz-1.8.3 - Replace Type,org.quartz,CronExpression,Cyclic-Dependent Modularization
quartz-1.8.3 - Replace Type,org.quartz,CronExpression,Insufficient Modularization
quartz-1.8.3 - Replace Type,org.quartz,ValueSet,Unnecessary Abstraction
quartz-1.8.3 - Replace Type,org.quartz,ValueSet,Unutilized Abstraction
quartz-1.8.3 - Replace Type,org.quartz,ValueSet,Deficient Encapsulation
quartz-1.8.3 - Replace Type,org.quartz,CronTrigger,Deficient Encapsulation
quartz-1.8.3 - Replace Type,org.quartz,CronTrigger,Cyclic-Dependent Modularization
quartz-1.8.3 - Replace Type,org.quartz,CronTrigger,Insufficient Modularization
quartz-1.8.3 - Replace Type,org.quartz,DateIntervalTrigger,Deficient Encapsulation
quartz-1.8.3 - Replace Type,org.quartz,DateIntervalTrigger,Insufficient Modularization
quartz-1.8.3 - Replace Type,org.quartz,DayOfMonthRefactored,Unutilized Abstraction
quartz-1.8.3 - Replace Type,org.quartz,DayOfMonthRefactored1,Unutilized Abstraction
quartz-1.8.3 - Replace Type,org.quartz,DayOfMonthRefactored2,Unutilized Abstraction
quartz-1.8.3 - Replace Type,org.quartz,DayOfWeekRefactored,Unutilized Abstraction
quartz-1.8.3 - Replace Type,org.quartz,DayOfWeekRefactored1,Unutilized Abstraction
quartz-1.8.3 - Replace Type,org.quartz,DayOfWeekRefactored2,Unutilized Abstraction
quartz-1.8.3 - Replace Type,org.quartz,HourRefactored,Unutilized Abstraction
quartz-1.8.3 - Replace Type,org.quartz,HourRefactored1,Unutilized Abstraction
quartz-1.8.3 - Replace Type,org.quartz,HourRefactored2,Unutilized Abstraction
quartz-1.8.3 - Replace Type,org.quartz,InstrRefactored,Unutilized Abstraction
quartz-1.8.3 - Replace Type,org.quartz,InstrRefactored1,Unutilized Abstraction
quartz-1.8.3 - Replace Type,org.quartz,InstructionRefactored2,Unutilized Abstraction
quartz-1.8.3 - Replace Type,org.quartz,InterruptableJob,Unutilized Abstraction
quartz-1.8.3 - Replace Type,org.quartz,IntervalTypeMonthlyRefactored,Unutilized Abstraction
quartz-1.8.3 - Replace Type,org.quartz,IntervalTypeMonthlyRefactored1,Unutilized Abstraction
quartz-1.8.3 - Replace Type,org.quartz,IntervalTypeRefactored,Cyclic-Dependent Modularization
quartz-1.8.3 - Replace Type,org.quartz,IntervalTypeRefactored1,Unutilized Abstraction
quartz-1.8.3 - Replace Type,org.quartz,IntervalTypeWeeklyRefactored,Unutilized Abstraction
quartz-1.8.3 - Replace Type,org.quartz,IntervalTypeWeeklyRefactored1,Unutilized Abstraction
quartz-1.8.3 - Replace Type,org.quartz,IntervalTypeYearlyRefactored,Unutilized Abstraction
quartz-1.8.3 - Replace Type,org.quartz,IntervalTypeYearlyRefactored1,Unutilized Abstraction
quartz-1.8.3 - Replace Type,org.quartz,Job,Cyclic-Dependent Modularization
quartz-1.8.3 - Replace Type,org.quartz,JobDataMap,Insufficient Modularization
quartz-1.8.3 - Replace Type,org.quartz,JobDetail,Cyclic-Dependent Modularization
quartz-1.8.3 - Replace Type,org.quartz,JobDetail,Insufficient Modularization
quartz-1.8.3 - Replace Type,org.quartz,JobExecutionContext,Cyclic-Dependent Modularization
quartz-1.8.3 - Replace Type,org.quartz,JobExecutionContext,Insufficient Modularization
quartz-1.8.3 - Replace Type,org.quartz,JobExecutionException,Broken Hierarchy
quartz-1.8.3 - Replace Type,org.quartz,JobListener,Cyclic-Dependent Modularization
quartz-1.8.3 - Replace Type,org.quartz,JobPersistenceException,Broken Hierarchy
quartz-1.8.3 - Replace Type,org.quartz,MinuteRefactored,Unutilized Abstraction
quartz-1.8.3 - Replace Type,org.quartz,MinuteRefactored1,Unutilized Abstraction
quartz-1.8.3 - Replace Type,org.quartz,MinuteRefactored2,Unutilized Abstraction
quartz-1.8.3 - Replace Type,org.quartz,MisfireInstructionDoNothingRefactored,Unutilized Abstraction
quartz-1.8.3 - Replace Type,org.quartz,MisfireInstructionDoNothingRefactored1,Unutilized Abstraction
quartz-1.8.3 - Replace Type,org.quartz,MisfireInstructionDoNothingRefactored2,Unutilized Abstraction
quartz-1.8.3 - Replace Type,org.quartz,MisfireInstructionFireOnceNowRefactored,Unutilized Abstraction
quartz-1.8.3 - Replace Type,org.quartz,MisfireInstructionFireOnceNowRefactored1,Unutilized Abstraction
quartz-1.8.3 - Replace Type,org.quartz,MisfireInstructionFireOnceNowRefactored2,Unutilized Abstraction
quartz-1.8.3 - Replace Type,org.quartz,MisfireInstructionSmartPolicyRefactored,Unutilized Abstraction
quartz-1.8.3 - Replace Type,org.quartz,MisfireInstructionSmartPolicyRefactored1,Unutilized Abstraction
quartz-1.8.3 - Replace Type,org.quartz,MisfireInstructionSmartPolicyRefactored2,Unutilized Abstraction
quartz-1.8.3 - Replace Type,org.quartz,MonthRefactored,Unutilized Abstraction
quartz-1.8.3 - Replace Type,org.quartz,MonthRefactored1,Unutilized Abstraction
quartz-1.8.3 - Replace Type,org.quartz,MonthRefactored2,Unutilized Abstraction
quartz-1.8.3 - Replace Type,org.quartz,NthIncludedDayTrigger,Deficient Encapsulation
quartz-1.8.3 - Replace Type,org.quartz,NthIncludedDayTrigger,Cyclic-Dependent Modularization
quartz-1.8.3 - Replace Type,org.quartz,NthIncludedDayTrigger,Insufficient Modularization
quartz-1.8.3 - Replace Type,org.quartz,ObjectAlreadyExistsException,Unutilized Abstraction
quartz-1.8.3 - Replace Type,org.quartz,ObjectAlreadyExistsException,Broken Hierarchy
quartz-1.8.3 - Replace Type,org.quartz,Scheduler,Cyclic-Dependent Modularization
quartz-1.8.3 - Replace Type,org.quartz,Scheduler,Insufficient Modularization
quartz-1.8.3 - Replace Type,org.quartz,SchedulerConfigException,Unutilized Abstraction
quartz-1.8.3 - Replace Type,org.quartz,SchedulerConfigException,Broken Hierarchy
quartz-1.8.3 - Replace Type,org.quartz,SchedulerException,Deficient Encapsulation
quartz-1.8.3 - Replace Type,org.quartz,SchedulerListener,Cyclic-Dependent Modularization
quartz-1.8.3 - Replace Type,org.quartz,SecondRefactored,Unutilized Abstraction
quartz-1.8.3 - Replace Type,org.quartz,SecondRefactored1,Unutilized Abstraction
quartz-1.8.3 - Replace Type,org.quartz,SecondRefactored2,Unutilized Abstraction
quartz-1.8.3 - Replace Type,org.quartz,SimpleTrigger,Deficient Encapsulation
quartz-1.8.3 - Replace Type,org.quartz,SimpleTrigger,Cyclic-Dependent Modularization
quartz-1.8.3 - Replace Type,org.quartz,SimpleTrigger,Insufficient Modularization
quartz-1.8.3 - Replace Type,org.quartz,StatefulJob,Unnecessary Abstraction
quartz-1.8.3 - Replace Type,org.quartz,StatefulJob,Unutilized Abstraction
quartz-1.8.3 - Replace Type,org.quartz,Trigger,Deficient Encapsulation
quartz-1.8.3 - Replace Type,org.quartz,Trigger,Cyclic-Dependent Modularization
quartz-1.8.3 - Replace Type,org.quartz,Trigger,Insufficient Modularization
quartz-1.8.3 - Replace Type,org.quartz,TriggerListener,Cyclic-Dependent Modularization
quartz-1.8.3 - Replace Type,org.quartz,TriggerUtils,Deficient Encapsulation
quartz-1.8.3 - Replace Type,org.quartz,TriggerUtils,Insufficient Modularization
quartz-1.8.3 - Replace Type,org.quartz,TypeRefactored,Unutilized Abstraction
quartz-1.8.3 - Replace Type,org.quartz,TypeRefactored1,Unutilized Abstraction
quartz-1.8.3 - Replace Type,org.quartz,TypeRefactored2,Unutilized Abstraction
quartz-1.8.3 - Replace Type,org.quartz,UnableToInterruptJobException,Unutilized Abstraction
quartz-1.8.3 - Replace Type,org.quartz,UnableToInterruptJobException,Broken Hierarchy
quartz-1.8.3 - Replace Type,org.quartz,YearRefactored,Unutilized Abstraction
quartz-1.8.3 - Replace Type,org.quartz,YearRefactored1,Unutilized Abstraction
quartz-1.8.3 - Replace Type,org.quartz,AnnualCalendarTest,Unutilized Abstraction
quartz-1.8.3 - Replace Type,org.quartz,AnnualCalendarTest,Broken Hierarchy
quartz-1.8.3 - Replace Type,org.quartz,CronExpressionTest,Unutilized Abstraction
quartz-1.8.3 - Replace Type,org.quartz,CronExpressionTest,Broken Hierarchy
quartz-1.8.3 - Replace Type,org.quartz,CronTriggerTest,Unutilized Abstraction
quartz-1.8.3 - Replace Type,org.quartz,CronTriggerTest,Broken Hierarchy
quartz-1.8.3 - Replace Type,org.quartz,DateIntervalTriggerTest,Unutilized Abstraction
quartz-1.8.3 - Replace Type,org.quartz,JobDataMapTest,Unutilized Abstraction
quartz-1.8.3 - Replace Type,org.quartz,JobDetailTest,Unutilized Abstraction
quartz-1.8.3 - Replace Type,org.quartz,MonthlyCalendarTest,Unutilized Abstraction
quartz-1.8.3 - Replace Type,org.quartz,NthIncludedDayTriggerTest,Unutilized Abstraction
quartz-1.8.3 - Replace Type,org.quartz,NthIncludedDayTriggerTest,Broken Hierarchy
quartz-1.8.3 - Replace Type,org.quartz,PriorityTest,Unutilized Abstraction
quartz-1.8.3 - Replace Type,org.quartz,TestJob,Unutilized Abstraction
quartz-1.8.3 - Replace Type,org.quartz,TestJob,Broken Hierarchy
quartz-1.8.3 - Replace Type,org.quartz,Quartz601Test,Unutilized Abstraction
quartz-1.8.3 - Replace Type,org.quartz,TestCronExpression,Unutilized Abstraction
quartz-1.8.3 - Replace Type,org.quartz,TestCronExpression,Broken Hierarchy
quartz-1.8.3 - Replace Type,org.quartz,SerializationTestSupport,Unutilized Abstraction
quartz-1.8.3 - Replace Type,org.quartz,SimpleTriggerTest,Unutilized Abstraction
quartz-1.8.3 - Replace Type,org.quartz,SimpleTriggerTest,Broken Hierarchy
quartz-1.8.3 - Replace Type,org.quartz,VersionTest,Unutilized Abstraction
quartz-1.8.3 - Replace Type,org.quartz.core.jmx,JobDataMapSupport,Deficient Encapsulation
quartz-1.8.3 - Replace Type,org.quartz.core.jmx,QuartzSchedulerMBean,Insufficient Modularization
quartz-1.8.3 - Replace Type,org.quartz.core,JobRunShell,Cyclic-Dependent Modularization
quartz-1.8.3 - Replace Type,org.quartz.core,VetoedException,Unutilized Abstraction
quartz-1.8.3 - Replace Type,org.quartz.core,JobRunShellFactory,Cyclic-Dependent Modularization
quartz-1.8.3 - Replace Type,org.quartz.core,NullSampledStatisticsImpl,Unutilized Abstraction
quartz-1.8.3 - Replace Type,org.quartz.core,QuartzScheduler,Cyclic-Dependent Modularization
quartz-1.8.3 - Replace Type,org.quartz.core,QuartzScheduler,Insufficient Modularization
quartz-1.8.3 - Replace Type,org.quartz.core,ErrorLogger,Unutilized Abstraction
quartz-1.8.3 - Replace Type,org.quartz.core,ExecutingJobsManager,Unutilized Abstraction
quartz-1.8.3 - Replace Type,org.quartz.core,QuartzSchedulerMBeanImpl,Unutilized Abstraction
quartz-1.8.3 - Replace Type,org.quartz.core,QuartzSchedulerMBeanImpl,Insufficient Modularization
quartz-1.8.3 - Replace Type,org.quartz.core,QuartzSchedulerResources,Deficient Encapsulation
quartz-1.8.3 - Replace Type,org.quartz.core,QuartzSchedulerResources,Cyclic-Dependent Modularization
quartz-1.8.3 - Replace Type,org.quartz.core,QuartzSchedulerResources,Insufficient Modularization
quartz-1.8.3 - Replace Type,org.quartz.core,QuartzSchedulerThread,Cyclic-Dependent Modularization
quartz-1.8.3 - Replace Type,org.quartz.core,RemotableQuartzScheduler,Insufficient Modularization
quartz-1.8.3 - Replace Type,org.quartz.core,SampledStatisticsImpl,Unutilized Abstraction
quartz-1.8.3 - Replace Type,org.quartz.core,SchedulerSignalerImpl,Unutilized Abstraction
quartz-1.8.3 - Replace Type,org.quartz.ee.jta,JTAJobRunShell,Unutilized Abstraction
quartz-1.8.3 - Replace Type,org.quartz.ee.jta,JTAJobRunShellFactory,Unutilized Abstraction
quartz-1.8.3 - Replace Type,org.quartz.ee.jta,UserTransactionHelper,Deficient Encapsulation
quartz-1.8.3 - Replace Type,org.quartz.ee.servlet,QuartzInitializerListener,Unutilized Abstraction
quartz-1.8.3 - Replace Type,org.quartz.ee.servlet,QuartzInitializerListener,Deficient Encapsulation
quartz-1.8.3 - Replace Type,org.quartz.ee.servlet,QuartzInitializerServlet,Unutilized Abstraction
quartz-1.8.3 - Replace Type,org.quartz.ee.servlet,QuartzInitializerServlet,Deficient Encapsulation
quartz-1.8.3 - Replace Type,org.quartz.helpers,VersionPrinter,Unutilized Abstraction
quartz-1.8.3 - Replace Type,org.quartz.impl.calendar,CalendarComparator,Unutilized Abstraction
quartz-1.8.3 - Replace Type,org.quartz.impl.calendar,DailyCalendar,Insufficient Modularization
quartz-1.8.3 - Replace Type,org.quartz.impl.calendar,BaseCalendarTest,Unutilized Abstraction
quartz-1.8.3 - Replace Type,org.quartz.impl.calendar,DailyCalendarTest,Unutilized Abstraction
quartz-1.8.3 - Replace Type,org.quartz.impl,DirectSchedulerFactory,Deficient Encapsulation
quartz-1.8.3 - Replace Type,org.quartz.impl,RemoteMBeanScheduler,Insufficient Modularization
quartz-1.8.3 - Replace Type,org.quartz.impl,RemoteScheduler,Insufficient Modularization
quartz-1.8.3 - Replace Type,org.quartz.impl,StdJobRunShellFactory,Unutilized Abstraction
quartz-1.8.3 - Replace Type,org.quartz.impl,StdScheduler,Unutilized Abstraction
quartz-1.8.3 - Replace Type,org.quartz.impl,StdScheduler,Insufficient Modularization
quartz-1.8.3 - Replace Type,org.quartz.impl,StdSchedulerFactory,Deficient Encapsulation
quartz-1.8.3 - Replace Type,org.quartz.impl,StdSchedulerFactory,Insufficient Modularization
quartz-1.8.3 - Replace Type,org.quartz.impl,DirectSchedulerFactoryTest,Unutilized Abstraction
quartz-1.8.3 - Replace Type,org.quartz.impl,SchedulerDetailsSetterTest,Unutilized Abstraction
quartz-1.8.3 - Replace Type,org.quartz.impl,MyThreadPool,Unutilized Abstraction
quartz-1.8.3 - Replace Type,org.quartz.impl,MyJobStore,Unutilized Abstraction
quartz-1.8.3 - Replace Type,org.quartz.impl.jdbcjobstore,CloudscapeDelegate,Unutilized Abstraction
quartz-1.8.3 - Replace Type,org.quartz.impl.jdbcjobstore,CloudscapeDelegate,Broken Hierarchy
quartz-1.8.3 - Replace Type,org.quartz.impl.jdbcjobstore,Constants,Broken Modularization
quartz-1.8.3 - Replace Type,org.quartz.impl.jdbcjobstore,DB2v6Delegate,Unutilized Abstraction
quartz-1.8.3 - Replace Type,org.quartz.impl.jdbcjobstore,DB2v6Delegate,Deficient Encapsulation
quartz-1.8.3 - Replace Type,org.quartz.impl.jdbcjobstore,DB2v7Delegate,Unutilized Abstraction
quartz-1.8.3 - Replace Type,org.quartz.impl.jdbcjobstore,DB2v7Delegate,Broken Hierarchy
quartz-1.8.3 - Replace Type,org.quartz.impl.jdbcjobstore,DB2v8Delegate,Unutilized Abstraction
quartz-1.8.3 - Replace Type,org.quartz.impl.jdbcjobstore,DB2v8Delegate,Broken Hierarchy
quartz-1.8.3 - Replace Type,org.quartz.impl.jdbcjobstore,DBSemaphore,Unutilized Abstraction
quartz-1.8.3 - Replace Type,org.quartz.impl.jdbcjobstore,DBSemaphore,Broken Hierarchy
quartz-1.8.3 - Replace Type,org.quartz.impl.jdbcjobstore,DBSemaphore,Multipath Hierarchy
quartz-1.8.3 - Replace Type,org.quartz.impl.jdbcjobstore,DriverDelegate,Cyclic-Dependent Modularization
quartz-1.8.3 - Replace Type,org.quartz.impl.jdbcjobstore,DriverDelegate,Insufficient Modularization
quartz-1.8.3 - Replace Type,org.quartz.impl.jdbcjobstore,FiredTriggerRecord,Insufficient Modularization
quartz-1.8.3 - Replace Type,org.quartz.impl.jdbcjobstore,HSQLDBDelegate,Unutilized Abstraction
quartz-1.8.3 - Replace Type,org.quartz.impl.jdbcjobstore,HSQLDBDelegate,Broken Hierarchy
quartz-1.8.3 - Replace Type,org.quartz.impl.jdbcjobstore,InvalidConfigurationException,Unutilized Abstraction
quartz-1.8.3 - Replace Type,org.quartz.impl.jdbcjobstore,JobStoreCMT,Unutilized Abstraction
quartz-1.8.3 - Replace Type,org.quartz.impl.jdbcjobstore,JobStoreSupport,Deficient Encapsulation
quartz-1.8.3 - Replace Type,org.quartz.impl.jdbcjobstore,JobStoreSupport,Broken Hierarchy
quartz-1.8.3 - Replace Type,org.quartz.impl.jdbcjobstore,JobStoreSupport,Cyclic-Dependent Modularization
quartz-1.8.3 - Replace Type,org.quartz.impl.jdbcjobstore,JobStoreSupport,Insufficient Modularization
quartz-1.8.3 - Replace Type,org.quartz.impl.jdbcjobstore,RecoverMisfiredJobsResult,Deficient Encapsulation
quartz-1.8.3 - Replace Type,org.quartz.impl.jdbcjobstore,ClusterManager,Unutilized Abstraction
quartz-1.8.3 - Replace Type,org.quartz.impl.jdbcjobstore,MisfireHandler,Unutilized Abstraction
quartz-1.8.3 - Replace Type,org.quartz.impl.jdbcjobstore,JobStoreTX,Unutilized Abstraction
quartz-1.8.3 - Replace Type,org.quartz.impl.jdbcjobstore,JTANonClusteredSemaphore,Unutilized Abstraction
quartz-1.8.3 - Replace Type,org.quartz.impl.jdbcjobstore,JTANonClusteredSemaphore,Deficient Encapsulation
quartz-1.8.3 - Replace Type,org.quartz.impl.jdbcjobstore,SemaphoreSynchronization,Unutilized Abstraction
quartz-1.8.3 - Replace Type,org.quartz.impl.jdbcjobstore,LockException,Unutilized Abstraction
quartz-1.8.3 - Replace Type,org.quartz.impl.jdbcjobstore,MSSQLDelegate,Unutilized Abstraction
quartz-1.8.3 - Replace Type,org.quartz.impl.jdbcjobstore,MSSQLDelegate,Broken Hierarchy
quartz-1.8.3 - Replace Type,org.quartz.impl.jdbcjobstore,NoSuchDelegateException,Unutilized Abstraction
quartz-1.8.3 - Replace Type,org.quartz.impl.jdbcjobstore,PointbaseDelegate,Unutilized Abstraction
quartz-1.8.3 - Replace Type,org.quartz.impl.jdbcjobstore,PostgreSQLDelegate,Unutilized Abstraction
quartz-1.8.3 - Replace Type,org.quartz.impl.jdbcjobstore,PostgreSQLDelegate,Broken Hierarchy
quartz-1.8.3 - Replace Type,org.quartz.impl.jdbcjobstore,SimpleSemaphore,Unutilized Abstraction
quartz-1.8.3 - Replace Type,org.quartz.impl.jdbcjobstore,StdJDBCConstants,Unutilized Abstraction
quartz-1.8.3 - Replace Type,org.quartz.impl.jdbcjobstore,StdJDBCConstants,Broken Modularization
quartz-1.8.3 - Replace Type,org.quartz.impl.jdbcjobstore,StdJDBCDelegate,Broken Hierarchy
quartz-1.8.3 - Replace Type,org.quartz.impl.jdbcjobstore,StdJDBCDelegate,Insufficient Modularization
quartz-1.8.3 - Replace Type,org.quartz.impl.jdbcjobstore,StdRowLockSemaphore,Unutilized Abstraction
quartz-1.8.3 - Replace Type,org.quartz.impl.jdbcjobstore,StdRowLockSemaphore,Deficient Encapsulation
quartz-1.8.3 - Replace Type,org.quartz.impl.jdbcjobstore,StdRowLockSemaphore,Broken Hierarchy
quartz-1.8.3 - Replace Type,org.quartz.impl.jdbcjobstore,TablePrefixAware,Unutilized Abstraction
quartz-1.8.3 - Replace Type,org.quartz.impl.jdbcjobstore,UpdateLockRowSemaphore,Unutilized Abstraction
quartz-1.8.3 - Replace Type,org.quartz.impl.jdbcjobstore,UpdateLockRowSemaphore,Deficient Encapsulation
quartz-1.8.3 - Replace Type,org.quartz.impl.jdbcjobstore,UpdateLockRowSemaphore,Broken Hierarchy
quartz-1.8.3 - Replace Type,org.quartz.impl.jdbcjobstore,StdJDBCDelegateTest,Unutilized Abstraction
quartz-1.8.3 - Replace Type,org.quartz.impl.jdbcjobstore,WebLogicDelegate,Unutilized Abstraction
quartz-1.8.3 - Replace Type,org.quartz.impl.jdbcjobstore,WebLogicDelegate,Broken Hierarchy
quartz-1.8.3 - Replace Type,org.quartz.jobs.ee.ejb,EJBInvokerJob,Unutilized Abstraction
quartz-1.8.3 - Replace Type,org.quartz.jobs.ee.ejb,EJBInvokerJob,Deficient Encapsulation
quartz-1.8.3 - Replace Type,org.quartz.jobs.ee.jms,JmsHelper,Deficient Encapsulation
quartz-1.8.3 - Replace Type,org.quartz.jobs.ee.jms,JmsJobException,Unutilized Abstraction
quartz-1.8.3 - Replace Type,org.quartz.jobs.ee.jms,SendDestinationMessageJob,Unutilized Abstraction
quartz-1.8.3 - Replace Type,org.quartz.jobs.ee.jms,SendQueueMessageJob,Unutilized Abstraction
quartz-1.8.3 - Replace Type,org.quartz.jobs.ee.jms,SendTopicMessageJob,Unutilized Abstraction
quartz-1.8.3 - Replace Type,org.quartz.jobs.ee.jmx,JMXInvokerJob,Imperative Abstraction
quartz-1.8.3 - Replace Type,org.quartz.jobs.ee.jmx,JMXInvokerJob,Unutilized Abstraction
quartz-1.8.3 - Replace Type,org.quartz.jobs.ee.mail,SendMailJob,Unutilized Abstraction
quartz-1.8.3 - Replace Type,org.quartz.jobs.ee.mail,SendMailJob,Deficient Encapsulation
quartz-1.8.3 - Replace Type,org.quartz.jobs,FileScanJob,Deficient Encapsulation
quartz-1.8.3 - Replace Type,org.quartz.jobs,NativeJob,Unutilized Abstraction
quartz-1.8.3 - Replace Type,org.quartz.jobs,NativeJob,Deficient Encapsulation
quartz-1.8.3 - Replace Type,org.quartz.jobs,StreamConsumer,Unutilized Abstraction
quartz-1.8.3 - Replace Type,org.quartz.jobs,NoOpJob,Unutilized Abstraction
quartz-1.8.3 - Replace Type,org.quartz.listeners,BroadcastSchedulerListener,Unutilized Abstraction
quartz-1.8.3 - Replace Type,org.quartz.listeners,FilterAndBroadcastJobListener,Unutilized Abstraction
quartz-1.8.3 - Replace Type,org.quartz.listeners,FilterAndBroadcastTriggerListener,Unutilized Abstraction
quartz-1.8.3 - Replace Type,org.quartz.listeners,JobChainingJobListener,Unutilized Abstraction
quartz-1.8.3 - Replace Type,org.quartz.listeners,JobListenerSupport,Unutilized Abstraction
quartz-1.8.3 - Replace Type,org.quartz.listeners,SchedulerListenerSupport,Unutilized Abstraction
quartz-1.8.3 - Replace Type,org.quartz.listeners,TriggerListenerSupport,Unutilized Abstraction
quartz-1.8.3 - Replace Type,org.quartz.plugins.history,LoggingJobHistoryPlugin,Unutilized Abstraction
quartz-1.8.3 - Replace Type,org.quartz.plugins.history,LoggingTriggerHistoryPlugin,Unutilized Abstraction
quartz-1.8.3 - Replace Type,org.quartz.plugins.management,ShutdownHookPlugin,Unutilized Abstraction
quartz-1.8.3 - Replace Type,org.quartz.plugins,SchedulerPluginWithUserTransactionSupport,Unutilized Abstraction
quartz-1.8.3 - Replace Type,org.quartz.plugins.xml,XMLSchedulingDataProcessorPlugin,Unutilized Abstraction
quartz-1.8.3 - Replace Type,org.quartz.plugins.xml,JobFile,Unutilized Abstraction
quartz-1.8.3 - Replace Type,org.quartz.simpl,CascadingClassLoadHelper,Unutilized Abstraction
quartz-1.8.3 - Replace Type,org.quartz.simpl,HostnameInstanceIdGenerator,Unutilized Abstraction
quartz-1.8.3 - Replace Type,org.quartz.simpl,InitThreadContextClassLoadHelper,Unutilized Abstraction
quartz-1.8.3 - Replace Type,org.quartz.simpl,InstructionDeleteTriggerRefactored,Unutilized Abstraction
quartz-1.8.3 - Replace Type,org.quartz.simpl,InstructionSetAllJobTriggersCompleteRefactored,Unutilized Abstraction
quartz-1.8.3 - Replace Type,org.quartz.simpl,InstructionSetAllJobTriggersErrorRefactored,Unutilized Abstraction
quartz-1.8.3 - Replace Type,org.quartz.simpl,InstructionSetTriggerCompleteRefactored,Unutilized Abstraction
quartz-1.8.3 - Replace Type,org.quartz.simpl,InstructionSetTriggerErrorRefactored,Unutilized Abstraction
quartz-1.8.3 - Replace Type,org.quartz.simpl,LoadingLoaderClassLoadHelper,Unutilized Abstraction
quartz-1.8.3 - Replace Type,org.quartz.simpl,PropertySettingJobFactory,Unutilized Abstraction
quartz-1.8.3 - Replace Type,org.quartz.simpl,RAMJobStore,Insufficient Modularization
quartz-1.8.3 - Replace Type,org.quartz.simpl,TriggerComparator,Unutilized Abstraction
quartz-1.8.3 - Replace Type,org.quartz.simpl,JobWrapper,Deficient Encapsulation
quartz-1.8.3 - Replace Type,org.quartz.simpl,TriggerWrapper,Deficient Encapsulation
quartz-1.8.3 - Replace Type,org.quartz.simpl,SimpleClassLoadHelper,Unutilized Abstraction
quartz-1.8.3 - Replace Type,org.quartz.simpl,SimpleInstanceIdGenerator,Unutilized Abstraction
quartz-1.8.3 - Replace Type,org.quartz.simpl,SimpleJobFactory,Unutilized Abstraction
quartz-1.8.3 - Replace Type,org.quartz.simpl,SimpleThreadPool,Insufficient Modularization
quartz-1.8.3 - Replace Type,org.quartz.simpl,WorkerThread,Unutilized Abstraction
quartz-1.8.3 - Replace Type,org.quartz.simpl,SimpleTimeBroker,Unutilized Abstraction
quartz-1.8.3 - Replace Type,org.quartz.simpl,ThreadContextClassLoadHelper,Unutilized Abstraction
quartz-1.8.3 - Replace Type,org.quartz.simpl,TriggerInstCodeRefactored,Unutilized Abstraction
quartz-1.8.3 - Replace Type,org.quartz.simpl,ZeroSizeThreadPool,Unutilized Abstraction
quartz-1.8.3 - Replace Type,org.quartz.simpl,PropertySettingJobFactoryTest,Unutilized Abstraction
quartz-1.8.3 - Replace Type,org.quartz.simpl,PropertySettingJobFactoryTest,Insufficient Modularization
quartz-1.8.3 - Replace Type,org.quartz.simpl,TestBean,Insufficient Modularization
quartz-1.8.3 - Replace Type,org.quartz.simpl,RAMJobStoreTest,Unutilized Abstraction
quartz-1.8.3 - Replace Type,org.quartz.spi,JobFactory,Cyclic-Dependent Modularization
quartz-1.8.3 - Replace Type,org.quartz.spi,JobStore,Insufficient Modularization
quartz-1.8.3 - Replace Type,org.quartz.spi,SchedulerSignaler,Cyclic-Dependent Modularization
quartz-1.8.3 - Replace Type,org.quartz.spi,TimeBroker,Unutilized Abstraction
quartz-1.8.3 - Replace Type,org.quartz.spi,TriggerFiredBundle,Cyclic-Dependent Modularization
quartz-1.8.3 - Replace Type,org.quartz.utils,DBConnectionManager,Deficient Encapsulation
quartz-1.8.3 - Replace Type,org.quartz.utils,DirtyFlagMap,Insufficient Modularization
quartz-1.8.3 - Replace Type,org.quartz.utils,DirtyFlagCollection,Unutilized Abstraction
quartz-1.8.3 - Replace Type,org.quartz.utils,DirtyFlagSet,Unutilized Abstraction
quartz-1.8.3 - Replace Type,org.quartz.utils,DirtyFlagSet,Broken Hierarchy
quartz-1.8.3 - Replace Type,org.quartz.utils,DirtyFlagIterator,Unutilized Abstraction
quartz-1.8.3 - Replace Type,org.quartz.utils,DirtyFlagMapEntrySet,Unutilized Abstraction
quartz-1.8.3 - Replace Type,org.quartz.utils,DirtyFlagMapEntrySet,Broken Hierarchy
quartz-1.8.3 - Replace Type,org.quartz.utils,DirtyFlagMapEntryIterator,Unutilized Abstraction
quartz-1.8.3 - Replace Type,org.quartz.utils,DirtyFlagMapEntry,Unutilized Abstraction
quartz-1.8.3 - Replace Type,org.quartz.utils,Key,Broken Hierarchy
quartz-1.8.3 - Replace Type,org.quartz.utils,PoolingConnectionProvider,Deficient Encapsulation
quartz-1.8.3 - Replace Type,org.quartz.utils,PropertiesParser,Insufficient Modularization
quartz-1.8.3 - Replace Type,org.quartz.utils,StringKeyDirtyFlagMap,Unutilized Abstraction
quartz-1.8.3 - Replace Type,org.quartz.utils,StringKeyDirtyFlagMap,Insufficient Modularization
quartz-1.8.3 - Replace Type,org.quartz.utils,TriggerStatus,Broken Hierarchy
quartz-1.8.3 - Replace Type,org.quartz.utils,UpdateChecker,Unutilized Abstraction
quartz-1.8.3 - Replace Type,org.quartz.utils,DirtyFlagMapTest,Unutilized Abstraction
quartz-1.8.3 - Replace Type,org.quartz.utils,PairTest,Unutilized Abstraction
quartz-1.8.3 - Replace Type,org.quartz.utils,PropertiesParserTest,Unutilized Abstraction
quartz-1.8.3 - Replace Type,org.quartz.utils.counter,CounterImpl,Unutilized Abstraction
quartz-1.8.3 - Replace Type,org.quartz.utils.counter,CounterManagerImpl,Unutilized Abstraction
quartz-1.8.3 - Replace Type,org.quartz.utils.counter.sampled,SampledRateCounter,Unutilized Abstraction
quartz-1.8.3 - Replace Type,org.quartz.utils.counter.sampled,SampledRateCounter,Broken Hierarchy
quartz-1.8.3 - Replace Type,org.quartz.utils.counter.sampled,SampledRateCounterConfig,Cyclic-Dependent Modularization
quartz-1.8.3 - Replace Type,org.quartz.utils.counter.sampled,SampledRateCounterImpl,Cyclic-Dependent Modularization
quartz-1.8.3 - Replace Type,org.quartz.xml,ValidationException,Unutilized Abstraction
quartz-1.8.3 - Replace Type,org.quartz.xml,XMLSchedulingDataProcessor,Deficient Encapsulation
quartz-1.8.3 - Replace Type,org.quartz.xml,XMLSchedulingDataProcessor,Insufficient Modularization
quartz-1.8.3 - Replace Type,org.quartz.ee.jmx.jboss,JBoss4RMIRemoteMBeanScheduler,Unutilized Abstraction
quartz-1.8.3 - Replace Type,org.quartz.ee.jmx.jboss,QuartzService,Unutilized Abstraction
quartz-1.8.3 - Replace Type,org.quartz.ee.jmx.jboss,QuartzServiceMBean,Unutilized Abstraction
quartz-1.8.3 - Replace Type,org.quartz.impl.jdbcjobstore.oracle,OracleDelegate,Unutilized Abstraction
quartz-1.8.3 - Replace Type,org.quartz.impl.jdbcjobstore.oracle,OracleDelegate,Deficient Encapsulation
quartz-1.8.3 - Replace Type,org.quartz.impl.jdbcjobstore.oracle.weblogic,WebLogicOracleDelegate,Unutilized Abstraction
quartz-1.8.3 - Replace Type,org.quartz.utils.weblogic,WeblogicConnectionProvider,Unutilized Abstraction
