Project Name,Package Name,Type Name,Code Smell
commons-logging,org.apache.commons.logging.impl,AvalonLogger,Unutilized Abstraction
commons-logging,org.apache.commons.logging.impl,AvalonLogger,Insufficient Modularization
commons-logging,org.apache.commons.logging.impl,Jdk13LumberjackLogger,Unutilized Abstraction
commons-logging,org.apache.commons.logging.impl,Jdk13LumberjackLogger,Insufficient Modularization
commons-logging,org.apache.commons.logging.impl,Jdk14Logger,Unutilized Abstraction
commons-logging,org.apache.commons.logging.impl,Jdk14Logger,Insufficient Modularization
commons-logging,org.apache.commons.logging.impl,Log4JLogger,Unutilized Abstraction
commons-logging,org.apache.commons.logging.impl,Log4JLogger,Insufficient Modularization
commons-logging,org.apache.commons.logging.impl,LogFactoryImpl,Deficient Encapsulation
commons-logging,org.apache.commons.logging.impl,LogFactoryImpl,Insufficient Modularization
commons-logging,org.apache.commons.logging.impl,LogKitLogger,Unutilized Abstraction
commons-logging,org.apache.commons.logging.impl,LogKitLogger,Insufficient Modularization
commons-logging,org.apache.commons.logging.impl,NoOpLog,Unutilized Abstraction
commons-logging,org.apache.commons.logging.impl,NoOpLog,Insufficient Modularization
commons-logging,org.apache.commons.logging.impl,SimpleLog,Deficient Encapsulation
commons-logging,org.apache.commons.logging.impl,SimpleLog,Insufficient Modularization
commons-logging,org.apache.commons.logging.impl,WeakHashtable,Insufficient Modularization
commons-logging,org.apache.commons.logging.impl,WeakHashtableTestCase,Unutilized Abstraction
commons-logging,org.apache.commons.logging.impl,StupidThread,Unutilized Abstraction
commons-logging,org.apache.commons.logging,LogFactory,Deficient Encapsulation
commons-logging,org.apache.commons.logging,LogFactory,Insufficient Modularization
commons-logging,org.apache.commons.logging,AbstractLogTest,Unutilized Abstraction
commons-logging,org.apache.commons.logging,AltHashtable,Deficient Encapsulation
commons-logging,org.apache.commons.logging,DummyException,Unutilized Abstraction
commons-logging,org.apache.commons.logging,LogTestCase,Unutilized Abstraction
commons-logging,org.apache.commons.logging,NullClassLoaderTestCase,Unutilized Abstraction
commons-logging,org.apache.commons.logging,SimpleLogTestCase,Unutilized Abstraction
commons-logging,org.apache.commons.logging,UserClass,Unutilized Abstraction
commons-logging,org.apache.commons.logging.config,FirstPriorityConfigTestCase,Unutilized Abstraction
commons-logging,org.apache.commons.logging.config,PriorityConfigTestCase,Unutilized Abstraction
commons-logging,org.apache.commons.logging.jdk14,CustomConfigAPITestCase,Unutilized Abstraction
commons-logging,org.apache.commons.logging.jdk14,CustomConfigFullTestCase,Unutilized Abstraction
commons-logging,org.apache.commons.logging.jdk14,CustomConfigTestCase,Unutilized Abstraction
commons-logging,org.apache.commons.logging.jdk14,DefaultConfigTestCase,Unutilized Abstraction
commons-logging,org.apache.commons.logging.log4j.log4j12,ApiClasspathStandardTestCase,Unutilized Abstraction
commons-logging,org.apache.commons.logging.log4j.log4j12,AppClasspathStandardTestCase,Unutilized Abstraction
commons-logging,org.apache.commons.logging.log4j.log4j12,ChildClasspathStandardTestCase,Unutilized Abstraction
commons-logging,org.apache.commons.logging.log4j.log4j12,Log4j12StandardTests,Unutilized Abstraction
commons-logging,org.apache.commons.logging.log4j.log4j12,ParentClasspathStandardTestCase,Unutilized Abstraction
commons-logging,org.apache.commons.logging.log4j,StandardTests,Deficient Encapsulation
commons-logging,org.apache.commons.logging.log4j,LogEvent,Unnecessary Abstraction
commons-logging,org.apache.commons.logging.log4j,LogEvent,Deficient Encapsulation
commons-logging,org.apache.commons.logging.logkit,StandardTestCase,Unutilized Abstraction
commons-logging,org.apache.commons.logging.noop,NoOpLogTestCase,Unutilized Abstraction
commons-logging,org.apache.commons.logging.security,SecurityAllowedTestCase,Unutilized Abstraction
commons-logging,org.apache.commons.logging.security,CustomHashtable,Unnecessary Abstraction
commons-logging,org.apache.commons.logging.security,CustomHashtable,Unutilized Abstraction
commons-logging,org.apache.commons.logging.security,SecurityForbiddenTestCase,Unutilized Abstraction
commons-logging,org.apache.commons.logging.security,CustomHashtable,Unnecessary Abstraction
commons-logging,org.apache.commons.logging.security,CustomHashtable,Unutilized Abstraction
commons-logging,org.apache.commons.logging.servlet,BasicServletTestCase,Unutilized Abstraction
commons-logging,org.apache.commons.logging.simple,CustomConfigTestCase,Unutilized Abstraction
commons-logging,org.apache.commons.logging.simple,DateTimeCustomConfigTestCase,Unutilized Abstraction
commons-logging,org.apache.commons.logging.simple,DecoratedSimpleLog,Unutilized Abstraction
commons-logging,org.apache.commons.logging.simple,DefaultConfigTestCase,Unutilized Abstraction
commons-logging,org.apache.commons.logging.simple,LogRecord,Deficient Encapsulation
commons-logging,org.apache.commons.logging.tccl.custom,MyLog,Unutilized Abstraction
commons-logging,org.apache.commons.logging.tccl.custom,MyLogFactoryImpl,Unutilized Abstraction
commons-logging,org.apache.commons.logging.tccl.log,TcclDisabledTestCase,Unutilized Abstraction
commons-logging,org.apache.commons.logging.tccl.log,TcclDisabledTestCase,Deficient Encapsulation
commons-logging,org.apache.commons.logging.tccl.log,TcclEnabledTestCase,Unutilized Abstraction
commons-logging,org.apache.commons.logging.tccl.log,TcclEnabledTestCase,Deficient Encapsulation
commons-logging,org.apache.commons.logging.tccl.logfactory,TcclDisabledTestCase,Unutilized Abstraction
commons-logging,org.apache.commons.logging.tccl.logfactory,TcclDisabledTestCase,Deficient Encapsulation
commons-logging,org.apache.commons.logging.tccl.logfactory,TcclEnabledTestCase,Unutilized Abstraction
