Project Name,Package Name,Type Name,Method Name,Code Smell
commons-logging,org.apache.commons.logging.impl,Jdk13LumberjackLogger,getClassAndMethod,Empty catch clause
commons-logging,org.apache.commons.logging.impl,Jdk13LumberjackLogger,getClassAndMethod,Magic Number
commons-logging,org.apache.commons.logging.impl,Jdk14Logger,log,Magic Number
commons-logging,org.apache.commons.logging.impl,Jdk14Logger,log,Magic Number
commons-logging,org.apache.commons.logging.impl,LogFactoryImpl,getConfigurationValue,Complex Method
commons-logging,org.apache.commons.logging.impl,LogFactoryImpl,initConfiguration,Long Identifier
commons-logging,org.apache.commons.logging.impl,LogFactoryImpl,discoverLogImplementation,Complex Method
commons-logging,org.apache.commons.logging.impl,LogFactoryImpl,discoverLogImplementation,Long Identifier
commons-logging,org.apache.commons.logging.impl,LogFactoryImpl,discoverLogImplementation,Long Statement
commons-logging,org.apache.commons.logging.impl,LogFactoryImpl,informUponSimilarName,Magic Number
commons-logging,org.apache.commons.logging.impl,LogFactoryImpl,findUserSpecifiedLogClassName,Complex Method
commons-logging,org.apache.commons.logging.impl,LogFactoryImpl,createLogFromClass,Complex Method
commons-logging,org.apache.commons.logging.impl,LogFactoryImpl,createLogFromClass,Long Statement
commons-logging,org.apache.commons.logging.impl,LogFactoryImpl,createLogFromClass,Long Statement
commons-logging,org.apache.commons.logging.impl,LogFactoryImpl,createLogFromClass,Long Statement
commons-logging,org.apache.commons.logging.impl,LogFactoryImpl,createLogFromClass,Long Statement
commons-logging,org.apache.commons.logging.impl,LogFactoryImpl,createLogFromClass,Long Statement
commons-logging,org.apache.commons.logging.impl,LogFactoryImpl,createLogFromClass,Long Statement
commons-logging,org.apache.commons.logging.impl,LogFactoryImpl,getBaseClassLoader,Complex Method
commons-logging,org.apache.commons.logging.impl,LogFactoryImpl,getBaseClassLoader,Long Statement
commons-logging,org.apache.commons.logging.impl,LogFactoryImpl,getBaseClassLoader,Long Statement
commons-logging,org.apache.commons.logging.impl,LogFactoryImpl,getBaseClassLoader,Long Statement
commons-logging,org.apache.commons.logging.impl,LogFactoryImpl,getBaseClassLoader,Long Statement
commons-logging,org.apache.commons.logging.impl,LogFactoryImpl,handleFlawedDiscovery,Long Statement
commons-logging,org.apache.commons.logging.impl,LogFactoryImpl,handleFlawedHierarchy,Complex Method
commons-logging,org.apache.commons.logging.impl,LogFactoryImpl,handleFlawedHierarchy,Long Statement
commons-logging,org.apache.commons.logging.impl,SimpleLog,getStringProperty,Empty catch clause
commons-logging,org.apache.commons.logging.impl,SimpleLog,SimpleLog,Complex Method
commons-logging,org.apache.commons.logging.impl,SimpleLog,log,Complex Method
commons-logging,org.apache.commons.logging.impl,SimpleLog,log,Magic Number
commons-logging,org.apache.commons.logging.impl,SimpleLog,getContextClassLoader,Empty catch clause
commons-logging,org.apache.commons.logging.impl,SimpleLog,getContextClassLoader,Empty catch clause
commons-logging,org.apache.commons.logging.impl,WeakHashtable,equals,Long Statement
commons-logging,org.apache.commons.logging.impl,Entry,equals,Long Statement
commons-logging,org.apache.commons.logging.impl,WeakHashtableTestCase,setUp,Magic Number
commons-logging,org.apache.commons.logging.impl,WeakHashtableTestCase,setUp,Magic Number
commons-logging,org.apache.commons.logging.impl,WeakHashtableTestCase,setUp,Magic Number
commons-logging,org.apache.commons.logging.impl,WeakHashtableTestCase,setUp,Magic Number
commons-logging,org.apache.commons.logging.impl,WeakHashtableTestCase,setUp,Magic Number
commons-logging,org.apache.commons.logging.impl,WeakHashtableTestCase,testContains,Magic Number
commons-logging,org.apache.commons.logging.impl,WeakHashtableTestCase,testContains,Magic Number
commons-logging,org.apache.commons.logging.impl,WeakHashtableTestCase,testContains,Magic Number
commons-logging,org.apache.commons.logging.impl,WeakHashtableTestCase,testContains,Magic Number
commons-logging,org.apache.commons.logging.impl,WeakHashtableTestCase,testContains,Magic Number
commons-logging,org.apache.commons.logging.impl,WeakHashtableTestCase,testContains,Magic Number
commons-logging,org.apache.commons.logging.impl,WeakHashtableTestCase,testContainsKey,Magic Number
commons-logging,org.apache.commons.logging.impl,WeakHashtableTestCase,testContainsKey,Magic Number
commons-logging,org.apache.commons.logging.impl,WeakHashtableTestCase,testContainsKey,Magic Number
commons-logging,org.apache.commons.logging.impl,WeakHashtableTestCase,testContainsKey,Magic Number
commons-logging,org.apache.commons.logging.impl,WeakHashtableTestCase,testContainsKey,Magic Number
commons-logging,org.apache.commons.logging.impl,WeakHashtableTestCase,testContainsKey,Magic Number
commons-logging,org.apache.commons.logging.impl,WeakHashtableTestCase,testContainsValue,Magic Number
commons-logging,org.apache.commons.logging.impl,WeakHashtableTestCase,testContainsValue,Magic Number
commons-logging,org.apache.commons.logging.impl,WeakHashtableTestCase,testContainsValue,Magic Number
commons-logging,org.apache.commons.logging.impl,WeakHashtableTestCase,testContainsValue,Magic Number
commons-logging,org.apache.commons.logging.impl,WeakHashtableTestCase,testContainsValue,Magic Number
commons-logging,org.apache.commons.logging.impl,WeakHashtableTestCase,testContainsValue,Magic Number
commons-logging,org.apache.commons.logging.impl,WeakHashtableTestCase,testElements,Magic Number
commons-logging,org.apache.commons.logging.impl,WeakHashtableTestCase,testGet,Magic Number
commons-logging,org.apache.commons.logging.impl,WeakHashtableTestCase,testKeys,Magic Number
commons-logging,org.apache.commons.logging.impl,WeakHashtableTestCase,testKeySet,Magic Number
commons-logging,org.apache.commons.logging.impl,WeakHashtableTestCase,testPut,Magic Number
commons-logging,org.apache.commons.logging.impl,WeakHashtableTestCase,testPut,Magic Number
commons-logging,org.apache.commons.logging.impl,WeakHashtableTestCase,testPut,Magic Number
commons-logging,org.apache.commons.logging.impl,WeakHashtableTestCase,testPutAll,Magic Number
commons-logging,org.apache.commons.logging.impl,WeakHashtableTestCase,testPutAll,Magic Number
commons-logging,org.apache.commons.logging.impl,WeakHashtableTestCase,testPutAll,Magic Number
commons-logging,org.apache.commons.logging.impl,WeakHashtableTestCase,testPutAll,Magic Number
commons-logging,org.apache.commons.logging.impl,WeakHashtableTestCase,testPutAll,Magic Number
commons-logging,org.apache.commons.logging.impl,WeakHashtableTestCase,testRemove,Magic Number
commons-logging,org.apache.commons.logging.impl,WeakHashtableTestCase,testValues,Magic Number
commons-logging,org.apache.commons.logging.impl,WeakHashtableTestCase,xxxIgnoretestRelease,Magic Number
commons-logging,org.apache.commons.logging.impl,WeakHashtableTestCase,xxxIgnoretestRelease,Magic Number
commons-logging,org.apache.commons.logging.impl,WeakHashtableTestCase,run,Magic Number
commons-logging,org.apache.commons.logging.impl,WeakHashtableTestCase,run,Magic Number
commons-logging,org.apache.commons.logging.impl,WeakHashtableTestCase,testLOGGING_119,Complex Method
commons-logging,org.apache.commons.logging.impl,StupidThread,run,Magic Number
commons-logging,org.apache.commons.logging.impl,StupidThread,run,Magic Number
commons-logging,org.apache.commons.logging,LogFactory,createFactoryStore,Long Identifier
commons-logging,org.apache.commons.logging,LogFactory,getFactory,Complex Method
commons-logging,org.apache.commons.logging,LogFactory,getFactory,Long Method
commons-logging,org.apache.commons.logging,LogFactory,getFactory,Long Statement
commons-logging,org.apache.commons.logging,LogFactory,getFactory,Long Statement
commons-logging,org.apache.commons.logging,LogFactory,getFactory,Long Statement
commons-logging,org.apache.commons.logging,LogFactory,getFactory,Long Statement
commons-logging,org.apache.commons.logging,LogFactory,getFactory,Long Statement
commons-logging,org.apache.commons.logging,LogFactory,getFactory,Long Statement
commons-logging,org.apache.commons.logging,LogFactory,getFactory,Long Statement
commons-logging,org.apache.commons.logging,LogFactory,getFactory,Long Statement
commons-logging,org.apache.commons.logging,LogFactory,getFactory,Long Statement
commons-logging,org.apache.commons.logging,LogFactory,getFactory,Long Statement
commons-logging,org.apache.commons.logging,LogFactory,directGetContextClassLoader,Empty catch clause
commons-logging,org.apache.commons.logging,LogFactory,createFactory,Complex Method
commons-logging,org.apache.commons.logging,LogFactory,createFactory,Long Statement
commons-logging,org.apache.commons.logging,LogFactory,createFactory,Long Statement
commons-logging,org.apache.commons.logging,LogFactory,createFactory,Long Statement
commons-logging,org.apache.commons.logging,LogFactory,createFactory,Long Statement
commons-logging,org.apache.commons.logging,LogFactory,implementsLogFactory,Long Statement
commons-logging,org.apache.commons.logging,LogFactory,implementsLogFactory,Long Statement
commons-logging,org.apache.commons.logging,LogFactory,implementsLogFactory,Long Statement
commons-logging,org.apache.commons.logging,LogFactory,implementsLogFactory,Long Statement
commons-logging,org.apache.commons.logging,LogFactory,getConfigurationFile,Complex Method
commons-logging,org.apache.commons.logging,LogFactory,getConfigurationFile,Long Statement
commons-logging,org.apache.commons.logging,LogFactory,getConfigurationFile,Long Statement
commons-logging,org.apache.commons.logging,LoadTestCase,testInContainer,Empty catch clause
commons-logging,org.apache.commons.logging,LoadTestCase,testInContainer,Empty catch clause
commons-logging,org.apache.commons.logging,LoadTestCase,testInContainer,Long Statement
commons-logging,org.apache.commons.logging,PathableClassLoader,loadClass,Complex Method
commons-logging,org.apache.commons.logging.jdk14,CustomConfigTestCase,readClass,Magic Number
commons-logging,org.apache.commons.logging.jdk14,CustomConfigTestCase,loadTestHandler,Empty catch clause
commons-logging,org.apache.commons.logging.jdk14,CustomConfigTestCase,loadTestHandler,Magic Number
commons-logging,org.apache.commons.logging.jdk14,CustomConfigTestCase,loadTestHandler,Magic Number
commons-logging,org.apache.commons.logging.jdk14,CustomConfigTestCase,loadTestHandler,Magic Number
commons-logging,org.apache.commons.logging.log4j,StandardTests,checkLoggingEvents,Magic Number
commons-logging,org.apache.commons.logging.log4j,StandardTests,checkLoggingEvents,Magic Number
commons-logging,org.apache.commons.logging.log4j,StandardTests,checkLoggingEvents,Magic Number
commons-logging,org.apache.commons.logging.pathable,ChildFirstTestCase,testPaths,Empty catch clause
commons-logging,org.apache.commons.logging.pathable,ChildFirstTestCase,testPaths,Long Statement
commons-logging,org.apache.commons.logging.pathable,ChildFirstTestCase,testPaths,Long Statement
commons-logging,org.apache.commons.logging.pathable,ChildFirstTestCase,testPaths,Long Statement
commons-logging,org.apache.commons.logging.pathable,ChildFirstTestCase,testResources,Magic Number
commons-logging,org.apache.commons.logging.pathable,ChildFirstTestCase,testResources,Magic Number
commons-logging,org.apache.commons.logging.pathable,GeneralTestCase,checkAndSetContext,Long Statement
commons-logging,org.apache.commons.logging.pathable,ParentFirstTestCase,testPaths,Empty catch clause
commons-logging,org.apache.commons.logging.pathable,ParentFirstTestCase,testPaths,Long Statement
commons-logging,org.apache.commons.logging.pathable,ParentFirstTestCase,testPaths,Long Statement
commons-logging,org.apache.commons.logging.pathable,ParentFirstTestCase,testPaths,Long Statement
commons-logging,org.apache.commons.logging.pathable,ParentFirstTestCase,testResources,Magic Number
commons-logging,org.apache.commons.logging.pathable,ParentFirstTestCase,testResources,Magic Number
commons-logging,org.apache.commons.logging.security,MockSecurityManager,checkPermission,Complex Conditional
commons-logging,org.apache.commons.logging.security,MockSecurityManager,checkPermission,Complex Method
commons-logging,org.apache.commons.logging.security,MockSecurityManager,checkPermission,Long Statement
commons-logging,org.apache.commons.logging.tccl.log,TcclDisabledTestCase,testLoader,Empty catch clause
commons-logging,org.apache.commons.logging.tccl.log,TcclDisabledTestCase,testTcclLoading,Long Statement
commons-logging,org.apache.commons.logging.tccl.log,TcclEnabledTestCase,testLoader,Empty catch clause
commons-logging,org.apache.commons.logging.tccl.log,TcclEnabledTestCase,testTcclLoading,Long Statement
commons-logging,org.apache.commons.logging.tccl.logfactory,TcclDisabledTestCase,testLoader,Empty catch clause
commons-logging,org.apache.commons.logging.tccl.logfactory,TcclEnabledTestCase,testLoader,Empty catch clause
commons-logging,org.apache.commons.logging.tccl.logfactory,TcclEnabledTestCase,testTcclLoading,Long Statement
