Project Name,Package Name,Type Name,Code Smell
commons-io,org.apache.commons.io,ByteOrderMark,Deficient Encapsulation
commons-io,org.apache.commons.io,Charsets,Deficient Encapsulation
commons-io,org.apache.commons.io,EndianUtils,Insufficient Modularization
commons-io,org.apache.commons.io,Reaper,Unutilized Abstraction
commons-io,org.apache.commons.io,FileDeleteStrategy,Deficient Encapsulation
commons-io,org.apache.commons.io,ForceFileDeleteStrategy,Unutilized Abstraction
commons-io,org.apache.commons.io,FileExistsException,Unutilized Abstraction
commons-io,org.apache.commons.io,FilenameUtils,Deficient Encapsulation
commons-io,org.apache.commons.io,FilenameUtils,Insufficient Modularization
commons-io,org.apache.commons.io,FileUtils,Deficient Encapsulation
commons-io,org.apache.commons.io,FileUtils,Insufficient Modularization
commons-io,org.apache.commons.io,HexDump,Deficient Encapsulation
commons-io,org.apache.commons.io,IOExceptionWithCause,Unutilized Abstraction
commons-io,org.apache.commons.io,IOUtils,Deficient Encapsulation
commons-io,org.apache.commons.io,IOUtils,Insufficient Modularization
commons-io,org.apache.commons.io,TaggedIOException,Unutilized Abstraction
commons-io,org.apache.commons.io,TaggedIOException,Broken Hierarchy
commons-io,org.apache.commons.io,ByteOrderMarkTestCase,Unutilized Abstraction
commons-io,org.apache.commons.io,ByteOrderParserTest,Unutilized Abstraction
commons-io,org.apache.commons.io,CharsetsTestCase,Unutilized Abstraction
commons-io,org.apache.commons.io,CopyUtilsTest,Unutilized Abstraction
commons-io,org.apache.commons.io,DemuxTestCase,Unutilized Abstraction
commons-io,org.apache.commons.io,DirectoryWalkerTestCase,Unutilized Abstraction
commons-io,org.apache.commons.io,DirectoryWalkerTestCase,Deficient Encapsulation
commons-io,org.apache.commons.io,DirectoryWalkerTestCase,Insufficient Modularization
commons-io,org.apache.commons.io,TestFileFinder,Unutilized Abstraction
commons-io,org.apache.commons.io,TestFalseFileFinder,Unutilized Abstraction
commons-io,org.apache.commons.io,TestCancelWalker,Unutilized Abstraction
commons-io,org.apache.commons.io,TestMultiThreadCancelWalker,Deficient Encapsulation
commons-io,org.apache.commons.io,TestFileFinderString,Unutilized Abstraction
commons-io,org.apache.commons.io,DirectoryWalkerTestCaseJava4,Unutilized Abstraction
commons-io,org.apache.commons.io,DirectoryWalkerTestCaseJava4,Deficient Encapsulation
commons-io,org.apache.commons.io,DirectoryWalkerTestCaseJava4,Insufficient Modularization
commons-io,org.apache.commons.io,TestFileFinder,Unutilized Abstraction
commons-io,org.apache.commons.io,TestFalseFileFinder,Unutilized Abstraction
commons-io,org.apache.commons.io,TestCancelWalker,Unutilized Abstraction
commons-io,org.apache.commons.io,TestMultiThreadCancelWalker,Unutilized Abstraction
commons-io,org.apache.commons.io,TestMultiThreadCancelWalker,Deficient Encapsulation
commons-io,org.apache.commons.io,EndianUtilsTest,Unutilized Abstraction
commons-io,org.apache.commons.io,EndianUtilsTest,Insufficient Modularization
commons-io,org.apache.commons.io,FileCleanerTestCase,Unutilized Abstraction
commons-io,org.apache.commons.io,FileCleaningTrackerTestCase,Unutilized Abstraction
commons-io,org.apache.commons.io,FileCleaningTrackerTestCase,Deficient Encapsulation
commons-io,org.apache.commons.io,FileDeleteStrategyTestCase,Unutilized Abstraction
commons-io,org.apache.commons.io,FileDeleteStrategyTestCase,Deficient Encapsulation
commons-io,org.apache.commons.io,FilenameUtilsTestCase,Multifaceted Abstraction
commons-io,org.apache.commons.io,FilenameUtilsTestCase,Unutilized Abstraction
commons-io,org.apache.commons.io,FilenameUtilsTestCase,Deficient Encapsulation
commons-io,org.apache.commons.io,FilenameUtilsTestCase,Insufficient Modularization
commons-io,org.apache.commons.io,FilenameUtilsWildcardTestCase,Unutilized Abstraction
commons-io,org.apache.commons.io,FileSystemTestCase,Unutilized Abstraction
commons-io,org.apache.commons.io,FileSystemUtilsTestCase,Unutilized Abstraction
commons-io,org.apache.commons.io,FileSystemUtilsTestCase,Insufficient Modularization
commons-io,org.apache.commons.io,MockFileSystemUtils,Unutilized Abstraction
commons-io,org.apache.commons.io,MockFileSystemUtils,Broken Hierarchy
commons-io,org.apache.commons.io,FileUtilsCleanDirectoryTestCase,Unutilized Abstraction
commons-io,org.apache.commons.io,FileUtilsCleanDirectoryTestCase,Deficient Encapsulation
commons-io,org.apache.commons.io,FileUtilsCleanSymlinksTestCase,Unutilized Abstraction
commons-io,org.apache.commons.io,FileUtilsCleanSymlinksTestCase,Deficient Encapsulation
commons-io,org.apache.commons.io,FileUtilsCopyToFileTestCase,Unutilized Abstraction
commons-io,org.apache.commons.io,FileUtilsCopyToFileTestCase,Deficient Encapsulation
commons-io,org.apache.commons.io,CheckingInputStream,Unutilized Abstraction
commons-io,org.apache.commons.io,FileUtilsDirectoryContainsTestCase,Unutilized Abstraction
commons-io,org.apache.commons.io,FileUtilsDirectoryContainsTestCase,Deficient Encapsulation
commons-io,org.apache.commons.io,FileUtilsFileNewerTestCase,Unutilized Abstraction
commons-io,org.apache.commons.io,FileUtilsFileNewerTestCase,Deficient Encapsulation
commons-io,org.apache.commons.io,FileUtilsListFilesTestCase,Unutilized Abstraction
commons-io,org.apache.commons.io,FileUtilsListFilesTestCase,Deficient Encapsulation
commons-io,org.apache.commons.io,FileUtilsTestCase,Unutilized Abstraction
commons-io,org.apache.commons.io,FileUtilsTestCase,Deficient Encapsulation
commons-io,org.apache.commons.io,FileUtilsTestCase,Insufficient Modularization
commons-io,org.apache.commons.io,ShorterFile,Unutilized Abstraction
commons-io,org.apache.commons.io,FileUtilsWaitForTestCase,Unutilized Abstraction
commons-io,org.apache.commons.io,HexDumpTest,Imperative Abstraction
commons-io,org.apache.commons.io,HexDumpTest,Unutilized Abstraction
commons-io,org.apache.commons.io,IOCaseTestCase,Unutilized Abstraction
commons-io,org.apache.commons.io,IOExceptionWithCauseTestCase,Unutilized Abstraction
commons-io,org.apache.commons.io,IOUtilsCopyTestCase,Unutilized Abstraction
commons-io,org.apache.commons.io,IOUtilsCopyTestCase,Insufficient Modularization
commons-io,org.apache.commons.io,IOUtilsTestCase,Unutilized Abstraction
commons-io,org.apache.commons.io,IOUtilsTestCase,Deficient Encapsulation
commons-io,org.apache.commons.io,IOUtilsTestCase,Insufficient Modularization
commons-io,org.apache.commons.io,IOUtilsWriteTestCase,Unutilized Abstraction
commons-io,org.apache.commons.io,IOUtilsWriteTestCase,Insufficient Modularization
commons-io,org.apache.commons.io,LineIteratorTestCase,Unutilized Abstraction
commons-io,org.apache.commons.io,LineIteratorTestCase,Deficient Encapsulation
commons-io,org.apache.commons.io,SelectorAdapter,Unutilized Abstraction
commons-io,org.apache.commons.io,TaggedIOExceptionTest,Unutilized Abstraction
commons-io,org.apache.commons.io,ThreadMonitorTestCase,Unutilized Abstraction
commons-io,org.apache.commons.io.comparator,CompositeFileComparator,Unutilized Abstraction
commons-io,org.apache.commons.io.comparator,DefaultFileComparator,Deficient Encapsulation
commons-io,org.apache.commons.io.comparator,DefaultFileComparator,Broken Hierarchy
commons-io,org.apache.commons.io.comparator,DirectoryFileComparator,Deficient Encapsulation
commons-io,org.apache.commons.io.comparator,DirectoryFileComparator,Broken Hierarchy
commons-io,org.apache.commons.io.comparator,ExtensionFileComparator,Deficient Encapsulation
commons-io,org.apache.commons.io.comparator,LastModifiedFileComparator,Deficient Encapsulation
commons-io,org.apache.commons.io.comparator,LastModifiedFileComparator,Broken Hierarchy
commons-io,org.apache.commons.io.comparator,NameFileComparator,Deficient Encapsulation
commons-io,org.apache.commons.io.comparator,PathFileComparator,Deficient Encapsulation
commons-io,org.apache.commons.io.comparator,ReverseComparator,Unutilized Abstraction
commons-io,org.apache.commons.io.comparator,SizeFileComparator,Deficient Encapsulation
commons-io,org.apache.commons.io.comparator,ComparatorAbstractTestCase,Unutilized Abstraction
commons-io,org.apache.commons.io.comparator,ComparatorAbstractTestCase,Deficient Encapsulation
commons-io,org.apache.commons.io.comparator,CompositeFileComparatorTest,Unutilized Abstraction
commons-io,org.apache.commons.io.comparator,CompositeFileComparatorTest,Broken Hierarchy
commons-io,org.apache.commons.io.comparator,DefaultFileComparatorTest,Unutilized Abstraction
commons-io,org.apache.commons.io.comparator,DefaultFileComparatorTest,Broken Hierarchy
commons-io,org.apache.commons.io.comparator,DirectoryFileComparatorTest,Unutilized Abstraction
commons-io,org.apache.commons.io.comparator,ExtensionFileComparatorTest,Unutilized Abstraction
commons-io,org.apache.commons.io.comparator,ExtensionFileComparatorTest,Broken Hierarchy
commons-io,org.apache.commons.io.comparator,LastModifiedFileComparatorTest,Unutilized Abstraction
commons-io,org.apache.commons.io.comparator,LastModifiedFileComparatorTest,Broken Hierarchy
commons-io,org.apache.commons.io.comparator,NameFileComparatorTest,Unutilized Abstraction
commons-io,org.apache.commons.io.comparator,NameFileComparatorTest,Broken Hierarchy
commons-io,org.apache.commons.io.comparator,PathFileComparatorTest,Unutilized Abstraction
commons-io,org.apache.commons.io.comparator,PathFileComparatorTest,Broken Hierarchy
commons-io,org.apache.commons.io.comparator,SizeFileComparatorTest,Unutilized Abstraction
commons-io,org.apache.commons.io.comparator,SizeFileComparatorTest,Broken Hierarchy
commons-io,org.apache.commons.io.filefilter,AbstractFileFilter,Unutilized Abstraction
commons-io,org.apache.commons.io.filefilter,AbstractFileFilter,Wide Hierarchy
commons-io,org.apache.commons.io.filefilter,AgeFileFilter,Unutilized Abstraction
commons-io,org.apache.commons.io.filefilter,CanExecuteFileFilter,Unutilized Abstraction
commons-io,org.apache.commons.io.filefilter,CanExecuteFileFilter,Deficient Encapsulation
commons-io,org.apache.commons.io.filefilter,CanReadFileFilter,Unutilized Abstraction
commons-io,org.apache.commons.io.filefilter,CanReadFileFilter,Deficient Encapsulation
commons-io,org.apache.commons.io.filefilter,CanWriteFileFilter,Unutilized Abstraction
commons-io,org.apache.commons.io.filefilter,CanWriteFileFilter,Deficient Encapsulation
commons-io,org.apache.commons.io.filefilter,DelegateFileFilter,Unutilized Abstraction
commons-io,org.apache.commons.io.filefilter,DirectoryFileFilter,Unutilized Abstraction
commons-io,org.apache.commons.io.filefilter,DirectoryFileFilter,Deficient Encapsulation
commons-io,org.apache.commons.io.filefilter,EmptyFileFilter,Unutilized Abstraction
commons-io,org.apache.commons.io.filefilter,EmptyFileFilter,Deficient Encapsulation
commons-io,org.apache.commons.io.filefilter,FalseFileFilter,Deficient Encapsulation
commons-io,org.apache.commons.io.filefilter,FileFileFilter,Unutilized Abstraction
commons-io,org.apache.commons.io.filefilter,FileFileFilter,Deficient Encapsulation
commons-io,org.apache.commons.io.filefilter,FileFilterUtils,Insufficient Modularization
commons-io,org.apache.commons.io.filefilter,HiddenFileFilter,Unutilized Abstraction
commons-io,org.apache.commons.io.filefilter,HiddenFileFilter,Deficient Encapsulation
commons-io,org.apache.commons.io.filefilter,MagicNumberFileFilter,Unutilized Abstraction
commons-io,org.apache.commons.io.filefilter,NameFileFilter,Unutilized Abstraction
commons-io,org.apache.commons.io.filefilter,NotFileFilter,Unutilized Abstraction
commons-io,org.apache.commons.io.filefilter,PrefixFileFilter,Unutilized Abstraction
commons-io,org.apache.commons.io.filefilter,RegexFileFilter,Unutilized Abstraction
commons-io,org.apache.commons.io.filefilter,SizeFileFilter,Unutilized Abstraction
commons-io,org.apache.commons.io.filefilter,SuffixFileFilter,Unutilized Abstraction
commons-io,org.apache.commons.io.filefilter,TrueFileFilter,Deficient Encapsulation
commons-io,org.apache.commons.io.filefilter,WildcardFileFilter,Unutilized Abstraction
commons-io,org.apache.commons.io.filefilter,WildcardFilter,Unutilized Abstraction
commons-io,org.apache.commons.io.filefilter,AndFileFilterTestCase,Imperative Abstraction
commons-io,org.apache.commons.io.filefilter,AndFileFilterTestCase,Unutilized Abstraction
commons-io,org.apache.commons.io.filefilter,AndFileFilterTestCase,Broken Hierarchy
commons-io,org.apache.commons.io.filefilter,ConditionalFileFilterAbstractTestCase,Unutilized Abstraction
commons-io,org.apache.commons.io.filefilter,ConditionalFileFilterAbstractTestCase,Broken Hierarchy
commons-io,org.apache.commons.io.filefilter,FileFilterTestCase,Unutilized Abstraction
commons-io,org.apache.commons.io.filefilter,FileFilterTestCase,Deficient Encapsulation
commons-io,org.apache.commons.io.filefilter,FileFilterTestCase,Insufficient Modularization
commons-io,org.apache.commons.io.filefilter,IOFileFilterAbstractTestCase,Unutilized Abstraction
commons-io,org.apache.commons.io.filefilter,OrFileFilterTestCase,Imperative Abstraction
commons-io,org.apache.commons.io.filefilter,OrFileFilterTestCase,Unutilized Abstraction
commons-io,org.apache.commons.io.filefilter,OrFileFilterTestCase,Broken Hierarchy
commons-io,org.apache.commons.io.filefilter,RegexFileFilterTestCase,Unutilized Abstraction
commons-io,org.apache.commons.io.filefilter,RegexFileFilterTestCase,Deficient Encapsulation
commons-io,org.apache.commons.io.input,AbstractCharacterFilterReader,Unutilized Abstraction
commons-io,org.apache.commons.io.input,AutoCloseInputStream,Unutilized Abstraction
commons-io,org.apache.commons.io.input,BOMInputStream,Unutilized Abstraction
commons-io,org.apache.commons.io.input,BrokenInputStream,Unutilized Abstraction
commons-io,org.apache.commons.io.input,CharacterFilterReader,Unutilized Abstraction
commons-io,org.apache.commons.io.input,CharacterFilterReader,Broken Hierarchy
commons-io,org.apache.commons.io.input,CharacterSetFilterReader,Unutilized Abstraction
commons-io,org.apache.commons.io.input,CharacterSetFilterReader,Broken Hierarchy
commons-io,org.apache.commons.io.input,CharSequenceReader,Unutilized Abstraction
commons-io,org.apache.commons.io.input,ClassLoaderObjectInputStream,Unutilized Abstraction
commons-io,org.apache.commons.io.input,ClosedInputStream,Deficient Encapsulation
commons-io,org.apache.commons.io.input,CloseShieldInputStream,Unutilized Abstraction
commons-io,org.apache.commons.io.input,CountingInputStream,Unutilized Abstraction
commons-io,org.apache.commons.io.input,InfiniteCircularInputStream,Unutilized Abstraction
commons-io,org.apache.commons.io.input,MessageDigestCalculatingInputStream,Unutilized Abstraction
commons-io,org.apache.commons.io.input,MessageDigestMaintainingObserver,Unutilized Abstraction
commons-io,org.apache.commons.io.input,NullReader,Unutilized Abstraction
commons-io,org.apache.commons.io.input,ObservableInputStream,Unutilized Abstraction
commons-io,org.apache.commons.io.input,ProxyInputStream,Unutilized Abstraction
commons-io,org.apache.commons.io.input,SwappedDataInputStream,Unutilized Abstraction
commons-io,org.apache.commons.io.input,SwappedDataInputStream,Broken Hierarchy
commons-io,org.apache.commons.io.input,TaggedInputStream,Unutilized Abstraction
commons-io,org.apache.commons.io.input,TaggedInputStream,Broken Hierarchy
commons-io,org.apache.commons.io.input,Tailer,Cyclic-Dependent Modularization
commons-io,org.apache.commons.io.input,TailerListener,Cyclic-Dependent Modularization
commons-io,org.apache.commons.io.input,TailerListenerAdapter,Unutilized Abstraction
commons-io,org.apache.commons.io.input,TeeInputStream,Unutilized Abstraction
commons-io,org.apache.commons.io.input,XmlStreamReader,Deficient Encapsulation
commons-io,org.apache.commons.io.input,AutoCloseInputStreamTest,Unutilized Abstraction
commons-io,org.apache.commons.io.input,BOMInputStreamTest,Unutilized Abstraction
commons-io,org.apache.commons.io.input,BOMInputStreamTest,Insufficient Modularization
commons-io,org.apache.commons.io.input,ExpectCloseInputStream,Unutilized Abstraction
commons-io,org.apache.commons.io.input,BoundedInputStreamTest,Unutilized Abstraction
commons-io,org.apache.commons.io.input,BoundedReaderTest,Unutilized Abstraction
commons-io,org.apache.commons.io.input,BrokenInputStreamTest,Unutilized Abstraction
commons-io,org.apache.commons.io.input,CharacterFilterReaderTest,Unutilized Abstraction
commons-io,org.apache.commons.io.input,CharacterSetFilterReaderTest,Unutilized Abstraction
commons-io,org.apache.commons.io.input,CharSequenceInputStreamTest,Unutilized Abstraction
commons-io,org.apache.commons.io.input,CharSequenceInputStreamTest,Insufficient Modularization
commons-io,org.apache.commons.io.input,CharSequenceReaderTest,Unutilized Abstraction
commons-io,org.apache.commons.io.input,ClassLoaderObjectInputStreamTest,Unutilized Abstraction
commons-io,org.apache.commons.io.input,ClosedInputStreamTest,Unutilized Abstraction
commons-io,org.apache.commons.io.input,CloseShieldInputStreamTest,Unutilized Abstraction
commons-io,org.apache.commons.io.input,CountingInputStreamTest,Unutilized Abstraction
commons-io,org.apache.commons.io.input,InfiniteCircularInputStreamTest,Unutilized Abstraction
commons-io,org.apache.commons.io.input,NullInputStreamTest,Unutilized Abstraction
commons-io,org.apache.commons.io.input,TestNullInputStream,Unutilized Abstraction
commons-io,org.apache.commons.io.input,TestNullInputStream,Broken Hierarchy
commons-io,org.apache.commons.io.input,NullReaderTest,Unutilized Abstraction
commons-io,org.apache.commons.io.input,TestNullReader,Unutilized Abstraction
commons-io,org.apache.commons.io.input,TestNullReader,Broken Hierarchy
commons-io,org.apache.commons.io.input,ObservableInputStreamTest,Unutilized Abstraction
commons-io,org.apache.commons.io.input,ProxyReaderTest,Unutilized Abstraction
commons-io,org.apache.commons.io.input,ProxyReaderImpl,Unutilized Abstraction
commons-io,org.apache.commons.io.input,CustomNullReader,Unutilized Abstraction
commons-io,org.apache.commons.io.input,ReaderInputStreamTest,Unutilized Abstraction
commons-io,org.apache.commons.io.input,ReversedLinesFileReaderTestParamBlockSize,Insufficient Modularization
commons-io,org.apache.commons.io.input,ReversedLinesFileReaderTestParamFile,Unutilized Abstraction
commons-io,org.apache.commons.io.input,ReversedLinesFileReaderTestSimple,Unutilized Abstraction
commons-io,org.apache.commons.io.input,SwappedDataInputStreamTest,Unutilized Abstraction
commons-io,org.apache.commons.io.input,TaggedInputStreamTest,Unutilized Abstraction
commons-io,org.apache.commons.io.input,TailerTest,Unutilized Abstraction
commons-io,org.apache.commons.io.input,TailerTest,Deficient Encapsulation
commons-io,org.apache.commons.io.input,TestTailerListener,Unutilized Abstraction
commons-io,org.apache.commons.io.input,TeeInputStreamTest,Unutilized Abstraction
commons-io,org.apache.commons.io.input,UnixLineEndingInputStreamTest,Unutilized Abstraction
commons-io,org.apache.commons.io.input,WindowsLineEndingInputStreamTest,Unutilized Abstraction
commons-io,org.apache.commons.io.input,XmlStreamReaderTest,Unutilized Abstraction
commons-io,org.apache.commons.io.input,XmlStreamReaderTest,Deficient Encapsulation
commons-io,org.apache.commons.io.input,XmlStreamReaderUtilitiesTest,Unutilized Abstraction
commons-io,org.apache.commons.io.input.buffer,PeekableInputStream,Unutilized Abstraction
commons-io,org.apache.commons.io.input.buffer,PeekableInputStream,Broken Hierarchy
commons-io,org.apache.commons.io.input.buffer,CircularBufferInputStreamTest,Unutilized Abstraction
commons-io,org.apache.commons.io.monitor,FileAlterationListener,Cyclic-Dependent Modularization
commons-io,org.apache.commons.io.monitor,FileAlterationObserver,Cyclic-Dependent Modularization
commons-io,org.apache.commons.io.monitor,AbstractMonitorTestCase,Unutilized Abstraction
commons-io,org.apache.commons.io.monitor,AbstractMonitorTestCase,Deficient Encapsulation
commons-io,org.apache.commons.io.monitor,FileAlterationMonitorTestCase,Unutilized Abstraction
commons-io,org.apache.commons.io.monitor,FileAlterationMonitorTestCase,Broken Hierarchy
commons-io,org.apache.commons.io.monitor,FileAlterationObserverTestCase,Unutilized Abstraction
commons-io,org.apache.commons.io.monitor,FileAlterationObserverTestCase,Broken Hierarchy
commons-io,org.apache.commons.io.output,BrokenOutputStream,Unutilized Abstraction
commons-io,org.apache.commons.io.output,ChunkedWriter,Unutilized Abstraction
commons-io,org.apache.commons.io.output,ClosedOutputStream,Deficient Encapsulation
commons-io,org.apache.commons.io.output,CloseShieldOutputStream,Unutilized Abstraction
commons-io,org.apache.commons.io.output,CountingOutputStream,Unutilized Abstraction
commons-io,org.apache.commons.io.output,CountingOutputStream,Broken Hierarchy
commons-io,org.apache.commons.io.output,DeferredFileOutputStream,Unutilized Abstraction
commons-io,org.apache.commons.io.output,LockableFileWriter,Unutilized Abstraction
commons-io,org.apache.commons.io.output,NullOutputStream,Deficient Encapsulation
commons-io,org.apache.commons.io.output,NullWriter,Deficient Encapsulation
commons-io,org.apache.commons.io.output,ProxyOutputStream,Unutilized Abstraction
commons-io,org.apache.commons.io.output,ProxyWriter,Unutilized Abstraction
commons-io,org.apache.commons.io.output,StringBuilderWriter,Unutilized Abstraction
commons-io,org.apache.commons.io.output,TaggedOutputStream,Unutilized Abstraction
commons-io,org.apache.commons.io.output,TaggedOutputStream,Broken Hierarchy
commons-io,org.apache.commons.io.output,TeeOutputStream,Unutilized Abstraction
commons-io,org.apache.commons.io.output,ThresholdingOutputStream,Unutilized Abstraction
commons-io,org.apache.commons.io.output,AppendableOutputStreamTest,Unutilized Abstraction
commons-io,org.apache.commons.io.output,BrokenOutputStreamTest,Unutilized Abstraction
commons-io,org.apache.commons.io.output,ChunkedOutputStreamTest,Unutilized Abstraction
commons-io,org.apache.commons.io.output,ChunkedWriterTest,Unutilized Abstraction
commons-io,org.apache.commons.io.output,ClosedOutputStreamTest,Unutilized Abstraction
commons-io,org.apache.commons.io.output,CloseShieldOutputStreamTest,Unutilized Abstraction
commons-io,org.apache.commons.io.output,CountingOutputStreamTest,Unutilized Abstraction
commons-io,org.apache.commons.io.output,DeferredFileOutputStreamTest,Unutilized Abstraction
commons-io,org.apache.commons.io.output,FileWriterWithEncodingTest,Unutilized Abstraction
commons-io,org.apache.commons.io.output,FileWriterWithEncodingTest,Deficient Encapsulation
commons-io,org.apache.commons.io.output,LockableFileWriterTest,Unutilized Abstraction
commons-io,org.apache.commons.io.output,LockableFileWriterTest,Deficient Encapsulation
commons-io,org.apache.commons.io.output,NullOutputStreamTest,Unutilized Abstraction
commons-io,org.apache.commons.io.output,NullWriterTest,Unutilized Abstraction
commons-io,org.apache.commons.io.output,ProxyOutputStreamTest,Unutilized Abstraction
commons-io,org.apache.commons.io.output,ProxyWriterTest,Unutilized Abstraction
commons-io,org.apache.commons.io.output,ProxyWriterTest,Insufficient Modularization
commons-io,org.apache.commons.io.output,StringBuilderWriterTest,Unutilized Abstraction
commons-io,org.apache.commons.io.output,TaggedOutputStreamTest,Unutilized Abstraction
commons-io,org.apache.commons.io.output,TeeOutputStreamTest,Unutilized Abstraction
commons-io,org.apache.commons.io.output,ExceptionOnCloseByteArrayOutputStream,Unutilized Abstraction
commons-io,org.apache.commons.io.output,ThresholdingOutputStreamTest,Unutilized Abstraction
commons-io,org.apache.commons.io.output,WriterOutputStreamTest,Unutilized Abstraction
commons-io,org.apache.commons.io.output,XmlStreamWriterTest,Deficient Encapsulation
commons-io,org.apache.commons.io.serialization,RegexpClassNameMatcher,Unutilized Abstraction
commons-io,org.apache.commons.io.serialization,ValidatingObjectInputStream,Unutilized Abstraction
commons-io,org.apache.commons.io.serialization,WildcardClassNameMatcher,Unutilized Abstraction
commons-io,org.apache.commons.io.serialization,ClosingBase,Unutilized Abstraction
commons-io,org.apache.commons.io.serialization,FullClassNameMatcherTest,Unutilized Abstraction
commons-io,org.apache.commons.io.serialization,MoreComplexObjectTest,Unutilized Abstraction
commons-io,org.apache.commons.io.serialization,RegexpClassNameMatcherTest,Unutilized Abstraction
commons-io,org.apache.commons.io.serialization,ValidatingObjectInputStreamTest,Unutilized Abstraction
commons-io,org.apache.commons.io.serialization,ValidatingObjectInputStreamTest,Insufficient Modularization
commons-io,org.apache.commons.io.serialization,CustomVOIS,Unutilized Abstraction
commons-io,org.apache.commons.io.serialization,WildcardClassNameMatcherTest,Unutilized Abstraction
commons-io,org.apache.commons.io.input.compatibility,XmlStreamReader,Deficient Encapsulation
commons-io,org.apache.commons.io.input.compatibility,XmlStreamReaderException,Cyclic Hierarchy
commons-io,org.apache.commons.io.input.compatibility,XmlStreamReaderException,Deep Hierarchy
commons-io,org.apache.commons.io.input.compatibility,XmlStreamReaderUtilitiesCompatibilityTest,Unutilized Abstraction
commons-io,org.apache.commons.io.input.compatibility,MockXmlStreamReader,Unutilized Abstraction
commons-io,org.apache.commons.io.testtools,YellOnCloseInputStream,Unutilized Abstraction
