Project Name,Package Name,Type Name,Code Smell
commons-codec - Move Method,org.apache.commons.codec.binary,Base32InputStream,Unutilized Abstraction
commons-codec - Move Method,org.apache.commons.codec.binary,Base32InputStream,Broken Hierarchy
commons-codec - Move Method,org.apache.commons.codec.binary,Base32OutputStream,Unutilized Abstraction
commons-codec - Move Method,org.apache.commons.codec.binary,Base32OutputStream,Broken Hierarchy
commons-codec - Move Method,org.apache.commons.codec.binary,Base64,Broken Hierarchy
commons-codec - Move Method,org.apache.commons.codec.binary,Base64,Insufficient Modularization
commons-codec - Move Method,org.apache.commons.codec.binary,Base64InputStream,Unutilized Abstraction
commons-codec - Move Method,org.apache.commons.codec.binary,Base64InputStream,Broken Hierarchy
commons-codec - Move Method,org.apache.commons.codec.binary,Base64OutputStream,Unutilized Abstraction
commons-codec - Move Method,org.apache.commons.codec.binary,Base64OutputStream,Broken Hierarchy
commons-codec - Move Method,org.apache.commons.codec.binary,BaseNCodec,Deficient Encapsulation
commons-codec - Move Method,org.apache.commons.codec.binary,BaseNCodec,Cyclic-Dependent Modularization
commons-codec - Move Method,org.apache.commons.codec.binary,BaseNCodec,Insufficient Modularization
commons-codec - Move Method,org.apache.commons.codec.binary,Context,Cyclic-Dependent Modularization
commons-codec - Move Method,org.apache.commons.codec.binary,BaseNCodecInputStream,Unutilized Abstraction
commons-codec - Move Method,org.apache.commons.codec.binary,BaseNCodecOutputStream,Unutilized Abstraction
commons-codec - Move Method,org.apache.commons.codec.binary,Hex,Deficient Encapsulation
commons-codec - Move Method,org.apache.commons.codec.binary,Hex,Insufficient Modularization
commons-codec - Move Method,org.apache.commons.codec.binary,Base32InputStreamTest,Unutilized Abstraction
commons-codec - Move Method,org.apache.commons.codec.binary,Base32OutputStreamTest,Unutilized Abstraction
commons-codec - Move Method,org.apache.commons.codec.binary,Base32Test,Unutilized Abstraction
commons-codec - Move Method,org.apache.commons.codec.binary,Base64InputStreamTest,Unutilized Abstraction
commons-codec - Move Method,org.apache.commons.codec.binary,Base64OutputStreamTest,Unutilized Abstraction
commons-codec - Move Method,org.apache.commons.codec.binary,Base64Test,Unutilized Abstraction
commons-codec - Move Method,org.apache.commons.codec.binary,Base64Test,Insufficient Modularization
commons-codec - Move Method,org.apache.commons.codec.binary,Base64TestData,Deficient Encapsulation
commons-codec - Move Method,org.apache.commons.codec.binary,BaseNCodecTest,Unutilized Abstraction
commons-codec - Move Method,org.apache.commons.codec.binary,BinaryCodecTest,Unutilized Abstraction
commons-codec - Move Method,org.apache.commons.codec.binary,Codec105ErrorInputStream,Unutilized Abstraction
commons-codec - Move Method,org.apache.commons.codec.binary,HexTest,Unutilized Abstraction
commons-codec - Move Method,org.apache.commons.codec.binary,HexTest,Insufficient Modularization
commons-codec - Move Method,org.apache.commons.codec.binary,StringUtilsTest,Unutilized Abstraction
commons-codec - Move Method,org.apache.commons.codec.binary,StringUtilsTest,Insufficient Modularization
commons-codec - Move Method,org.apache.commons.codec,CharEncoding,Deficient Encapsulation
commons-codec - Move Method,org.apache.commons.codec,CharEncoding,Broken Modularization
commons-codec - Move Method,org.apache.commons.codec,Charsets,Deficient Encapsulation
commons-codec - Move Method,org.apache.commons.codec,StringDecoder,Unutilized Abstraction
commons-codec - Move Method,org.apache.commons.codec,BinaryEncoderAbstractTest,Unutilized Abstraction
commons-codec - Move Method,org.apache.commons.codec,CharEncodingTest,Unutilized Abstraction
commons-codec - Move Method,org.apache.commons.codec,CharsetsTest,Unutilized Abstraction
commons-codec - Move Method,org.apache.commons.codec,DecoderExceptionTest,Unutilized Abstraction
commons-codec - Move Method,org.apache.commons.codec,EncoderExceptionTest,Unutilized Abstraction
commons-codec - Move Method,org.apache.commons.codec,StringEncoderAbstractTest,Unutilized Abstraction
commons-codec - Move Method,org.apache.commons.codec,StringEncoderComparatorTest,Unutilized Abstraction
commons-codec - Move Method,org.apache.commons.codec.cli,Digest,Unutilized Abstraction
commons-codec - Move Method,org.apache.commons.codec.digest,DigestUtils,Insufficient Modularization
commons-codec - Move Method,org.apache.commons.codec.digest,HmacUtils,Insufficient Modularization
commons-codec - Move Method,org.apache.commons.codec.digest,MessageDigestAlgorithms,Deficient Encapsulation
commons-codec - Move Method,org.apache.commons.codec.digest,Apr1CryptTest,Unutilized Abstraction
commons-codec - Move Method,org.apache.commons.codec.digest,B64Test,Unutilized Abstraction
commons-codec - Move Method,org.apache.commons.codec.digest,CryptTest,Unutilized Abstraction
commons-codec - Move Method,org.apache.commons.codec.digest,DigestUtilsTest,Insufficient Modularization
commons-codec - Move Method,org.apache.commons.codec.digest,HmacAlgorithmsTest,Insufficient Modularization
commons-codec - Move Method,org.apache.commons.codec.digest,HmacUtilsTest,Unutilized Abstraction
commons-codec - Move Method,org.apache.commons.codec.digest,HmacUtilsTest,Insufficient Modularization
commons-codec - Move Method,org.apache.commons.codec.digest,Md5CryptTest,Unutilized Abstraction
commons-codec - Move Method,org.apache.commons.codec.digest,PureJavaCrc32CTest,Unutilized Abstraction
commons-codec - Move Method,org.apache.commons.codec.digest,PureJavaCrc32Test,Unutilized Abstraction
commons-codec - Move Method,org.apache.commons.codec.digest,PureJavaCrc32Test,Deficient Encapsulation
commons-codec - Move Method,org.apache.commons.codec.digest,PerformanceTest,Deficient Encapsulation
commons-codec - Move Method,org.apache.commons.codec.digest,Sha256CryptTest,Unutilized Abstraction
commons-codec - Move Method,org.apache.commons.codec.digest,Sha2CryptTest,Unutilized Abstraction
commons-codec - Move Method,org.apache.commons.codec.digest,Sha512CryptTest,Unutilized Abstraction
commons-codec - Move Method,org.apache.commons.codec.digest,UnixCryptTest,Unutilized Abstraction
commons-codec - Move Method,org.apache.commons.codec.language,AbstractCaverphone,Unutilized Abstraction
commons-codec - Move Method,org.apache.commons.codec.language,Caverphone,Unutilized Abstraction
commons-codec - Move Method,org.apache.commons.codec.language,Caverphone1,Imperative Abstraction
commons-codec - Move Method,org.apache.commons.codec.language,Caverphone1,Unutilized Abstraction
commons-codec - Move Method,org.apache.commons.codec.language,Caverphone2,Imperative Abstraction
commons-codec - Move Method,org.apache.commons.codec.language,Caverphone2,Unutilized Abstraction
commons-codec - Move Method,org.apache.commons.codec.language,CologneBuffer,Unutilized Abstraction
commons-codec - Move Method,org.apache.commons.codec.language,CologneOutputBuffer,Unutilized Abstraction
commons-codec - Move Method,org.apache.commons.codec.language,CologneOutputBuffer,Broken Hierarchy
commons-codec - Move Method,org.apache.commons.codec.language,CologneInputBuffer,Unutilized Abstraction
commons-codec - Move Method,org.apache.commons.codec.language,CologneInputBuffer,Broken Hierarchy
commons-codec - Move Method,org.apache.commons.codec.language,DoubleMetaphone,Cyclic-Dependent Modularization
commons-codec - Move Method,org.apache.commons.codec.language,DoubleMetaphone,Insufficient Modularization
commons-codec - Move Method,org.apache.commons.codec.language,DoubleMetaphoneResult,Cyclic-Dependent Modularization
commons-codec - Move Method,org.apache.commons.codec.language,DoubleMetaphoneResult,Insufficient Modularization
commons-codec - Move Method,org.apache.commons.codec.language,MatchRatingApproachEncoder,Unutilized Abstraction
commons-codec - Move Method,org.apache.commons.codec.language,Metaphone,Unutilized Abstraction
commons-codec - Move Method,org.apache.commons.codec.language,RefinedSoundex,Deficient Encapsulation
commons-codec - Move Method,org.apache.commons.codec.language,Soundex,Deficient Encapsulation
commons-codec - Move Method,org.apache.commons.codec.language,Caverphone1Test,Unutilized Abstraction
commons-codec - Move Method,org.apache.commons.codec.language,Caverphone2Test,Unutilized Abstraction
commons-codec - Move Method,org.apache.commons.codec.language,DaitchMokotoffSoundexTest,Unutilized Abstraction
commons-codec - Move Method,org.apache.commons.codec.language,DoubleMetaphone2Test,Unutilized Abstraction
commons-codec - Move Method,org.apache.commons.codec.language,DoubleMetaphoneTest,Unutilized Abstraction
commons-codec - Move Method,org.apache.commons.codec.language,MatchRatingApproachEncoderTest,Unutilized Abstraction
commons-codec - Move Method,org.apache.commons.codec.language,MatchRatingApproachEncoderTest,Insufficient Modularization
commons-codec - Move Method,org.apache.commons.codec.language,MetaphoneTest,Unutilized Abstraction
commons-codec - Move Method,org.apache.commons.codec.language,MetaphoneTest,Insufficient Modularization
commons-codec - Move Method,org.apache.commons.codec.language,NysiisTest,Unutilized Abstraction
commons-codec - Move Method,org.apache.commons.codec.language,RefinedSoundexTest,Unutilized Abstraction
commons-codec - Move Method,org.apache.commons.codec.language,SoundexTest,Unutilized Abstraction
commons-codec - Move Method,org.apache.commons.codec.language,SoundexTest,Insufficient Modularization
commons-codec - Move Method,org.apache.commons.codec.language.bm,LangRule,Unutilized Abstraction
commons-codec - Move Method,org.apache.commons.codec.language.bm,Languages,Deficient Encapsulation
commons-codec - Move Method,org.apache.commons.codec.language.bm,Languages,Insufficient Modularization
commons-codec - Move Method,org.apache.commons.codec.language.bm,ResourceConstants,Unnecessary Abstraction
commons-codec - Move Method,org.apache.commons.codec.language.bm,Rule,Deficient Encapsulation
commons-codec - Move Method,org.apache.commons.codec.language.bm,Rule,Insufficient Modularization
commons-codec - Move Method,org.apache.commons.codec.language.bm,Phoneme,Deficient Encapsulation
commons-codec - Move Method,org.apache.commons.codec.language.bm,PhonemeList,Unutilized Abstraction
commons-codec - Move Method,org.apache.commons.codec.language.bm,BeiderMorseEncoderTest,Unutilized Abstraction
commons-codec - Move Method,org.apache.commons.codec.language.bm,CacheSubSequencePerformanceTest,Unutilized Abstraction
commons-codec - Move Method,org.apache.commons.codec.language.bm,LanguageGuessingTest,Unutilized Abstraction
commons-codec - Move Method,org.apache.commons.codec.language.bm,PhoneticEnginePerformanceTest,Unutilized Abstraction
commons-codec - Move Method,org.apache.commons.codec.language.bm,PhoneticEngineTest,Unutilized Abstraction
commons-codec - Move Method,org.apache.commons.codec.language.bm,RuleTest,Unutilized Abstraction
commons-codec - Move Method,org.apache.commons.codec.language.bm,NegativeIntegerBaseMatcher,Unutilized Abstraction
commons-codec - Move Method,org.apache.commons.codec.net,BCodec,Unutilized Abstraction
commons-codec - Move Method,org.apache.commons.codec.net,BCodec,Broken Hierarchy
commons-codec - Move Method,org.apache.commons.codec.net,QCodec,Unutilized Abstraction
commons-codec - Move Method,org.apache.commons.codec.net,QCodec,Broken Hierarchy
commons-codec - Move Method,org.apache.commons.codec.net,QuotedPrintableCodec,Insufficient Modularization
commons-codec - Move Method,org.apache.commons.codec.net,RFC1522Codec,Unutilized Abstraction
commons-codec - Move Method,org.apache.commons.codec.net,BCodecTest,Unutilized Abstraction
commons-codec - Move Method,org.apache.commons.codec.net,PercentCodecTest,Unutilized Abstraction
commons-codec - Move Method,org.apache.commons.codec.net,QCodecTest,Unutilized Abstraction
commons-codec - Move Method,org.apache.commons.codec.net,QuotedPrintableCodecTest,Unutilized Abstraction
commons-codec - Move Method,org.apache.commons.codec.net,QuotedPrintableCodecTest,Insufficient Modularization
commons-codec - Move Method,org.apache.commons.codec.net,RFC1522CodecTest,Unutilized Abstraction
commons-codec - Move Method,org.apache.commons.codec.net,RFC1522TestCodec,Unutilized Abstraction
commons-codec - Move Method,org.apache.commons.codec.net,URLCodecTest,Unutilized Abstraction
commons-codec - Move Method,org.apache.commons.codec.net,UtilsTest,Unutilized Abstraction
