Project Name,Package Name,Type Name,Code Smell
squirrel_sql-3.1.2Move Method,net.sourceforge.squirrel_sql.plugins.graph,AddToGraphAction,Cyclic-Dependent Modularization
squirrel_sql-3.1.2Move Method,net.sourceforge.squirrel_sql.plugins.graph,ColumnTextArea,Cyclic-Dependent Modularization
squirrel_sql-3.1.2Move Method,net.sourceforge.squirrel_sql.plugins.graph,ConfigureNonDbConstraintController,Unutilized Abstraction
squirrel_sql-3.1.2Move Method,net.sourceforge.squirrel_sql.plugins.graph,ConnectionPoints,Unnecessary Abstraction
squirrel_sql-3.1.2Move Method,net.sourceforge.squirrel_sql.plugins.graph,ConstraintGraph,Cyclic-Dependent Modularization
squirrel_sql-3.1.2Move Method,net.sourceforge.squirrel_sql.plugins.graph,ConstraintGraph,Insufficient Modularization
squirrel_sql-3.1.2Move Method,net.sourceforge.squirrel_sql.plugins.graph,ConstraintView,Deficient Encapsulation
squirrel_sql-3.1.2Move Method,net.sourceforge.squirrel_sql.plugins.graph,ConstraintView,Cyclic-Dependent Modularization
squirrel_sql-3.1.2Move Method,net.sourceforge.squirrel_sql.plugins.graph,ConstraintView,Insufficient Modularization
squirrel_sql-3.1.2Move Method,net.sourceforge.squirrel_sql.plugins.graph,ConstraintViewAdapter,Unutilized Abstraction
squirrel_sql-3.1.2Move Method,net.sourceforge.squirrel_sql.plugins.graph,ConstraintViewCreator,Cyclic-Dependent Modularization
squirrel_sql-3.1.2Move Method,net.sourceforge.squirrel_sql.plugins.graph,ConstraintViewListener,Cyclic-Dependent Modularization
squirrel_sql-3.1.2Move Method,net.sourceforge.squirrel_sql.plugins.graph,DndCallback,Cyclic-Dependent Modularization
squirrel_sql-3.1.2Move Method,net.sourceforge.squirrel_sql.plugins.graph,DndColumn,Cyclic-Dependent Modularization
squirrel_sql-3.1.2Move Method,net.sourceforge.squirrel_sql.plugins.graph,DndEvent,Cyclic-Dependent Modularization
squirrel_sql-3.1.2Move Method,net.sourceforge.squirrel_sql.plugins.graph,DndHandler,Cyclic-Dependent Modularization
squirrel_sql-3.1.2Move Method,net.sourceforge.squirrel_sql.plugins.graph,EdgesGraphComponent,Deficient Encapsulation
squirrel_sql-3.1.2Move Method,net.sourceforge.squirrel_sql.plugins.graph,FormatController,Deficient Encapsulation
squirrel_sql-3.1.2Move Method,net.sourceforge.squirrel_sql.plugins.graph,FormatController,Cyclic-Dependent Modularization
squirrel_sql-3.1.2Move Method,net.sourceforge.squirrel_sql.plugins.graph,Unit,Deficient Encapsulation
squirrel_sql-3.1.2Move Method,net.sourceforge.squirrel_sql.plugins.graph,GraphController,Cyclic-Dependent Modularization
squirrel_sql-3.1.2Move Method,net.sourceforge.squirrel_sql.plugins.graph,GraphController,Insufficient Modularization
squirrel_sql-3.1.2Move Method,net.sourceforge.squirrel_sql.plugins.graph,GraphDesktopController,Cyclic-Dependent Modularization
squirrel_sql-3.1.2Move Method,net.sourceforge.squirrel_sql.plugins.graph,GraphDesktopController,Insufficient Modularization
squirrel_sql-3.1.2Move Method,net.sourceforge.squirrel_sql.plugins.graph,GraphDesktopPane,Cyclic-Dependent Modularization
squirrel_sql-3.1.2Move Method,net.sourceforge.squirrel_sql.plugins.graph,GraphMainPanelTab,Cyclic-Dependent Modularization
squirrel_sql-3.1.2Move Method,net.sourceforge.squirrel_sql.plugins.graph,GraphPlugin,Cyclic-Dependent Modularization
squirrel_sql-3.1.2Move Method,net.sourceforge.squirrel_sql.plugins.graph,IKeys,Unnecessary Abstraction
squirrel_sql-3.1.2Move Method,net.sourceforge.squirrel_sql.plugins.graph,IKeys,Unutilized Abstraction
squirrel_sql-3.1.2Move Method,net.sourceforge.squirrel_sql.plugins.graph,GraphSelectionDialogController,Cyclic-Dependent Modularization
squirrel_sql-3.1.2Move Method,net.sourceforge.squirrel_sql.plugins.graph,GraphTextAreaFactory,Cyclic-Dependent Modularization
squirrel_sql-3.1.2Move Method,net.sourceforge.squirrel_sql.plugins.graph,PixelCalculater,Deficient Encapsulation
squirrel_sql-3.1.2Move Method,net.sourceforge.squirrel_sql.plugins.graph,TableFrame,Deficient Encapsulation
squirrel_sql-3.1.2Move Method,net.sourceforge.squirrel_sql.plugins.graph,TableFrame,Cyclic-Dependent Modularization
squirrel_sql-3.1.2Move Method,net.sourceforge.squirrel_sql.plugins.graph,MyUI,Unutilized Abstraction
squirrel_sql-3.1.2Move Method,net.sourceforge.squirrel_sql.plugins.graph,MyTitlePaneUI,Unutilized Abstraction
squirrel_sql-3.1.2Move Method,net.sourceforge.squirrel_sql.plugins.graph,MyTitlePaneUI,Deficient Encapsulation
squirrel_sql-3.1.2Move Method,net.sourceforge.squirrel_sql.plugins.graph,MyTitlePaneLayout,Unutilized Abstraction
squirrel_sql-3.1.2Move Method,net.sourceforge.squirrel_sql.plugins.graph,TableFrameController,Cyclic-Dependent Modularization
squirrel_sql-3.1.2Move Method,net.sourceforge.squirrel_sql.plugins.graph,TableFrameController,Insufficient Modularization
squirrel_sql-3.1.2Move Method,net.sourceforge.squirrel_sql.plugins.graph,TableFrameControllerListener,Cyclic-Dependent Modularization
squirrel_sql-3.1.2Move Method,net.sourceforge.squirrel_sql.plugins.graph,ZoomableColumnTextArea,Cyclic-Dependent Modularization
squirrel_sql-3.1.2Move Method,net.sourceforge.squirrel_sql.plugins.graph,ZoomPrintController,Cyclic-Dependent Modularization
squirrel_sql-3.1.2Move Method,net.sourceforge.squirrel_sql.plugins.graph.graphtofiles,GraphToFilesCtrlr,Unutilized Abstraction
squirrel_sql-3.1.2Move Method,net.sourceforge.squirrel_sql.plugins.graph.graphtofiles,ImageSelection,Unutilized Abstraction
squirrel_sql-3.1.2Move Method,net.sourceforge.squirrel_sql.plugins.graph.xmlbeans,ColumnInfoXmlBean,Insufficient Modularization
squirrel_sql-3.1.2Move Method,net.sourceforge.squirrel_sql.plugins.graph.xmlbeans,GraphXmlSerializer,Cyclic-Dependent Modularization
