Project Name,Package Name,Type Name,NOF,NOPF,NOM,NOPM,LOC,WMC,NC,DIT,LCOM,FANIN,FANOUT
squirrel_sql-3.1.2Move Method,net.sourceforge.squirrel_sql.plugins.graph,AddTableListener,0,0,1,0,3,1,0,0,-1.0,2,0
squirrel_sql-3.1.2Move Method,net.sourceforge.squirrel_sql.plugins.graph,AddToGraphAction,2,0,3,3,53,10,0,0,0.0,1,3
squirrel_sql-3.1.2Move Method,net.sourceforge.squirrel_sql.plugins.graph,ColumnInfo,12,0,17,17,101,21,0,0,0.0,12,1
squirrel_sql-3.1.2Move Method,net.sourceforge.squirrel_sql.plugins.graph,ColumnSortListener,0,0,1,0,3,1,0,0,-1.0,1,0
squirrel_sql-3.1.2Move Method,net.sourceforge.squirrel_sql.plugins.graph,ColumnTextArea,2,0,5,5,30,6,0,1,0.4,1,5
squirrel_sql-3.1.2Move Method,net.sourceforge.squirrel_sql.plugins.graph,ConfigureNonDbConstraintController,6,0,10,5,103,18,0,0,0.0,0,5
squirrel_sql-3.1.2Move Method,net.sourceforge.squirrel_sql.plugins.graph,ConfigureNonDbConstraintDlg,9,0,7,3,112,8,0,0,0.2857142857142857,1,2
squirrel_sql-3.1.2Move Method,net.sourceforge.squirrel_sql.plugins.graph,ConnectionPoints,2,0,0,0,4,0,0,0,-1.0,2,0
squirrel_sql-3.1.2Move Method,net.sourceforge.squirrel_sql.plugins.graph,ConstraintData,6,0,18,18,154,36,0,0,0.1111111111111111,4,4
squirrel_sql-3.1.2Move Method,net.sourceforge.squirrel_sql.plugins.graph,ConstraintDataSet,7,0,13,12,91,24,0,0,0.15384615384615385,2,4
squirrel_sql-3.1.2Move Method,net.sourceforge.squirrel_sql.plugins.graph,ContraintDisplayData,2,0,3,3,14,3,0,0,0.0,1,0
squirrel_sql-3.1.2Move Method,net.sourceforge.squirrel_sql.plugins.graph,ConstraintGraph,8,0,22,22,149,36,0,0,0.09090909090909091,1,6
squirrel_sql-3.1.2Move Method,net.sourceforge.squirrel_sql.plugins.graph,ConstraintView,20,1,49,34,439,82,0,1,0.04081632653061224,11,11
squirrel_sql-3.1.2Move Method,net.sourceforge.squirrel_sql.plugins.graph,ConstraintViewAdapter,0,0,2,2,6,2,0,1,-1.0,0,1
squirrel_sql-3.1.2Move Method,net.sourceforge.squirrel_sql.plugins.graph,ConstraintViewCreator,1,0,1,1,20,3,0,0,0.0,1,6
squirrel_sql-3.1.2Move Method,net.sourceforge.squirrel_sql.plugins.graph,ConstraintViewListener,0,0,2,0,4,2,1,0,-1.0,3,1
squirrel_sql-3.1.2Move Method,net.sourceforge.squirrel_sql.plugins.graph,DndCallback,0,0,2,0,4,2,0,0,-1.0,5,1
squirrel_sql-3.1.2Move Method,net.sourceforge.squirrel_sql.plugins.graph,DndColumn,0,0,2,0,4,2,2,0,-1.0,1,1
squirrel_sql-3.1.2Move Method,net.sourceforge.squirrel_sql.plugins.graph,DndEvent,2,0,3,3,14,3,0,0,0.0,7,2
squirrel_sql-3.1.2Move Method,net.sourceforge.squirrel_sql.plugins.graph,DndHandler,6,0,8,6,69,16,0,0,0.375,2,3
squirrel_sql-3.1.2Move Method,net.sourceforge.squirrel_sql.plugins.graph,EdgesGraphComponent,6,1,4,4,41,7,0,1,0.5,4,2
squirrel_sql-3.1.2Move Method,net.sourceforge.squirrel_sql.plugins.graph,EdgesListener,0,0,1,1,3,1,0,0,-1.0,2,1
squirrel_sql-3.1.2Move Method,net.sourceforge.squirrel_sql.plugins.graph,FoldingPoint,3,0,6,5,41,9,0,0,0.0,5,2
squirrel_sql-3.1.2Move Method,net.sourceforge.squirrel_sql.plugins.graph,FormatController,13,2,28,17,284,47,0,0,0.07142857142857142,1,5
squirrel_sql-3.1.2Move Method,net.sourceforge.squirrel_sql.plugins.graph,Unit,4,2,4,3,19,4,0,0,0.0,3,1
squirrel_sql-3.1.2Move Method,net.sourceforge.squirrel_sql.plugins.graph,FormatControllerListener,0,0,1,0,3,1,0,0,-1.0,2,1
squirrel_sql-3.1.2Move Method,net.sourceforge.squirrel_sql.plugins.graph,FormatDlg,9,0,2,2,82,4,0,0,0.0,1,2
squirrel_sql-3.1.2Move Method,net.sourceforge.squirrel_sql.plugins.graph,GraphComponent,0,0,2,0,4,2,2,0,-1.0,2,0
squirrel_sql-3.1.2Move Method,net.sourceforge.squirrel_sql.plugins.graph,GraphController,11,0,34,19,270,64,0,1,0.0,3,12
squirrel_sql-3.1.2Move Method,net.sourceforge.squirrel_sql.plugins.graph,GraphControllerAccessor,0,0,1,0,3,1,1,0,-1.0,1,0
squirrel_sql-3.1.2Move Method,net.sourceforge.squirrel_sql.plugins.graph,GraphDesktopController,21,0,51,35,326,69,0,0,0.058823529411764705,6,10
squirrel_sql-3.1.2Move Method,net.sourceforge.squirrel_sql.plugins.graph,GraphDesktopListener,0,0,9,0,11,9,0,0,-1.0,2,0
squirrel_sql-3.1.2Move Method,net.sourceforge.squirrel_sql.plugins.graph,GraphDesktopPane,7,0,17,13,130,27,0,1,0.11764705882352941,1,4
squirrel_sql-3.1.2Move Method,net.sourceforge.squirrel_sql.plugins.graph,GraphLine,4,0,7,7,52,11,0,0,0.0,3,2
squirrel_sql-3.1.2Move Method,net.sourceforge.squirrel_sql.plugins.graph,GraphMainPanelTab,3,0,6,5,23,6,0,0,0.5,2,1
squirrel_sql-3.1.2Move Method,net.sourceforge.squirrel_sql.plugins.graph,GraphPlugin,3,0,15,15,161,29,0,0,0.6666666666666666,6,3
squirrel_sql-3.1.2Move Method,net.sourceforge.squirrel_sql.plugins.graph,GraphPluginResources,2,0,1,0,9,1,0,0,0.0,1,0
squirrel_sql-3.1.2Move Method,net.sourceforge.squirrel_sql.plugins.graph,IKeys,2,0,0,0,4,0,0,0,-1.0,0,0
squirrel_sql-3.1.2Move Method,net.sourceforge.squirrel_sql.plugins.graph,GraphPrintable,0,0,2,0,4,2,1,0,-1.0,1,0
squirrel_sql-3.1.2Move Method,net.sourceforge.squirrel_sql.plugins.graph,GraphSelectionDialog,5,0,2,1,37,2,0,0,0.0,1,0
squirrel_sql-3.1.2Move Method,net.sourceforge.squirrel_sql.plugins.graph,GraphSelectionDialogController,5,0,15,9,91,18,0,0,0.0,1,2
squirrel_sql-3.1.2Move Method,net.sourceforge.squirrel_sql.plugins.graph,GraphTextAreaFactory,2,0,7,7,56,12,0,0,0.0,1,6
squirrel_sql-3.1.2Move Method,net.sourceforge.squirrel_sql.plugins.graph,PixelCalculater,3,1,4,4,20,4,0,0,0.0,3,1
squirrel_sql-3.1.2Move Method,net.sourceforge.squirrel_sql.plugins.graph,ScriptInterface,0,0,1,0,3,1,0,0,-1.0,1,0
squirrel_sql-3.1.2Move Method,net.sourceforge.squirrel_sql.plugins.graph,SqlScriptAcessor,1,0,1,1,12,2,0,0,0.0,2,1
squirrel_sql-3.1.2Move Method,net.sourceforge.squirrel_sql.plugins.graph,TableFrame,6,1,22,16,196,35,0,0,0.5454545454545454,3,9
squirrel_sql-3.1.2Move Method,net.sourceforge.squirrel_sql.plugins.graph,MyUI,0,0,3,2,12,3,0,0,-1.0,0,1
squirrel_sql-3.1.2Move Method,net.sourceforge.squirrel_sql.plugins.graph,MyTitlePaneUI,1,1,10,6,85,16,0,0,0.9,0,0
squirrel_sql-3.1.2Move Method,net.sourceforge.squirrel_sql.plugins.graph,MyTitlePaneLayout,0,0,1,1,8,1,0,0,-1.0,0,0
squirrel_sql-3.1.2Move Method,net.sourceforge.squirrel_sql.plugins.graph,TableFrameController,44,0,91,47,941,181,0,0,0.03296703296703297,8,21
squirrel_sql-3.1.2Move Method,net.sourceforge.squirrel_sql.plugins.graph,TableFrameControllerListener,0,0,1,0,3,1,0,0,-1.0,2,1
squirrel_sql-3.1.2Move Method,net.sourceforge.squirrel_sql.plugins.graph,TableToolTipProvider,0,0,1,0,3,1,0,0,-1.0,5,0
squirrel_sql-3.1.2Move Method,net.sourceforge.squirrel_sql.plugins.graph,ZoomableColumnTextArea,4,0,9,7,62,11,0,1,0.0,1,6
squirrel_sql-3.1.2Move Method,net.sourceforge.squirrel_sql.plugins.graph,Zoomer,5,0,10,10,67,15,0,0,0.0,6,2
squirrel_sql-3.1.2Move Method,net.sourceforge.squirrel_sql.plugins.graph,ZoomerListener,0,0,3,0,5,3,0,0,-1.0,3,0
squirrel_sql-3.1.2Move Method,net.sourceforge.squirrel_sql.plugins.graph,ZoomPrintController,9,0,29,15,242,44,0,0,0.0,1,13
squirrel_sql-3.1.2Move Method,net.sourceforge.squirrel_sql.plugins.graph,ZoomPrintPanel,13,0,4,2,63,4,0,0,0.0,1,2
squirrel_sql-3.1.2Move Method,net.sourceforge.squirrel_sql.plugins.graph.graphtofiles,GraphToFilesCtrlr,5,0,6,4,76,13,0,0,0.0,0,1
squirrel_sql-3.1.2Move Method,net.sourceforge.squirrel_sql.plugins.graph.graphtofiles,GraphToFilesDlg,5,0,3,1,43,4,0,0,0.0,1,0
squirrel_sql-3.1.2Move Method,net.sourceforge.squirrel_sql.plugins.graph.graphtofiles,ImageSelection,3,0,7,7,75,17,0,0,0.2857142857142857,0,0
squirrel_sql-3.1.2Move Method,net.sourceforge.squirrel_sql.plugins.graph.graphtofiles,SaveToFilePageFormat,2,0,6,6,32,8,0,0,0.5,1,2
squirrel_sql-3.1.2Move Method,net.sourceforge.squirrel_sql.plugins.graph.xmlbeans,ColumnInfoXmlBean,11,0,22,22,79,22,0,0,0.5,5,0
squirrel_sql-3.1.2Move Method,net.sourceforge.squirrel_sql.plugins.graph.xmlbeans,ConstraintDataXmlBean,6,0,12,12,44,12,0,0,0.5,2,1
squirrel_sql-3.1.2Move Method,net.sourceforge.squirrel_sql.plugins.graph.xmlbeans,ConstraintGraphXmlBean,1,0,2,2,9,2,0,0,0.0,2,1
squirrel_sql-3.1.2Move Method,net.sourceforge.squirrel_sql.plugins.graph.xmlbeans,ConstraintViewXmlBean,2,0,4,4,16,4,0,0,0.5,3,2
squirrel_sql-3.1.2Move Method,net.sourceforge.squirrel_sql.plugins.graph.xmlbeans,FoldingPointXmlBean,2,0,4,4,16,4,0,0,0.5,2,0
squirrel_sql-3.1.2Move Method,net.sourceforge.squirrel_sql.plugins.graph.xmlbeans,FormatXmlBean,5,0,13,13,52,13,0,0,0.15384615384615385,7,0
squirrel_sql-3.1.2Move Method,net.sourceforge.squirrel_sql.plugins.graph.xmlbeans,GraphControllerXmlBean,6,0,12,12,44,12,0,0,0.5,2,3
squirrel_sql-3.1.2Move Method,net.sourceforge.squirrel_sql.plugins.graph.xmlbeans,GraphXmlSerializer,5,0,11,8,129,21,0,0,0.18181818181818182,3,4
squirrel_sql-3.1.2Move Method,net.sourceforge.squirrel_sql.plugins.graph.xmlbeans,PrintXmlBean,2,0,4,4,16,4,0,0,0.5,4,0
squirrel_sql-3.1.2Move Method,net.sourceforge.squirrel_sql.plugins.graph.xmlbeans,TableFrameControllerXmlBean,8,0,16,16,58,16,0,0,0.5,3,3
squirrel_sql-3.1.2Move Method,net.sourceforge.squirrel_sql.plugins.graph.xmlbeans,TableFrameXmlBean,4,0,8,8,30,8,0,0,0.5,2,0
squirrel_sql-3.1.2Move Method,net.sourceforge.squirrel_sql.plugins.graph.xmlbeans,ZoomerXmlBean,4,0,8,8,30,8,0,0,0.5,4,0
