Project Name,Package Name,Type Name,NOF,NOPF,NOM,NOPM,LOC,WMC,NC,DIT,LCOM,FANIN,FANOUT
commons-ioReplace Type,org.apache.commons.io,ByteOrderMark,9,6,8,8,144,18,0,0,0.0,5,1
commons-ioReplace Type,org.apache.commons.io,ByteOrderParser,0,0,2,1,26,4,0,0,-1.0,1,0
commons-ioReplace Type,org.apache.commons.io,Charsets,6,6,3,3,77,3,0,0,1.0,7,0
commons-ioReplace Type,org.apache.commons.io,CopyUtils,1,0,13,13,163,15,0,0,0.9230769230769231,2,0
commons-ioReplace Type,org.apache.commons.io,DirectoryWalker,5,0,20,4,262,28,8,0,0.1,2,4
commons-ioReplace Type,org.apache.commons.io,CancelException,3,0,4,4,50,4,0,0,0.0,7,0
commons-ioReplace Type,org.apache.commons.io,EndianUtils,0,0,31,30,323,33,0,0,-1.0,3,1
commons-ioReplace Type,org.apache.commons.io,FileCleaner,1,0,7,7,74,7,0,0,0.0,1,2
commons-ioReplace Type,org.apache.commons.io,FileCleaningTracker,7,0,13,10,181,20,0,0,0.15384615384615385,2,2
commons-ioReplace Type,org.apache.commons.io,Reaper,0,0,2,1,31,4,0,0,-1.0,0,1
commons-ioReplace Type,org.apache.commons.io,Tracker,2,0,3,2,39,3,0,0,0.0,2,1
commons-ioReplace Type,org.apache.commons.io,FileDeleteStrategy,3,2,7,3,91,9,1,0,0.5714285714285714,6,2
commons-ioReplace Type,org.apache.commons.io,ForceFileDeleteStrategy,0,0,2,0,22,2,0,1,-1.0,0,1
commons-ioReplace Type,org.apache.commons.io,FileExistsException,1,0,3,3,30,3,0,0,1.0,0,0
commons-ioReplace Type,org.apache.commons.io,FilenameUtils,15,2,45,33,931,172,0,0,0.06666666666666667,10,1
commons-ioReplace Type,org.apache.commons.io,FileSystemUtils,8,4,14,8,368,43,1,0,0.2857142857142857,7,4
commons-ioReplace Type,org.apache.commons.io,FileUtils,15,15,121,101,2064,285,0,0,0.2396694214876033,26,9
commons-ioReplace Type,org.apache.commons.io,HexDump,3,1,4,2,90,14,0,0,0.5,2,1
commons-ioReplace Type,org.apache.commons.io,IOExceptionWithCause,1,0,2,2,26,2,1,0,1.0,0,0
commons-ioReplace Type,org.apache.commons.io,IOUtils,11,7,132,132,1958,224,0,0,0.5757575757575758,16,3
commons-ioReplace Type,org.apache.commons.io,LineIterator,3,0,8,7,133,18,0,0,0.25,2,1
commons-ioReplace Type,org.apache.commons.io,OsRefactored,0,0,1,1,3,1,4,0,-1.0,0,1
commons-ioReplace Type,org.apache.commons.io,Other,0,0,1,1,8,1,0,1,-1.0,0,1
commons-ioReplace Type,org.apache.commons.io,PosixUnix,0,0,1,1,8,1,0,1,-1.0,0,1
commons-ioReplace Type,org.apache.commons.io,TaggedIOException,2,0,5,5,57,6,0,1,0.0,4,1
commons-ioReplace Type,org.apache.commons.io,ThreadMonitor,2,0,6,4,75,9,0,0,0.0,3,1
commons-ioReplace Type,org.apache.commons.io,Unix,0,0,1,1,8,1,0,1,-1.0,0,1
commons-ioReplace Type,org.apache.commons.io,Windows,0,0,1,1,8,1,0,1,-1.0,0,2
commons-ioReplace Type,org.apache.commons.io,ByteOrderMarkTestCase,3,0,9,9,112,9,0,0,0.3333333333333333,0,1
commons-ioReplace Type,org.apache.commons.io,ByteOrderParserTest,0,0,4,3,14,4,0,0,-1.0,0,1
commons-ioReplace Type,org.apache.commons.io,CharsetsTestCase,0,0,8,8,38,8,0,0,-1.0,0,1
commons-ioReplace Type,org.apache.commons.io,CopyUtilsTest,2,0,11,11,101,11,0,0,0.36363636363636365,0,2
commons-ioReplace Type,org.apache.commons.io,DemuxTestCase,17,0,13,5,127,17,0,0,0.15384615384615385,0,6
commons-ioReplace Type,org.apache.commons.io,ReaderThread,3,0,3,2,28,4,0,0,0.0,1,2
commons-ioReplace Type,org.apache.commons.io,WriterThread,3,0,2,1,24,3,0,0,0.0,1,2
commons-ioReplace Type,org.apache.commons.io,DirectoryWalkerTestCase,26,1,41,15,459,54,0,0,0.2682926829268293,0,4
commons-ioReplace Type,org.apache.commons.io,TestFileFinder,0,0,5,0,36,5,2,1,-1.0,0,1
commons-ioReplace Type,org.apache.commons.io,TestFalseFileFinder,0,0,2,0,14,2,0,2,-1.0,0,0
commons-ioReplace Type,org.apache.commons.io,TestCancelWalker,2,0,5,0,46,8,0,1,0.4,0,1
commons-ioReplace Type,org.apache.commons.io,TestMultiThreadCancelWalker,4,1,6,0,56,9,0,1,0.0,2,1
commons-ioReplace Type,org.apache.commons.io,TestFileFinderString,0,0,3,0,27,3,0,1,-1.0,0,0
commons-ioReplace Type,org.apache.commons.io,DirectoryWalkerTestCaseJava4,26,1,36,14,398,48,0,0,0.25,0,4
commons-ioReplace Type,org.apache.commons.io,TestFileFinder,0,0,5,0,36,5,0,1,-1.0,0,1
commons-ioReplace Type,org.apache.commons.io,TestFalseFileFinder,0,0,2,0,14,2,0,2,-1.0,0,0
commons-ioReplace Type,org.apache.commons.io,TestCancelWalker,2,0,5,0,46,8,0,1,0.4,0,1
commons-ioReplace Type,org.apache.commons.io,TestMultiThreadCancelWalker,4,1,6,0,56,9,0,1,0.0,0,1
commons-ioReplace Type,org.apache.commons.io,EndianUtilsTest,0,0,22,22,220,23,0,0,-1.0,0,1
commons-ioReplace Type,org.apache.commons.io,FileCleanerTestCase,0,0,1,0,5,1,0,1,-1.0,0,1
commons-ioReplace Type,org.apache.commons.io,FileCleaningTrackerTestCase,3,1,16,11,239,24,1,0,0.0,0,3
commons-ioReplace Type,org.apache.commons.io,FileDeleteStrategyTestCase,1,1,6,5,95,9,0,0,0.5,0,2
commons-ioReplace Type,org.apache.commons.io,FilenameUtilsTestCase,7,1,39,39,948,46,0,0,0.8461538461538461,0,2
commons-ioReplace Type,org.apache.commons.io,FilenameUtilsWildcardTestCase,1,0,8,7,165,10,0,0,0.625,0,1
commons-ioReplace Type,org.apache.commons.io,FileSystemTestCase,0,0,5,5,58,17,0,0,-1.0,0,0
commons-ioReplace Type,org.apache.commons.io,FileSystemUtilsTestCase,3,0,41,38,411,47,0,0,0.8780487804878049,0,1
commons-ioReplace Type,org.apache.commons.io,MockFileSystemUtils,3,0,9,8,38,10,0,1,0.4444444444444444,0,0
commons-ioReplace Type,org.apache.commons.io,FileUtilsCleanDirectoryTestCase,2,1,7,6,74,10,0,0,0.0,0,1
commons-ioReplace Type,org.apache.commons.io,FileUtilsCleanSymlinksTestCase,2,1,10,9,151,18,0,0,0.0,0,1
commons-ioReplace Type,org.apache.commons.io,FileUtilsCopyToFileTestCase,4,1,7,6,56,8,0,0,0.2857142857142857,0,2
commons-ioReplace Type,org.apache.commons.io,CheckingInputStream,1,0,3,3,14,3,0,0,0.0,0,0
commons-ioReplace Type,org.apache.commons.io,FileUtilsDirectoryContainsTestCase,10,1,12,12,111,12,0,0,0.16666666666666666,0,1
commons-ioReplace Type,org.apache.commons.io,FileUtilsFileNewerTestCase,5,1,8,6,97,12,0,0,0.25,0,2
commons-ioReplace Type,org.apache.commons.io,FileUtilsListFilesTestCase,1,1,7,4,132,9,0,0,0.2857142857142857,0,3
commons-ioReplace Type,org.apache.commons.io,FileUtilsTestCase,13,1,158,149,2203,212,0,0,0.2721518987341772,0,7
commons-ioReplace Type,org.apache.commons.io,ShorterFile,1,0,2,2,9,2,0,0,1.0,0,0
commons-ioReplace Type,org.apache.commons.io,ListDirectoryWalker,0,0,4,0,21,5,0,1,-1.0,1,0
commons-ioReplace Type,org.apache.commons.io,FileUtilsWaitForTestCase,0,0,3,3,28,3,0,0,-1.0,0,1
commons-ioReplace Type,org.apache.commons.io,HexDumpTest,0,0,3,1,166,23,0,0,-1.0,0,2
commons-ioReplace Type,org.apache.commons.io,IOCaseTestCase,1,0,18,17,319,18,0,0,0.6111111111111112,0,0
commons-ioReplace Type,org.apache.commons.io,IOExceptionWithCauseTestCase,0,0,3,2,26,3,0,0,-1.0,0,0
commons-ioReplace Type,org.apache.commons.io,IOUtilsCopyTestCase,2,0,28,27,244,28,0,0,0.39285714285714285,0,4
commons-ioReplace Type,org.apache.commons.io,IOUtilsTestCase,6,1,133,129,1210,137,0,0,0.5864661654135338,0,3
commons-ioReplace Type,org.apache.commons.io,IOUtilsWriteTestCase,2,0,53,53,521,53,0,0,0.49056603773584906,0,3
commons-ioReplace Type,org.apache.commons.io,LineIteratorTestCase,1,1,26,18,324,34,0,0,0.19230769230769232,0,2
commons-ioReplace Type,org.apache.commons.io,SelectorAdapter,0,0,9,9,31,9,0,0,-1.0,0,0
commons-ioReplace Type,org.apache.commons.io,TaggedIOExceptionTest,0,0,1,1,14,1,0,0,-1.0,0,1
commons-ioReplace Type,org.apache.commons.io,ThreadMonitorTestCase,0,0,3,3,54,3,0,0,-1.0,0,2
commons-ioReplace Type,org.apache.commons.io.comparator,AbstractFileComparator,0,0,3,3,37,5,9,0,-1.0,1,0
commons-ioReplace Type,org.apache.commons.io.comparator,CompositeFileComparator,3,0,4,4,71,11,0,1,0.0,0,0
commons-ioReplace Type,org.apache.commons.io.comparator,DefaultFileComparator,3,2,1,1,24,1,0,1,0.0,1,0
commons-ioReplace Type,org.apache.commons.io.comparator,DirectoryFileComparator,5,2,2,1,34,2,0,1,0.0,1,0
commons-ioReplace Type,org.apache.commons.io.comparator,ExtensionFileComparator,8,6,4,4,66,4,0,1,0.0,2,1
commons-ioReplace Type,org.apache.commons.io.comparator,LastModifiedFileComparator,3,2,1,1,33,3,0,1,0.0,1,0
commons-ioReplace Type,org.apache.commons.io.comparator,NameFileComparator,8,6,4,4,64,4,0,1,0.0,2,0
commons-ioReplace Type,org.apache.commons.io.comparator,PathFileComparator,8,6,4,4,64,4,0,1,0.0,1,0
commons-ioReplace Type,org.apache.commons.io.comparator,ReverseComparator,2,0,3,3,34,4,0,1,0.0,0,0
commons-ioReplace Type,org.apache.commons.io.comparator,SizeFileComparator,6,4,4,4,79,8,0,1,0.0,2,1
commons-ioReplace Type,org.apache.commons.io.comparator,ComparatorAbstractTestCase,7,1,8,7,94,8,8,0,0.25,0,1
commons-ioReplace Type,org.apache.commons.io.comparator,CompositeFileComparatorTest,0,0,4,4,68,8,0,1,-1.0,0,3
commons-ioReplace Type,org.apache.commons.io.comparator,DefaultFileComparatorTest,0,0,1,1,13,1,0,1,-1.0,0,1
commons-ioReplace Type,org.apache.commons.io.comparator,DirectoryFileComparatorTest,0,0,3,3,24,3,0,1,-1.0,0,1
commons-ioReplace Type,org.apache.commons.io.comparator,ExtensionFileComparatorTest,0,0,2,2,28,2,0,1,-1.0,0,1
commons-ioReplace Type,org.apache.commons.io.comparator,LastModifiedFileComparatorTest,0,0,1,1,45,6,0,1,-1.0,0,2
commons-ioReplace Type,org.apache.commons.io.comparator,NameFileComparatorTest,0,0,2,2,31,2,0,1,-1.0,0,1
commons-ioReplace Type,org.apache.commons.io.comparator,PathFileComparatorTest,0,0,2,2,28,2,0,1,-1.0,0,1
commons-ioReplace Type,org.apache.commons.io.comparator,SizeFileComparatorTest,4,0,3,3,62,6,0,1,0.6666666666666666,0,2
commons-ioReplace Type,org.apache.commons.io.filefilter,AbstractFileFilter,0,0,3,3,31,3,20,1,-1.0,0,0
commons-ioReplace Type,org.apache.commons.io.filefilter,AgeFileFilter,3,0,8,8,84,8,0,2,0.375,0,1
commons-ioReplace Type,org.apache.commons.io.filefilter,AndFileFilter,2,0,10,10,120,21,0,2,0.0,2,1
commons-ioReplace Type,org.apache.commons.io.filefilter,CanExecuteFileFilter,3,2,2,1,29,2,0,2,1.0,1,1
commons-ioReplace Type,org.apache.commons.io.filefilter,CanReadFileFilter,4,3,2,1,33,2,0,2,1.0,2,2
commons-ioReplace Type,org.apache.commons.io.filefilter,CanWriteFileFilter,3,2,2,1,29,2,0,2,1.0,2,1
commons-ioReplace Type,org.apache.commons.io.filefilter,ConditionalFileFilter,0,0,4,0,32,4,2,0,-1.0,1,1
commons-ioReplace Type,org.apache.commons.io.filefilter,DelegateFileFilter,3,0,5,5,71,9,0,2,0.0,0,0
commons-ioReplace Type,org.apache.commons.io.filefilter,DirectoryFileFilter,3,2,2,1,31,2,0,2,1.0,3,1
commons-ioReplace Type,org.apache.commons.io.filefilter,EmptyFileFilter,3,2,2,1,33,3,0,2,1.0,1,1
commons-ioReplace Type,org.apache.commons.io.filefilter,FalseFileFilter,3,2,3,2,40,3,1,1,1.0,3,1
commons-ioReplace Type,org.apache.commons.io.filefilter,FileFileFilter,2,1,2,1,26,2,0,2,1.0,2,1
commons-ioReplace Type,org.apache.commons.io.filefilter,FileFilterUtils,2,0,43,42,495,58,0,0,0.9767441860465116,7,6
commons-ioReplace Type,org.apache.commons.io.filefilter,HiddenFileFilter,3,2,2,1,29,2,0,2,1.0,2,1
commons-ioReplace Type,org.apache.commons.io.filefilter,IOFileFilter,0,0,2,0,20,2,3,0,-1.0,26,0
commons-ioReplace Type,org.apache.commons.io.filefilter,MagicNumberFileFilter,3,0,6,6,113,14,0,2,0.5,0,0
commons-ioReplace Type,org.apache.commons.io.filefilter,NameFileFilter,3,0,9,9,131,19,0,2,0.2222222222222222,1,0
commons-ioReplace Type,org.apache.commons.io.filefilter,NotFileFilter,2,0,4,4,48,5,0,2,0.0,0,1
commons-ioReplace Type,org.apache.commons.io.filefilter,OrFileFilter,2,0,10,10,114,19,0,2,0.0,2,1
commons-ioReplace Type,org.apache.commons.io.filefilter,PrefixFileFilter,3,0,9,9,134,19,0,2,0.2222222222222222,0,0
commons-ioReplace Type,org.apache.commons.io.filefilter,RegexFileFilter,2,0,5,5,70,10,0,2,0.0,0,0
commons-ioReplace Type,org.apache.commons.io.filefilter,SizeFileFilter,3,0,4,4,56,5,0,2,0.0,0,0
commons-ioReplace Type,org.apache.commons.io.filefilter,SuffixFileFilter,3,0,9,9,134,19,0,2,0.2222222222222222,0,0
commons-ioReplace Type,org.apache.commons.io.filefilter,TrueFileFilter,3,2,3,2,40,3,1,1,1.0,4,1
commons-ioReplace Type,org.apache.commons.io.filefilter,WildcardFileFilter,3,0,9,9,128,19,0,2,0.2222222222222222,0,1
commons-ioReplace Type,org.apache.commons.io.filefilter,WildcardFilter,2,0,5,5,80,14,0,2,0.0,0,1
commons-ioReplace Type,org.apache.commons.io.filefilter,AndFileFilterTestCase,7,0,11,1,193,12,0,2,0.5454545454545454,0,1
commons-ioReplace Type,org.apache.commons.io.filefilter,ConditionalFileFilterAbstractTestCase,6,0,16,6,116,21,2,1,0.0,0,4
commons-ioReplace Type,org.apache.commons.io.filefilter,FileFilterTestCase,3,1,50,49,1101,76,0,0,0.2,0,16
commons-ioReplace Type,org.apache.commons.io.filefilter,IOFileFilterAbstractTestCase,4,0,18,18,87,26,1,0,0.7222222222222222,0,1
commons-ioReplace Type,org.apache.commons.io.filefilter,TesterTrueFileFilter,2,0,5,5,21,5,0,2,0.0,1,0
commons-ioReplace Type,org.apache.commons.io.filefilter,TesterFalseFileFilter,2,0,5,5,21,5,0,2,0.0,1,0
commons-ioReplace Type,org.apache.commons.io.filefilter,OrFileFilterTestCase,7,0,11,1,193,12,0,2,0.5454545454545454,0,1
commons-ioReplace Type,org.apache.commons.io.filefilter,RegexFileFilterTestCase,1,1,2,2,61,4,0,0,0.0,0,1
commons-ioReplace Type,org.apache.commons.io.input,AbstractCharacterFilterReader,0,0,4,2,43,9,2,0,-1.0,0,0
commons-ioReplace Type,org.apache.commons.io.input,AutoCloseInputStream,0,0,4,2,40,5,0,1,-1.0,0,0
commons-ioReplace Type,org.apache.commons.io.input,BOMInputStream,9,0,18,15,244,36,0,1,0.16666666666666666,2,1
commons-ioReplace Type,org.apache.commons.io.input,BoundedInputStream,5,0,14,14,158,19,0,0,0.0,1,0
commons-ioReplace Type,org.apache.commons.io.input,BoundedReader,6,0,6,6,85,10,0,0,0.0,1,0
commons-ioReplace Type,org.apache.commons.io.input,BrokenInputStream,1,0,7,7,62,7,0,0,0.2857142857142857,0,0
commons-ioReplace Type,org.apache.commons.io.input,CharacterFilterReader,1,0,2,1,18,2,0,1,0.0,0,0
commons-ioReplace Type,org.apache.commons.io.input,CharacterSetFilterReader,2,0,2,1,19,2,0,1,0.0,1,0
commons-ioReplace Type,org.apache.commons.io.input,CharSequenceInputStream,7,0,14,13,171,31,0,0,0.35714285714285715,1,0
commons-ioReplace Type,org.apache.commons.io.input,CharSequenceReader,4,0,9,9,106,17,0,0,0.2222222222222222,0,0
commons-ioReplace Type,org.apache.commons.io.input,ClassLoaderObjectInputStream,1,0,3,1,57,4,0,0,0.0,0,0
commons-ioReplace Type,org.apache.commons.io.input,ClosedInputStream,1,1,1,1,17,1,0,0,0.0,1,1
commons-ioReplace Type,org.apache.commons.io.input,CloseShieldInputStream,0,0,2,2,19,2,0,1,-1.0,0,0
commons-ioReplace Type,org.apache.commons.io.input,CountingInputStream,1,0,7,6,80,10,0,1,0.2857142857142857,1,0
commons-ioReplace Type,org.apache.commons.io.input,CRefactored,0,0,1,1,3,1,1,0,-1.0,0,1
commons-ioReplace Type,org.apache.commons.io.input,DemuxInputStream,1,0,3,3,38,5,0,0,0.0,2,0
commons-ioReplace Type,org.apache.commons.io.input,Eof,0,0,1,1,8,1,0,1,-1.0,0,1
commons-ioReplace Type,org.apache.commons.io.input,InfiniteCircularInputStream,2,0,2,2,18,2,0,0,0.0,0,0
commons-ioReplace Type,org.apache.commons.io.input,MessageDigestCalculatingInputStream,2,0,7,7,59,7,0,2,0.5714285714285714,0,0
commons-ioReplace Type,org.apache.commons.io.input,MessageDigestMaintainingObserver,1,0,3,3,19,3,0,1,0.0,0,0
commons-ioReplace Type,org.apache.commons.io.input,NullInputStream,7,0,16,13,208,31,1,0,0.0,2,0
commons-ioReplace Type,org.apache.commons.io.input,NullReader,7,0,15,12,192,28,2,0,0.0,0,0
commons-ioReplace Type,org.apache.commons.io.input,ObservableInputStream,1,0,20,14,217,36,1,1,0.35,1,1
commons-ioReplace Type,org.apache.commons.io.input,Observer,0,0,5,5,38,5,3,0,-1.0,1,0
commons-ioReplace Type,org.apache.commons.io.input,ProxyInputStream,0,0,13,10,159,13,8,0,-1.0,0,0
commons-ioReplace Type,org.apache.commons.io.input,ProxyReader,0,0,14,11,184,14,1,0,-1.0,1,0
commons-ioReplace Type,org.apache.commons.io.input,ReaderInputStream,7,0,15,13,183,26,0,0,0.0,3,0
commons-ioReplace Type,org.apache.commons.io.input,ReversedLinesFileReader,16,0,11,6,245,37,0,0,0.18181818181818182,3,2
commons-ioReplace Type,org.apache.commons.io.input,FilePart,4,0,5,0,120,21,0,0,0.0,1,0
commons-ioReplace Type,org.apache.commons.io.input,SwappedDataInputStream,0,0,16,16,158,18,0,1,-1.0,1,1
commons-ioReplace Type,org.apache.commons.io.input,TaggedInputStream,1,0,4,3,42,4,0,1,0.5,1,1
commons-ioReplace Type,org.apache.commons.io.input,Tailer,12,0,20,18,371,36,0,0,0.0,5,3
commons-ioReplace Type,org.apache.commons.io.input,TailerListener,0,0,5,0,29,5,1,0,-1.0,1,1
commons-ioReplace Type,org.apache.commons.io.input,TailerListenerAdapter,0,0,6,6,40,6,1,1,-1.0,0,1
commons-ioReplace Type,org.apache.commons.io.input,TeeInputStream,2,0,6,6,88,10,0,1,0.0,0,0
commons-ioReplace Type,org.apache.commons.io.input,UnixLineEndingInputStream,5,0,6,4,84,13,0,0,0.3333333333333333,1,0
commons-ioReplace Type,org.apache.commons.io.input,WindowsLineEndingInputStream,6,0,6,4,95,15,0,0,0.3333333333333333,1,0
commons-ioReplace Type,org.apache.commons.io.input,XmlStreamReader,22,1,23,13,453,64,1,0,0.30434782608695654,4,4
commons-ioReplace Type,org.apache.commons.io.input,XmlStreamReaderException,6,0,7,7,74,7,0,0,0.2857142857142857,1,0
commons-ioReplace Type,org.apache.commons.io.input,AutoCloseInputStreamTest,3,0,6,6,59,11,0,0,0.0,0,0
commons-ioReplace Type,org.apache.commons.io.input,BOMInputStreamTest,1,0,59,47,608,67,0,0,0.1016949152542373,0,2
commons-ioReplace Type,org.apache.commons.io.input,ExpectCloseInputStream,1,0,3,3,15,3,0,0,0.6666666666666666,0,0
commons-ioReplace Type,org.apache.commons.io.input,BoundedInputStreamTest,0,0,3,2,46,7,0,0,-1.0,0,2
commons-ioReplace Type,org.apache.commons.io.input,BoundedReaderTest,4,0,19,18,165,22,0,0,0.21052631578947367,0,2
commons-ioReplace Type,org.apache.commons.io.input,BrokenInputStreamTest,2,0,6,6,70,6,0,0,0.0,0,0
commons-ioReplace Type,org.apache.commons.io.input,CharacterFilterReaderTest,0,0,5,5,35,5,0,0,-1.0,0,0
commons-ioReplace Type,org.apache.commons.io.input,CharacterSetFilterReaderTest,0,0,10,10,86,10,0,0,-1.0,0,1
commons-ioReplace Type,org.apache.commons.io.input,CharSequenceInputStreamTest,4,0,44,30,271,64,0,0,0.09090909090909091,0,2
commons-ioReplace Type,org.apache.commons.io.input,CharSequenceReaderTest,1,0,9,7,86,11,0,0,0.4444444444444444,0,0
commons-ioReplace Type,org.apache.commons.io.input,ClassLoaderObjectInputStreamTest,4,0,11,9,116,13,0,0,0.8181818181818182,0,1
commons-ioReplace Type,org.apache.commons.io.input,Test,4,0,4,2,27,6,0,0,0.5,2,1
commons-ioReplace Type,org.apache.commons.io.input,ClosedInputStreamTest,0,0,1,1,10,1,0,0,-1.0,0,0
commons-ioReplace Type,org.apache.commons.io.input,CloseShieldInputStreamTest,4,0,3,3,26,3,0,0,0.0,0,0
commons-ioReplace Type,org.apache.commons.io.input,CountingInputStreamTest,0,0,10,10,134,10,0,0,-1.0,0,3
commons-ioReplace Type,org.apache.commons.io.input,InfiniteCircularInputStreamTest,0,0,3,2,25,4,0,0,-1.0,0,0
commons-ioReplace Type,org.apache.commons.io.input,MessageDigestCalculatingInputStreamTest,0,0,2,2,20,3,0,0,-1.0,2,1
commons-ioReplace Type,org.apache.commons.io.input,NullInputStreamTest,0,0,10,8,153,18,0,0,-1.0,0,0
commons-ioReplace Type,org.apache.commons.io.input,TestNullInputStream,0,0,4,2,17,5,0,1,-1.0,0,0
commons-ioReplace Type,org.apache.commons.io.input,NullReaderTest,0,0,10,8,150,18,0,0,-1.0,0,1
commons-ioReplace Type,org.apache.commons.io.input,TestNullReader,0,0,4,2,17,5,0,1,-1.0,1,0
commons-ioReplace Type,org.apache.commons.io.input,ObservableInputStreamTest,6,0,6,6,99,11,0,0,0.0,0,4
commons-ioReplace Type,org.apache.commons.io.input,LastByteKeepingObserver,3,0,3,3,17,3,0,1,1.0,1,0
commons-ioReplace Type,org.apache.commons.io.input,LastBytesKeepingObserver,3,0,1,1,11,1,0,1,0.0,1,0
commons-ioReplace Type,org.apache.commons.io.input,ProxyReaderTest,0,0,6,4,38,6,0,0,-1.0,0,1
commons-ioReplace Type,org.apache.commons.io.input,ProxyReaderImpl,0,0,1,0,8,1,0,1,-1.0,0,0
commons-ioReplace Type,org.apache.commons.io.input,CustomNullReader,0,0,3,2,14,3,0,1,-1.0,0,0
commons-ioReplace Type,org.apache.commons.io.input,ReaderInputStreamTest,3,0,10,8,91,15,0,0,0.4,0,1
commons-ioReplace Type,org.apache.commons.io.input,ReversedLinesFileReaderTestParamBlockSize,15,0,23,20,144,27,0,0,0.08695652173913043,1,2
commons-ioReplace Type,org.apache.commons.io.input,ReversedLinesFileReaderTestParamFile,5,0,4,4,44,6,0,0,0.5,0,1
commons-ioReplace Type,org.apache.commons.io.input,ReversedLinesFileReaderTestSimple,1,0,4,4,26,4,0,0,0.75,0,1
commons-ioReplace Type,org.apache.commons.io.input,SwappedDataInputStreamTest,2,0,16,16,70,17,0,0,0.0,0,1
commons-ioReplace Type,org.apache.commons.io.input,TaggedInputStreamTest,0,0,4,4,81,4,0,0,-1.0,0,1
commons-ioReplace Type,org.apache.commons.io.input,TailerTest,8,1,23,19,328,34,0,0,0.13043478260869565,0,5
commons-ioReplace Type,org.apache.commons.io.input,TestTailerListener,6,0,8,8,35,8,0,2,0.75,1,1
commons-ioReplace Type,org.apache.commons.io.input,TeeInputStreamTest,3,0,8,8,62,8,0,0,0.0,0,0
commons-ioReplace Type,org.apache.commons.io.input,UnixLineEndingInputStreamTest,0,0,10,8,38,10,0,0,-1.0,0,1
commons-ioReplace Type,org.apache.commons.io.input,WindowsLineEndingInputStreamTest,0,0,9,7,36,9,0,0,-1.0,0,1
commons-ioReplace Type,org.apache.commons.io.input,XmlStreamReaderTest,21,1,26,18,334,34,0,0,0.07692307692307693,0,3
commons-ioReplace Type,org.apache.commons.io.input,XmlStreamReaderUtilitiesTest,14,0,23,11,252,23,0,0,0.30434782608695654,0,2
commons-ioReplace Type,org.apache.commons.io.input,MockXmlStreamReader,0,0,1,0,8,1,0,1,-1.0,1,0
commons-ioReplace Type,org.apache.commons.io.input.buffer,CircularBufferInputStream,4,0,8,6,96,19,1,0,0.25,1,1
commons-ioReplace Type,org.apache.commons.io.input.buffer,CircularByteBuffer,4,0,13,13,193,34,0,0,0.15384615384615385,1,0
commons-ioReplace Type,org.apache.commons.io.input.buffer,PeekableInputStream,0,0,4,4,54,8,0,1,-1.0,0,0
commons-ioReplace Type,org.apache.commons.io.input.buffer,CircularBufferInputStreamTest,1,0,2,1,56,11,0,0,0.0,0,1
commons-ioReplace Type,org.apache.commons.io.monitor,FileAlterationListener,0,0,8,0,48,8,2,0,-1.0,1,1
commons-ioReplace Type,org.apache.commons.io.monitor,FileAlterationListenerAdaptor,0,0,8,8,56,8,0,1,-1.0,1,1
commons-ioReplace Type,org.apache.commons.io.monitor,FileAlterationMonitor,5,0,12,12,145,25,0,0,0.16666666666666666,1,1
commons-ioReplace Type,org.apache.commons.io.monitor,FileAlterationObserver,5,0,23,15,308,51,0,0,0.17391304347826086,7,4
commons-ioReplace Type,org.apache.commons.io.monitor,FileEntry,10,0,19,19,167,20,0,0,0.10526315789473684,2,1
commons-ioReplace Type,org.apache.commons.io.monitor,AbstractMonitorTestCase,5,1,5,1,97,6,2,0,0.4,0,6
commons-ioReplace Type,org.apache.commons.io.monitor,CollectionFileListener,8,0,16,16,130,17,0,1,0.125,1,1
commons-ioReplace Type,org.apache.commons.io.monitor,FileAlterationMonitorTestCase,1,0,8,7,136,11,0,1,0.625,0,3
commons-ioReplace Type,org.apache.commons.io.monitor,FileAlterationObserverTestCase,0,0,9,8,287,9,0,1,-1.0,0,5
commons-ioReplace Type,org.apache.commons.io.output,AppendableOutputStream,1,0,3,3,32,3,0,0,0.0,1,0
commons-ioReplace Type,org.apache.commons.io.output,BrokenOutputStream,1,0,5,5,45,5,0,0,0.4,0,0
commons-ioReplace Type,org.apache.commons.io.output,ByteArrayOutputStream,8,0,17,16,290,36,0,0,0.17647058823529413,15,1
commons-ioReplace Type,org.apache.commons.io.output,ChunkedOutputStream,2,0,3,3,51,5,0,0,0.6666666666666666,1,0
commons-ioReplace Type,org.apache.commons.io.output,ChunkedWriter,2,0,3,3,51,5,0,0,0.6666666666666666,0,0
commons-ioReplace Type,org.apache.commons.io.output,ClosedOutputStream,1,1,2,2,25,2,0,0,1.0,1,1
commons-ioReplace Type,org.apache.commons.io.output,CloseShieldOutputStream,0,0,2,2,20,2,0,1,-1.0,0,0
commons-ioReplace Type,org.apache.commons.io.output,CountingOutputStream,1,0,6,5,66,8,0,1,0.3333333333333333,1,0
commons-ioReplace Type,org.apache.commons.io.output,DeferredFileOutputStream,7,0,12,9,182,20,0,1,0.0,1,3
commons-ioReplace Type,org.apache.commons.io.output,DemuxOutputStream,1,0,4,4,47,7,0,0,0.0,2,0
commons-ioReplace Type,org.apache.commons.io.output,FileWriterWithEncoding,1,0,20,19,243,26,0,0,0.5,2,2
commons-ioReplace Type,org.apache.commons.io.output,LockableFileWriter,3,0,20,17,252,27,0,0,0.5,0,2
commons-ioReplace Type,org.apache.commons.io.output,NullOutputStream,1,1,3,3,31,3,0,0,1.0,1,1
commons-ioReplace Type,org.apache.commons.io.output,NullWriter,1,1,11,11,87,11,0,0,1.0,2,1
commons-ioReplace Type,org.apache.commons.io.output,ProxyOutputStream,0,0,9,6,109,9,4,0,-1.0,0,0
commons-ioReplace Type,org.apache.commons.io.output,ProxyWriter,0,0,14,11,208,17,0,0,-1.0,0,0
commons-ioReplace Type,org.apache.commons.io.output,StringBuilderWriter,2,0,12,12,101,14,0,0,0.25,0,0
commons-ioReplace Type,org.apache.commons.io.output,TaggedOutputStream,1,0,4,3,42,4,0,1,0.5,1,1
commons-ioReplace Type,org.apache.commons.io.output,TeeOutputStream,1,0,6,6,67,6,0,1,0.0,1,0
commons-ioReplace Type,org.apache.commons.io.output,ThresholdingOutputStream,3,0,14,9,133,15,1,0,0.0,0,0
commons-ioReplace Type,org.apache.commons.io.output,WriterOutputStream,6,0,15,12,201,24,0,0,0.0,2,1
commons-ioReplace Type,org.apache.commons.io.output,XmlStreamWriter,7,0,10,9,143,21,0,0,0.2,1,1
commons-ioReplace Type,org.apache.commons.io.output,AppendableOutputStreamTest,1,0,3,3,18,3,0,0,0.0,0,1
commons-ioReplace Type,org.apache.commons.io.output,BrokenOutputStreamTest,2,0,4,4,52,4,0,0,0.0,0,0
commons-ioReplace Type,org.apache.commons.io.output,ByteArrayOutputStreamTestCase,1,0,8,3,133,17,0,0,0.5,1,3
commons-ioReplace Type,org.apache.commons.io.output,ChunkedOutputStreamTest,0,0,5,4,34,5,0,0,-1.0,0,2
commons-ioReplace Type,org.apache.commons.io.output,ChunkedWriterTest,0,0,5,4,35,5,0,0,-1.0,0,1
commons-ioReplace Type,org.apache.commons.io.output,ClosedOutputStreamTest,0,0,2,2,29,2,0,0,-1.0,0,0
commons-ioReplace Type,org.apache.commons.io.output,CloseShieldOutputStreamTest,3,0,3,3,31,3,0,0,0.0,0,1
commons-ioReplace Type,org.apache.commons.io.output,CountingOutputStreamTest,0,0,3,2,63,8,0,0,-1.0,0,3
commons-ioReplace Type,org.apache.commons.io.output,DeferredFileOutputStreamTest,3,0,13,12,262,13,0,0,0.15384615384615385,0,2
commons-ioReplace Type,org.apache.commons.io.output,FileWriterWithEncodingTest,6,1,16,13,188,19,0,0,0.0,0,2
commons-ioReplace Type,org.apache.commons.io.output,LockableFileWriterTest,6,1,9,8,122,9,0,0,0.0,0,0
commons-ioReplace Type,org.apache.commons.io.output,NullOutputStreamTest,0,0,1,1,17,1,0,0,-1.0,0,0
commons-ioReplace Type,org.apache.commons.io.output,NullWriterTest,0,0,1,1,16,1,0,0,-1.0,0,0
commons-ioReplace Type,org.apache.commons.io.output,ProxyOutputStreamTest,2,0,4,4,28,6,0,0,0.5,0,1
commons-ioReplace Type,org.apache.commons.io.output,ProxyWriterTest,0,0,31,31,192,31,0,0,-1.0,0,0
commons-ioReplace Type,org.apache.commons.io.output,StringBuilderWriterTest,1,0,12,12,99,12,0,0,1.0,0,0
commons-ioReplace Type,org.apache.commons.io.output,TaggedOutputStreamTest,0,0,3,3,87,3,0,0,-1.0,0,1
commons-ioReplace Type,org.apache.commons.io.output,TeeOutputStreamTest,1,0,6,5,83,10,0,0,0.5,0,2
commons-ioReplace Type,org.apache.commons.io.output,ExceptionOnCloseByteArrayOutputStream,0,0,1,1,5,1,0,0,-1.0,0,0
commons-ioReplace Type,org.apache.commons.io.output,RecordCloseByteArrayOutputStream,1,0,1,1,7,1,0,0,0.0,1,0
commons-ioReplace Type,org.apache.commons.io.output,ThresholdingOutputStreamTest,0,0,3,1,22,3,0,0,-1.0,0,0
commons-ioReplace Type,org.apache.commons.io.output,WriterOutputStreamTest,3,0,14,12,95,18,0,0,0.21428571428571427,0,1
commons-ioReplace Type,org.apache.commons.io.output,XmlStreamWriterTest,6,1,17,13,105,19,0,0,0.11764705882352941,1,3
commons-ioReplace Type,org.apache.commons.io.serialization,ClassNameMatcher,0,0,1,0,11,1,3,0,-1.0,4,0
commons-ioReplace Type,org.apache.commons.io.serialization,FullClassNameMatcher,1,0,2,2,16,2,0,1,0.0,1,0
commons-ioReplace Type,org.apache.commons.io.serialization,RegexpClassNameMatcher,1,0,3,3,27,4,0,1,0.6666666666666666,0,0
commons-ioReplace Type,org.apache.commons.io.serialization,ValidatingObjectInputStream,2,0,12,9,129,21,1,0,0.16666666666666666,0,1
commons-ioReplace Type,org.apache.commons.io.serialization,WildcardClassNameMatcher,1,0,2,2,16,2,0,1,0.0,0,1
commons-ioReplace Type,org.apache.commons.io.serialization,ClosingBase,1,0,3,2,22,4,2,0,0.0,0,0
commons-ioReplace Type,org.apache.commons.io.serialization,FullClassNameMatcherTest,1,0,2,2,12,2,0,0,1.0,0,1
commons-ioReplace Type,org.apache.commons.io.serialization,MockSerializedClass,2,0,3,2,16,4,0,0,0.0,1,0
commons-ioReplace Type,org.apache.commons.io.serialization,MoreComplexObject,8,0,2,1,21,3,0,0,0.0,1,0
commons-ioReplace Type,org.apache.commons.io.serialization,MoreComplexObjectTest,2,0,5,4,37,5,0,1,0.0,0,1
commons-ioReplace Type,org.apache.commons.io.serialization,RegexpClassNameMatcherTest,0,0,5,5,24,5,0,0,-1.0,0,1
commons-ioReplace Type,org.apache.commons.io.serialization,ValidatingObjectInputStreamTest,3,0,23,20,91,23,0,1,0.17391304347826086,0,2
commons-ioReplace Type,org.apache.commons.io.serialization,CustomVOIS,0,0,2,0,8,2,0,1,-1.0,0,0
commons-ioReplace Type,org.apache.commons.io.serialization,WildcardClassNameMatcherTest,0,0,3,3,18,3,0,0,-1.0,0,1
commons-ioReplace Type,org.apache.commons.io.input.compatibility,XmlStreamReader,21,1,26,13,438,75,1,0,0.23076923076923078,2,2
commons-ioReplace Type,org.apache.commons.io.input.compatibility,XmlStreamReaderException,2,0,3,3,39,3,1,6116,0.0,1,0
commons-ioReplace Type,org.apache.commons.io.input.compatibility,XmlStreamReaderUtilitiesCompatibilityTest,0,0,3,0,23,3,0,0,-1.0,0,1
commons-ioReplace Type,org.apache.commons.io.input.compatibility,MockXmlStreamReader,0,0,1,0,8,1,0,1,-1.0,0,0
commons-ioReplace Type,org.apache.commons.io.testtools,SystemDefaultsSwitch,0,0,3,2,31,5,0,0,-1.0,2,0
commons-ioReplace Type,org.apache.commons.io.testtools,TestUtils,0,0,15,13,152,27,0,0,-1.0,18,3
commons-ioReplace Type,org.apache.commons.io.testtools,YellOnCloseInputStream,0,0,2,2,17,2,0,0,-1.0,0,0
commons-ioReplace Type,org.apache.commons.io.testtools,YellOnFlushAndCloseOutputStream,2,0,4,4,39,6,0,0,0.0,2,0
