Project Name,Package Name,Type Name,Code Smell
jhotdraw-7.5.1 - Move Method,net.n3.nanoxml,CDATAReader,Unutilized Abstraction
jhotdraw-7.5.1 - Move Method,net.n3.nanoxml,ContentReader,Unutilized Abstraction
jhotdraw-7.5.1 - Move Method,net.n3.nanoxml,IXMLElement,Deficient Encapsulation
jhotdraw-7.5.1 - Move Method,net.n3.nanoxml,IXMLElement,Insufficient Modularization
jhotdraw-7.5.1 - Move Method,net.n3.nanoxml,NonValidator,Unutilized Abstraction
jhotdraw-7.5.1 - Move Method,net.n3.nanoxml,PIReader,Unutilized Abstraction
jhotdraw-7.5.1 - Move Method,net.n3.nanoxml,StdXMLBuilder,Unutilized Abstraction
jhotdraw-7.5.1 - Move Method,net.n3.nanoxml,StdXMLParser,Unutilized Abstraction
jhotdraw-7.5.1 - Move Method,net.n3.nanoxml,StackedReader,Unnecessary Abstraction
jhotdraw-7.5.1 - Move Method,net.n3.nanoxml,ValidatorPlugin,Unutilized Abstraction
jhotdraw-7.5.1 - Move Method,net.n3.nanoxml,XMLElement,Unutilized Abstraction
jhotdraw-7.5.1 - Move Method,net.n3.nanoxml,XMLElement,Deficient Encapsulation
jhotdraw-7.5.1 - Move Method,net.n3.nanoxml,XMLElement,Insufficient Modularization
jhotdraw-7.5.1 - Move Method,net.n3.nanoxml,XMLEntityResolver,Unutilized Abstraction
jhotdraw-7.5.1 - Move Method,net.n3.nanoxml,XMLParseException,Unutilized Abstraction
jhotdraw-7.5.1 - Move Method,net.n3.nanoxml,XMLParseException,Broken Hierarchy
jhotdraw-7.5.1 - Move Method,net.n3.nanoxml,XMLParserFactory,Deficient Encapsulation
jhotdraw-7.5.1 - Move Method,net.n3.nanoxml,XMLValidationException,Deficient Encapsulation
jhotdraw-7.5.1 - Move Method,net.n3.nanoxml,XMLValidationException,Broken Hierarchy
jhotdraw-7.5.1 - Move Method,org.jhotdraw.app,AbstractApplication,Unutilized Abstraction
jhotdraw-7.5.1 - Move Method,org.jhotdraw.app,AbstractApplication,Deficient Encapsulation
jhotdraw-7.5.1 - Move Method,org.jhotdraw.app,AbstractApplication,Insufficient Modularization
jhotdraw-7.5.1 - Move Method,org.jhotdraw.app,AbstractApplicationModel,Unutilized Abstraction
jhotdraw-7.5.1 - Move Method,org.jhotdraw.app,AbstractApplicationModel,Deficient Encapsulation
jhotdraw-7.5.1 - Move Method,org.jhotdraw.app,AbstractApplicationModel,Rebellious Hierarchy
jhotdraw-7.5.1 - Move Method,org.jhotdraw.app,AbstractApplicationModel,Insufficient Modularization
jhotdraw-7.5.1 - Move Method,org.jhotdraw.app,AbstractView,Unutilized Abstraction
jhotdraw-7.5.1 - Move Method,org.jhotdraw.app,AbstractView,Insufficient Modularization
jhotdraw-7.5.1 - Move Method,org.jhotdraw.app,AppletApplication,Unutilized Abstraction
jhotdraw-7.5.1 - Move Method,org.jhotdraw.app,Application,Deficient Encapsulation
jhotdraw-7.5.1 - Move Method,org.jhotdraw.app,Application,Cyclic-Dependent Modularization
jhotdraw-7.5.1 - Move Method,org.jhotdraw.app,Application,Insufficient Modularization
jhotdraw-7.5.1 - Move Method,org.jhotdraw.app,ApplicationModel,Cyclic-Dependent Modularization
jhotdraw-7.5.1 - Move Method,org.jhotdraw.app,DefaultApplicationModel,Unutilized Abstraction
jhotdraw-7.5.1 - Move Method,org.jhotdraw.app,EmptyApplicationModel,Unutilized Abstraction
jhotdraw-7.5.1 - Move Method,org.jhotdraw.app,MDIApplication,Unutilized Abstraction
jhotdraw-7.5.1 - Move Method,org.jhotdraw.app,MDIApplication,Insufficient Modularization
jhotdraw-7.5.1 - Move Method,org.jhotdraw.app,WindowMenuHandler,Unutilized Abstraction
jhotdraw-7.5.1 - Move Method,org.jhotdraw.app,DropFileTransferHandler,Unutilized Abstraction
jhotdraw-7.5.1 - Move Method,org.jhotdraw.app,OSXApplication,Unutilized Abstraction
jhotdraw-7.5.1 - Move Method,org.jhotdraw.app,OSXApplication,Cyclic-Dependent Modularization
jhotdraw-7.5.1 - Move Method,org.jhotdraw.app,OSXApplication,Insufficient Modularization
jhotdraw-7.5.1 - Move Method,org.jhotdraw.app,WindowMenuHandler,Unutilized Abstraction
jhotdraw-7.5.1 - Move Method,org.jhotdraw.app,QuitHandler,Unutilized Abstraction
jhotdraw-7.5.1 - Move Method,org.jhotdraw.app,PrintableView,Broken Hierarchy
jhotdraw-7.5.1 - Move Method,org.jhotdraw.app,SDIApplication,Unutilized Abstraction
jhotdraw-7.5.1 - Move Method,org.jhotdraw.app,View,Deficient Encapsulation
jhotdraw-7.5.1 - Move Method,org.jhotdraw.app,View,Rebellious Hierarchy
jhotdraw-7.5.1 - Move Method,org.jhotdraw.app,View,Cyclic-Dependent Modularization
jhotdraw-7.5.1 - Move Method,org.jhotdraw.app,View,Insufficient Modularization
jhotdraw-7.5.1 - Move Method,org.jhotdraw.app.action,AbstractApplicationAction,Unutilized Abstraction
jhotdraw-7.5.1 - Move Method,org.jhotdraw.app.action,AbstractSaveUnsavedChangesAction,Unutilized Abstraction
jhotdraw-7.5.1 - Move Method,org.jhotdraw.app.action,AbstractSaveUnsavedChangesAction,Broken Hierarchy
jhotdraw-7.5.1 - Move Method,org.jhotdraw.app.action,AbstractViewAction,Unutilized Abstraction
jhotdraw-7.5.1 - Move Method,org.jhotdraw.app.action,AbstractViewAction,Deficient Encapsulation
jhotdraw-7.5.1 - Move Method,org.jhotdraw.app.action,ActionUtil,Deficient Encapsulation
jhotdraw-7.5.1 - Move Method,org.jhotdraw.app.action.app,AboutAction,Deficient Encapsulation
jhotdraw-7.5.1 - Move Method,org.jhotdraw.app.action.app,AbstractPreferencesAction,Deficient Encapsulation
jhotdraw-7.5.1 - Move Method,org.jhotdraw.app.action.app,ExitAction,Deficient Encapsulation
jhotdraw-7.5.1 - Move Method,org.jhotdraw.app.action.app,OpenApplicationAction,Deficient Encapsulation
jhotdraw-7.5.1 - Move Method,org.jhotdraw.app.action.app,OpenApplicationFileAction,Deficient Encapsulation
jhotdraw-7.5.1 - Move Method,org.jhotdraw.app.action.app,PrintApplicationFileAction,Deficient Encapsulation
jhotdraw-7.5.1 - Move Method,org.jhotdraw.app.action.app,ReOpenApplicationAction,Deficient Encapsulation
jhotdraw-7.5.1 - Move Method,org.jhotdraw.app.action.edit,AbstractFindAction,Deficient Encapsulation
jhotdraw-7.5.1 - Move Method,org.jhotdraw.app.action.edit,AbstractSelectionAction,Unutilized Abstraction
jhotdraw-7.5.1 - Move Method,org.jhotdraw.app.action.edit,ClearSelectionAction,Unutilized Abstraction
jhotdraw-7.5.1 - Move Method,org.jhotdraw.app.action.edit,ClearSelectionAction,Deficient Encapsulation
jhotdraw-7.5.1 - Move Method,org.jhotdraw.app.action.edit,ClearSelectionAction,Broken Hierarchy
jhotdraw-7.5.1 - Move Method,org.jhotdraw.app.action.edit,CopyAction,Unutilized Abstraction
jhotdraw-7.5.1 - Move Method,org.jhotdraw.app.action.edit,CopyAction,Deficient Encapsulation
jhotdraw-7.5.1 - Move Method,org.jhotdraw.app.action.edit,CopyAction,Broken Hierarchy
jhotdraw-7.5.1 - Move Method,org.jhotdraw.app.action.edit,CutAction,Unutilized Abstraction
jhotdraw-7.5.1 - Move Method,org.jhotdraw.app.action.edit,CutAction,Deficient Encapsulation
jhotdraw-7.5.1 - Move Method,org.jhotdraw.app.action.edit,CutAction,Broken Hierarchy
jhotdraw-7.5.1 - Move Method,org.jhotdraw.app.action.edit,DeleteAction,Deficient Encapsulation
jhotdraw-7.5.1 - Move Method,org.jhotdraw.app.action.edit,DuplicateAction,Unutilized Abstraction
jhotdraw-7.5.1 - Move Method,org.jhotdraw.app.action.edit,DuplicateAction,Deficient Encapsulation
jhotdraw-7.5.1 - Move Method,org.jhotdraw.app.action.edit,DuplicateAction,Broken Hierarchy
jhotdraw-7.5.1 - Move Method,org.jhotdraw.app.action.edit,PasteAction,Unutilized Abstraction
jhotdraw-7.5.1 - Move Method,org.jhotdraw.app.action.edit,PasteAction,Deficient Encapsulation
jhotdraw-7.5.1 - Move Method,org.jhotdraw.app.action.edit,PasteAction,Broken Hierarchy
jhotdraw-7.5.1 - Move Method,org.jhotdraw.app.action.edit,RedoAction,Deficient Encapsulation
jhotdraw-7.5.1 - Move Method,org.jhotdraw.app.action.edit,SelectAllAction,Unutilized Abstraction
jhotdraw-7.5.1 - Move Method,org.jhotdraw.app.action.edit,SelectAllAction,Deficient Encapsulation
jhotdraw-7.5.1 - Move Method,org.jhotdraw.app.action.edit,SelectAllAction,Broken Hierarchy
jhotdraw-7.5.1 - Move Method,org.jhotdraw.app.action.edit,UndoAction,Deficient Encapsulation
jhotdraw-7.5.1 - Move Method,org.jhotdraw.app.action.file,ClearFileAction,Deficient Encapsulation
jhotdraw-7.5.1 - Move Method,org.jhotdraw.app.action.file,ClearRecentFilesMenuAction,Deficient Encapsulation
jhotdraw-7.5.1 - Move Method,org.jhotdraw.app.action.file,CloseFileAction,Deficient Encapsulation
jhotdraw-7.5.1 - Move Method,org.jhotdraw.app.action.file,ExportFileAction,Deficient Encapsulation
jhotdraw-7.5.1 - Move Method,org.jhotdraw.app.action.file,LoadDirectoryAction,Deficient Encapsulation
jhotdraw-7.5.1 - Move Method,org.jhotdraw.app.action.file,LoadDirectoryAction,Broken Hierarchy
jhotdraw-7.5.1 - Move Method,org.jhotdraw.app.action.file,LoadFileAction,Deficient Encapsulation
jhotdraw-7.5.1 - Move Method,org.jhotdraw.app.action.file,LoadRecentFileAction,Deficient Encapsulation
jhotdraw-7.5.1 - Move Method,org.jhotdraw.app.action.file,NewFileAction,Deficient Encapsulation
jhotdraw-7.5.1 - Move Method,org.jhotdraw.app.action.file,NewWindowAction,Deficient Encapsulation
jhotdraw-7.5.1 - Move Method,org.jhotdraw.app.action.file,NewWindowAction,Broken Hierarchy
jhotdraw-7.5.1 - Move Method,org.jhotdraw.app.action.file,OpenDirectoryAction,Deficient Encapsulation
jhotdraw-7.5.1 - Move Method,org.jhotdraw.app.action.file,OpenDirectoryAction,Broken Hierarchy
jhotdraw-7.5.1 - Move Method,org.jhotdraw.app.action.file,OpenFileAction,Deficient Encapsulation
jhotdraw-7.5.1 - Move Method,org.jhotdraw.app.action.file,OpenRecentFileAction,Deficient Encapsulation
jhotdraw-7.5.1 - Move Method,org.jhotdraw.app.action.file,PrintFileAction,Deficient Encapsulation
jhotdraw-7.5.1 - Move Method,org.jhotdraw.app.action.file,SaveFileAction,Deficient Encapsulation
jhotdraw-7.5.1 - Move Method,org.jhotdraw.app.action.file,SaveFileAsAction,Deficient Encapsulation
jhotdraw-7.5.1 - Move Method,org.jhotdraw.app.action.file,SaveFileAsAction,Broken Hierarchy
jhotdraw-7.5.1 - Move Method,org.jhotdraw.app.action.view,ToggleViewPropertyAction,Unutilized Abstraction
jhotdraw-7.5.1 - Move Method,org.jhotdraw.app.action.view,ViewPropertyAction,Unutilized Abstraction
jhotdraw-7.5.1 - Move Method,org.jhotdraw.app.action.window,ArrangeWindowsAction,Deficient Encapsulation
jhotdraw-7.5.1 - Move Method,org.jhotdraw.app.action.window,FocusWindowAction,Deficient Encapsulation
jhotdraw-7.5.1 - Move Method,org.jhotdraw.app.action.window,MaximizeWindowAction,Deficient Encapsulation
jhotdraw-7.5.1 - Move Method,org.jhotdraw.app.action.window,MinimizeWindowAction,Deficient Encapsulation
jhotdraw-7.5.1 - Move Method,org.jhotdraw.app.action.window,TogglePaletteAction,Cyclic-Dependent Modularization
jhotdraw-7.5.1 - Move Method,org.jhotdraw.app.action.window,ToggleToolBarAction,Unutilized Abstraction
jhotdraw-7.5.1 - Move Method,org.jhotdraw.app.action.window,ToggleVisibleAction,Unutilized Abstraction
jhotdraw-7.5.1 - Move Method,org.jhotdraw.app.osx,OSXPaletteHandler,Cyclic-Dependent Modularization
jhotdraw-7.5.1 - Move Method,org.jhotdraw.color,AbstractColorSlidersModel,Unutilized Abstraction
jhotdraw-7.5.1 - Move Method,org.jhotdraw.color,AbstractHarmonicRule,Unutilized Abstraction
jhotdraw-7.5.1 - Move Method,org.jhotdraw.color,CIELABColorSpace,Unutilized Abstraction
jhotdraw-7.5.1 - Move Method,org.jhotdraw.color,CIELCHabColorSpace,Unutilized Abstraction
jhotdraw-7.5.1 - Move Method,org.jhotdraw.color,CIEXYChromaticityDiagramImageProducer,Cyclic-Dependent Modularization
jhotdraw-7.5.1 - Move Method,org.jhotdraw.color,CMYKNominalColorSpace,Unutilized Abstraction
jhotdraw-7.5.1 - Move Method,org.jhotdraw.color,ColorListCellRenderer,Unutilized Abstraction
jhotdraw-7.5.1 - Move Method,org.jhotdraw.color,CSUIPropertyChangeHandler,Imperative Abstraction
jhotdraw-7.5.1 - Move Method,org.jhotdraw.color,CSUIPropertyChangeHandler,Unutilized Abstraction
jhotdraw-7.5.1 - Move Method,org.jhotdraw.color,TrackListener,Unutilized Abstraction
jhotdraw-7.5.1 - Move Method,org.jhotdraw.color,ColorSquareImageProducer,Unutilized Abstraction
jhotdraw-7.5.1 - Move Method,org.jhotdraw.color,ColorWheelChooser,Unutilized Abstraction
jhotdraw-7.5.1 - Move Method,org.jhotdraw.color,ComplexColorWheelImageProducer,Unutilized Abstraction
jhotdraw-7.5.1 - Move Method,org.jhotdraw.color,CompositeColor,Unutilized Abstraction
jhotdraw-7.5.1 - Move Method,org.jhotdraw.color,DefaultColorSliderModel,Unutilized Abstraction
jhotdraw-7.5.1 - Move Method,org.jhotdraw.color,DefaultColorSliderModel,Broken Hierarchy
jhotdraw-7.5.1 - Move Method,org.jhotdraw.color,DefaultHarmonicColorModel,Insufficient Modularization
jhotdraw-7.5.1 - Move Method,org.jhotdraw.color,HarmonicColorModel,Deficient Encapsulation
jhotdraw-7.5.1 - Move Method,org.jhotdraw.color,HarmonicColorModel,Cyclic-Dependent Modularization
jhotdraw-7.5.1 - Move Method,org.jhotdraw.color,HarmonicRule,Cyclic-Dependent Modularization
jhotdraw-7.5.1 - Move Method,org.jhotdraw.color,HSBColorSpace,Unutilized Abstraction
jhotdraw-7.5.1 - Move Method,org.jhotdraw.color,HSLColorSpace,Unutilized Abstraction
jhotdraw-7.5.1 - Move Method,org.jhotdraw.color,HSLHarmonicColorWheelImageProducer,Unutilized Abstraction
jhotdraw-7.5.1 - Move Method,org.jhotdraw.color,HSLPhysiologicColorSpace,Unutilized Abstraction
jhotdraw-7.5.1 - Move Method,org.jhotdraw.color,HSVColorSpace,Unutilized Abstraction
jhotdraw-7.5.1 - Move Method,org.jhotdraw.color,HSVHarmonicColorWheelImageProducer,Unutilized Abstraction
jhotdraw-7.5.1 - Move Method,org.jhotdraw.color,HSVPhysiologicColorSpace,Unutilized Abstraction
jhotdraw-7.5.1 - Move Method,org.jhotdraw.color,JColorWheel,Insufficient Modularization
jhotdraw-7.5.1 - Move Method,org.jhotdraw.color,JHarmonicColorWheel,Deficient Encapsulation
jhotdraw-7.5.1 - Move Method,org.jhotdraw.color,MouseHandler,Unutilized Abstraction
jhotdraw-7.5.1 - Move Method,org.jhotdraw.color,ModelHandler,Unutilized Abstraction
jhotdraw-7.5.1 - Move Method,org.jhotdraw.color,NamedColorSpace,Unutilized Abstraction
jhotdraw-7.5.1 - Move Method,org.jhotdraw.color,PolarColorWheelImageProducer,Unutilized Abstraction
jhotdraw-7.5.1 - Move Method,org.jhotdraw.color,QuantizingColorWheelImageProducer,Unutilized Abstraction
jhotdraw-7.5.1 - Move Method,org.jhotdraw.color,SimpleHarmonicRule,Unutilized Abstraction
jhotdraw-7.5.1 - Move Method,org.jhotdraw.color,SimpleHarmonicRule,Broken Hierarchy
jhotdraw-7.5.1 - Move Method,org.jhotdraw.draw,AbstractCompositeFigure,Insufficient Modularization
jhotdraw-7.5.1 - Move Method,org.jhotdraw.draw,AbstractFigure,Insufficient Modularization
jhotdraw-7.5.1 - Move Method,org.jhotdraw.draw,AttributeKey,Cyclic-Dependent Modularization
jhotdraw-7.5.1 - Move Method,org.jhotdraw.draw,AttributeKey,Insufficient Modularization
jhotdraw-7.5.1 - Move Method,org.jhotdraw.draw,AttributeKeys,Deficient Encapsulation
jhotdraw-7.5.1 - Move Method,org.jhotdraw.draw,BezierFigure,Insufficient Modularization
jhotdraw-7.5.1 - Move Method,org.jhotdraw.draw,CompositeFigure,Deficient Encapsulation
jhotdraw-7.5.1 - Move Method,org.jhotdraw.draw,CompositeFigure,Cyclic-Dependent Modularization
jhotdraw-7.5.1 - Move Method,org.jhotdraw.draw,CompositeFigure,Insufficient Modularization
jhotdraw-7.5.1 - Move Method,org.jhotdraw.draw,ConnectionFigure,Rebellious Hierarchy
jhotdraw-7.5.1 - Move Method,org.jhotdraw.draw,ConnectionFigure,Cyclic-Dependent Modularization
jhotdraw-7.5.1 - Move Method,org.jhotdraw.draw,ConnectionFigure,Insufficient Modularization
jhotdraw-7.5.1 - Move Method,org.jhotdraw.draw,Constrainer,Cyclic-Dependent Modularization
jhotdraw-7.5.1 - Move Method,org.jhotdraw.draw,DecoratedFigure,Unutilized Abstraction
jhotdraw-7.5.1 - Move Method,org.jhotdraw.draw,DecoratedFigure,Broken Hierarchy
jhotdraw-7.5.1 - Move Method,org.jhotdraw.draw,DefaultDrawing,Broken Hierarchy
jhotdraw-7.5.1 - Move Method,org.jhotdraw.draw,DefaultDrawingEditor,Insufficient Modularization
jhotdraw-7.5.1 - Move Method,org.jhotdraw.draw,DefaultDrawingView,Deficient Encapsulation
jhotdraw-7.5.1 - Move Method,org.jhotdraw.draw,DefaultDrawingView,Insufficient Modularization
jhotdraw-7.5.1 - Move Method,org.jhotdraw.draw,EventHandler,Unutilized Abstraction
jhotdraw-7.5.1 - Move Method,org.jhotdraw.draw,DefaultDrawingViewTransferHandler,Insufficient Modularization
jhotdraw-7.5.1 - Move Method,org.jhotdraw.draw,DragHandler,Unutilized Abstraction
jhotdraw-7.5.1 - Move Method,org.jhotdraw.draw,DiamondFigure,Deficient Encapsulation
jhotdraw-7.5.1 - Move Method,org.jhotdraw.draw,Drawing,Broken Hierarchy
jhotdraw-7.5.1 - Move Method,org.jhotdraw.draw,Drawing,Rebellious Hierarchy
jhotdraw-7.5.1 - Move Method,org.jhotdraw.draw,Drawing,Cyclic-Dependent Modularization
jhotdraw-7.5.1 - Move Method,org.jhotdraw.draw,Drawing,Insufficient Modularization
jhotdraw-7.5.1 - Move Method,org.jhotdraw.draw,DrawingEditor,Deficient Encapsulation
jhotdraw-7.5.1 - Move Method,org.jhotdraw.draw,DrawingEditor,Cyclic-Dependent Modularization
jhotdraw-7.5.1 - Move Method,org.jhotdraw.draw,DrawingEditorProxy,Insufficient Modularization
jhotdraw-7.5.1 - Move Method,org.jhotdraw.draw,DrawingView,Deficient Encapsulation
jhotdraw-7.5.1 - Move Method,org.jhotdraw.draw,DrawingView,Cyclic-Dependent Modularization
jhotdraw-7.5.1 - Move Method,org.jhotdraw.draw,DrawingView,Insufficient Modularization
jhotdraw-7.5.1 - Move Method,org.jhotdraw.draw,Figure,Deficient Encapsulation
jhotdraw-7.5.1 - Move Method,org.jhotdraw.draw,Figure,Cyclic-Dependent Modularization
jhotdraw-7.5.1 - Move Method,org.jhotdraw.draw,Figure,Insufficient Modularization
jhotdraw-7.5.1 - Move Method,org.jhotdraw.draw,FigureLayerComparator,Deficient Encapsulation
jhotdraw-7.5.1 - Move Method,org.jhotdraw.draw,GraphicalCompositeFigure,Cyclic-Dependent Modularization
jhotdraw-7.5.1 - Move Method,org.jhotdraw.draw,GraphicalCompositeFigure,Insufficient Modularization
jhotdraw-7.5.1 - Move Method,org.jhotdraw.draw,PresentationFigureHandler,Cyclic-Dependent Modularization
jhotdraw-7.5.1 - Move Method,org.jhotdraw.draw,GridConstrainer,Broken Hierarchy
jhotdraw-7.5.1 - Move Method,org.jhotdraw.draw,GridConstrainer,Insufficient Modularization
jhotdraw-7.5.1 - Move Method,org.jhotdraw.draw,GroupFigure,Unutilized Abstraction
jhotdraw-7.5.1 - Move Method,org.jhotdraw.draw,GroupFigure,Broken Hierarchy
jhotdraw-7.5.1 - Move Method,org.jhotdraw.draw,ImageFigure,Insufficient Modularization
jhotdraw-7.5.1 - Move Method,org.jhotdraw.draw,ImageHolderFigure,Broken Hierarchy
jhotdraw-7.5.1 - Move Method,org.jhotdraw.draw,LabeledLineConnectionFigure,Cyclic-Dependent Modularization
jhotdraw-7.5.1 - Move Method,org.jhotdraw.draw,LabeledLineConnectionFigure,Insufficient Modularization
jhotdraw-7.5.1 - Move Method,org.jhotdraw.draw,ChildHandler,Cyclic-Dependent Modularization
jhotdraw-7.5.1 - Move Method,org.jhotdraw.draw,LabelFigure,Unutilized Abstraction
jhotdraw-7.5.1 - Move Method,org.jhotdraw.draw,LineConnectionFigure,Deficient Encapsulation
jhotdraw-7.5.1 - Move Method,org.jhotdraw.draw,LineConnectionFigure,Cyclic-Dependent Modularization
jhotdraw-7.5.1 - Move Method,org.jhotdraw.draw,LineConnectionFigure,Insufficient Modularization
jhotdraw-7.5.1 - Move Method,org.jhotdraw.draw,ConnectionHandler,Cyclic-Dependent Modularization
jhotdraw-7.5.1 - Move Method,org.jhotdraw.draw,ListFigure,Broken Hierarchy
jhotdraw-7.5.1 - Move Method,org.jhotdraw.draw,QuadTreeCompositeFigure,Unutilized Abstraction
jhotdraw-7.5.1 - Move Method,org.jhotdraw.draw,QuadTreeCompositeFigure,Insufficient Modularization
jhotdraw-7.5.1 - Move Method,org.jhotdraw.draw,QuadTreeDrawing,Insufficient Modularization
jhotdraw-7.5.1 - Move Method,org.jhotdraw.draw,QuadTreeEventHandler,Unutilized Abstraction
jhotdraw-7.5.1 - Move Method,org.jhotdraw.draw,RoundRectangleFigure,Deficient Encapsulation
jhotdraw-7.5.1 - Move Method,org.jhotdraw.draw,RoundRectangleFigure,Insufficient Modularization
jhotdraw-7.5.1 - Move Method,org.jhotdraw.draw,TextAreaFigure,Insufficient Modularization
jhotdraw-7.5.1 - Move Method,org.jhotdraw.draw,TextFigure,Insufficient Modularization
jhotdraw-7.5.1 - Move Method,org.jhotdraw.draw,TextHolderFigure,Broken Hierarchy
jhotdraw-7.5.1 - Move Method,org.jhotdraw.draw.action,AbstractDrawingEditorAction,Unutilized Abstraction
jhotdraw-7.5.1 - Move Method,org.jhotdraw.draw.action,AbstractDrawingViewAction,Unutilized Abstraction
jhotdraw-7.5.1 - Move Method,org.jhotdraw.draw.action,EventHandler,Unutilized Abstraction
jhotdraw-7.5.1 - Move Method,org.jhotdraw.draw.action,AbstractSelectedAction,Wide Hierarchy
jhotdraw-7.5.1 - Move Method,org.jhotdraw.draw.action,EventHandler,Unutilized Abstraction
jhotdraw-7.5.1 - Move Method,org.jhotdraw.draw.action,AlignAction,Broken Hierarchy
jhotdraw-7.5.1 - Move Method,org.jhotdraw.draw.action,North,Unutilized Abstraction
jhotdraw-7.5.1 - Move Method,org.jhotdraw.draw.action,East,Unutilized Abstraction
jhotdraw-7.5.1 - Move Method,org.jhotdraw.draw.action,West,Unutilized Abstraction
jhotdraw-7.5.1 - Move Method,org.jhotdraw.draw.action,South,Unutilized Abstraction
jhotdraw-7.5.1 - Move Method,org.jhotdraw.draw.action,Vertical,Unutilized Abstraction
jhotdraw-7.5.1 - Move Method,org.jhotdraw.draw.action,Horizontal,Unutilized Abstraction
jhotdraw-7.5.1 - Move Method,org.jhotdraw.draw.action,ApplyAttributesAction,Unutilized Abstraction
jhotdraw-7.5.1 - Move Method,org.jhotdraw.draw.action,AttributeAction,Broken Hierarchy
jhotdraw-7.5.1 - Move Method,org.jhotdraw.draw.action,AttributeToggler,Unutilized Abstraction
jhotdraw-7.5.1 - Move Method,org.jhotdraw.draw.action,BringToFrontAction,Deficient Encapsulation
jhotdraw-7.5.1 - Move Method,org.jhotdraw.draw.action,BringToFrontAction,Broken Hierarchy
jhotdraw-7.5.1 - Move Method,org.jhotdraw.draw.action,BringToFrontAction,Cyclic-Dependent Modularization
jhotdraw-7.5.1 - Move Method,org.jhotdraw.draw.action,ButtonFactory,Deficient Encapsulation
jhotdraw-7.5.1 - Move Method,org.jhotdraw.draw.action,ButtonFactory,Insufficient Modularization
jhotdraw-7.5.1 - Move Method,org.jhotdraw.draw.action,ToolButtonListener,Unutilized Abstraction
jhotdraw-7.5.1 - Move Method,org.jhotdraw.draw.action,DefaultAttributeAction,Unutilized Abstraction
jhotdraw-7.5.1 - Move Method,org.jhotdraw.draw.action,DrawingAttributeAction,Unutilized Abstraction
jhotdraw-7.5.1 - Move Method,org.jhotdraw.draw.action,DrawingAttributeAction,Broken Hierarchy
jhotdraw-7.5.1 - Move Method,org.jhotdraw.draw.action,DrawingColorChooserAction,Unutilized Abstraction
jhotdraw-7.5.1 - Move Method,org.jhotdraw.draw.action,DrawingColorChooserHandler,Unutilized Abstraction
jhotdraw-7.5.1 - Move Method,org.jhotdraw.draw.action,DrawingColorChooserHandler,Broken Hierarchy
jhotdraw-7.5.1 - Move Method,org.jhotdraw.draw.action,DrawingColorIcon,Unutilized Abstraction
jhotdraw-7.5.1 - Move Method,org.jhotdraw.draw.action,EditCanvasAction,Unutilized Abstraction
jhotdraw-7.5.1 - Move Method,org.jhotdraw.draw.action,EditCanvasAction,Deficient Encapsulation
jhotdraw-7.5.1 - Move Method,org.jhotdraw.draw.action,EditCanvasAction,Broken Hierarchy
jhotdraw-7.5.1 - Move Method,org.jhotdraw.draw.action,EditGridAction,Unutilized Abstraction
jhotdraw-7.5.1 - Move Method,org.jhotdraw.draw.action,EditGridAction,Deficient Encapsulation
jhotdraw-7.5.1 - Move Method,org.jhotdraw.draw.action,EditGridAction,Broken Hierarchy
jhotdraw-7.5.1 - Move Method,org.jhotdraw.draw.action,EditorColorChooserAction,Unutilized Abstraction
jhotdraw-7.5.1 - Move Method,org.jhotdraw.draw.action,EditorColorIcon,Unutilized Abstraction
jhotdraw-7.5.1 - Move Method,org.jhotdraw.draw.action,FontChooserHandler,Unutilized Abstraction
jhotdraw-7.5.1 - Move Method,org.jhotdraw.draw.action,GroupAction,Unutilized Abstraction
jhotdraw-7.5.1 - Move Method,org.jhotdraw.draw.action,GroupAction,Deficient Encapsulation
jhotdraw-7.5.1 - Move Method,org.jhotdraw.draw.action,GroupAction,Broken Hierarchy
jhotdraw-7.5.1 - Move Method,org.jhotdraw.draw.action,ImageBevelBorder,Unutilized Abstraction
jhotdraw-7.5.1 - Move Method,org.jhotdraw.draw.action,IncreaseHandleDetailLevelAction,Unutilized Abstraction
jhotdraw-7.5.1 - Move Method,org.jhotdraw.draw.action,IncreaseHandleDetailLevelAction,Deficient Encapsulation
jhotdraw-7.5.1 - Move Method,org.jhotdraw.draw.action,IncreaseHandleDetailLevelAction,Broken Hierarchy
jhotdraw-7.5.1 - Move Method,org.jhotdraw.draw.action,LineDecorationIcon,Unutilized Abstraction
jhotdraw-7.5.1 - Move Method,org.jhotdraw.draw.action,MoveAction,Deficient Encapsulation
jhotdraw-7.5.1 - Move Method,org.jhotdraw.draw.action,MoveAction,Broken Hierarchy
jhotdraw-7.5.1 - Move Method,org.jhotdraw.draw.action,East,Unutilized Abstraction
jhotdraw-7.5.1 - Move Method,org.jhotdraw.draw.action,East,Deficient Encapsulation
jhotdraw-7.5.1 - Move Method,org.jhotdraw.draw.action,West,Unutilized Abstraction
jhotdraw-7.5.1 - Move Method,org.jhotdraw.draw.action,West,Deficient Encapsulation
jhotdraw-7.5.1 - Move Method,org.jhotdraw.draw.action,North,Unutilized Abstraction
jhotdraw-7.5.1 - Move Method,org.jhotdraw.draw.action,North,Deficient Encapsulation
jhotdraw-7.5.1 - Move Method,org.jhotdraw.draw.action,South,Unutilized Abstraction
jhotdraw-7.5.1 - Move Method,org.jhotdraw.draw.action,South,Deficient Encapsulation
jhotdraw-7.5.1 - Move Method,org.jhotdraw.draw.action,MoveConstrainedAction,Unutilized Abstraction
jhotdraw-7.5.1 - Move Method,org.jhotdraw.draw.action,MoveConstrainedAction,Deficient Encapsulation
jhotdraw-7.5.1 - Move Method,org.jhotdraw.draw.action,MoveConstrainedAction,Broken Hierarchy
jhotdraw-7.5.1 - Move Method,org.jhotdraw.draw.action,East,Unutilized Abstraction
jhotdraw-7.5.1 - Move Method,org.jhotdraw.draw.action,East,Deficient Encapsulation
jhotdraw-7.5.1 - Move Method,org.jhotdraw.draw.action,West,Unutilized Abstraction
jhotdraw-7.5.1 - Move Method,org.jhotdraw.draw.action,West,Deficient Encapsulation
jhotdraw-7.5.1 - Move Method,org.jhotdraw.draw.action,North,Unutilized Abstraction
jhotdraw-7.5.1 - Move Method,org.jhotdraw.draw.action,North,Deficient Encapsulation
jhotdraw-7.5.1 - Move Method,org.jhotdraw.draw.action,South,Unutilized Abstraction
jhotdraw-7.5.1 - Move Method,org.jhotdraw.draw.action,South,Deficient Encapsulation
jhotdraw-7.5.1 - Move Method,org.jhotdraw.draw.action,PickAttributesAction,Unutilized Abstraction
jhotdraw-7.5.1 - Move Method,org.jhotdraw.draw.action,SelectionColorChooserAction,Unutilized Abstraction
jhotdraw-7.5.1 - Move Method,org.jhotdraw.draw.action,SelectionColorChooserAction,Broken Hierarchy
jhotdraw-7.5.1 - Move Method,org.jhotdraw.draw.action,SelectionColorChooserHandler,Unutilized Abstraction
jhotdraw-7.5.1 - Move Method,org.jhotdraw.draw.action,SelectionColorChooserHandler,Broken Hierarchy
jhotdraw-7.5.1 - Move Method,org.jhotdraw.draw.action,SelectionColorIcon,Unutilized Abstraction
jhotdraw-7.5.1 - Move Method,org.jhotdraw.draw.action,SelectSameAction,Unutilized Abstraction
jhotdraw-7.5.1 - Move Method,org.jhotdraw.draw.action,SelectSameAction,Deficient Encapsulation
jhotdraw-7.5.1 - Move Method,org.jhotdraw.draw.action,SelectSameAction,Broken Hierarchy
jhotdraw-7.5.1 - Move Method,org.jhotdraw.draw.action,SendToBackAction,Deficient Encapsulation
jhotdraw-7.5.1 - Move Method,org.jhotdraw.draw.action,SendToBackAction,Broken Hierarchy
jhotdraw-7.5.1 - Move Method,org.jhotdraw.draw.action,SendToBackAction,Cyclic-Dependent Modularization
jhotdraw-7.5.1 - Move Method,org.jhotdraw.draw.action,StrokeIcon,Unutilized Abstraction
jhotdraw-7.5.1 - Move Method,org.jhotdraw.draw.action,ToggleGridAction,Unutilized Abstraction
jhotdraw-7.5.1 - Move Method,org.jhotdraw.draw.action,ToggleGridAction,Deficient Encapsulation
jhotdraw-7.5.1 - Move Method,org.jhotdraw.draw.action,ToggleGridAction,Broken Hierarchy
jhotdraw-7.5.1 - Move Method,org.jhotdraw.draw.action,UngroupAction,Unutilized Abstraction
jhotdraw-7.5.1 - Move Method,org.jhotdraw.draw.action,UngroupAction,Deficient Encapsulation
jhotdraw-7.5.1 - Move Method,org.jhotdraw.draw.action,UngroupAction,Broken Hierarchy
jhotdraw-7.5.1 - Move Method,org.jhotdraw.draw.action,ZoomAction,Unutilized Abstraction
jhotdraw-7.5.1 - Move Method,org.jhotdraw.draw.action,ZoomAction,Broken Hierarchy
jhotdraw-7.5.1 - Move Method,org.jhotdraw.draw.action,ZoomEditorAction,Unutilized Abstraction
jhotdraw-7.5.1 - Move Method,org.jhotdraw.draw.action,ZoomEditorAction,Deficient Encapsulation
jhotdraw-7.5.1 - Move Method,org.jhotdraw.draw.action,ZoomEditorAction,Broken Hierarchy
jhotdraw-7.5.1 - Move Method,org.jhotdraw.draw.connector,ChopBezierConnector,Unutilized Abstraction
jhotdraw-7.5.1 - Move Method,org.jhotdraw.draw.connector,ChopBezierConnector,Broken Hierarchy
jhotdraw-7.5.1 - Move Method,org.jhotdraw.draw.connector,ChopDiamondConnector,Unutilized Abstraction
jhotdraw-7.5.1 - Move Method,org.jhotdraw.draw.connector,ChopDiamondConnector,Broken Hierarchy
jhotdraw-7.5.1 - Move Method,org.jhotdraw.draw.connector,ChopEllipseConnector,Unutilized Abstraction
jhotdraw-7.5.1 - Move Method,org.jhotdraw.draw.connector,ChopEllipseConnector,Broken Hierarchy
jhotdraw-7.5.1 - Move Method,org.jhotdraw.draw.connector,ChopRectangleConnector,Unutilized Abstraction
jhotdraw-7.5.1 - Move Method,org.jhotdraw.draw.connector,ChopRoundRectangleConnector,Unutilized Abstraction
jhotdraw-7.5.1 - Move Method,org.jhotdraw.draw.connector,ChopRoundRectangleConnector,Broken Hierarchy
jhotdraw-7.5.1 - Move Method,org.jhotdraw.draw.connector,ChopTriangleConnector,Unutilized Abstraction
jhotdraw-7.5.1 - Move Method,org.jhotdraw.draw.connector,ChopTriangleConnector,Broken Hierarchy
jhotdraw-7.5.1 - Move Method,org.jhotdraw.draw.connector,LocatorConnector,Deficient Encapsulation
jhotdraw-7.5.1 - Move Method,org.jhotdraw.draw.connector,StickyRectangleConnector,Unutilized Abstraction
jhotdraw-7.5.1 - Move Method,org.jhotdraw.draw.connector,StickyRectangleConnector,Broken Hierarchy
jhotdraw-7.5.1 - Move Method,org.jhotdraw.draw.decoration,AbstractLineDecoration,Unutilized Abstraction
jhotdraw-7.5.1 - Move Method,org.jhotdraw.draw.decoration,ArrowTip,Unutilized Abstraction
jhotdraw-7.5.1 - Move Method,org.jhotdraw.draw.decoration,ArrowTip,Broken Hierarchy
jhotdraw-7.5.1 - Move Method,org.jhotdraw.draw.decoration,CompositeLineDecoration,Unutilized Abstraction
jhotdraw-7.5.1 - Move Method,org.jhotdraw.draw.decoration,GeneralPathTip,Unutilized Abstraction
jhotdraw-7.5.1 - Move Method,org.jhotdraw.draw.decoration,GeneralPathTip,Broken Hierarchy
jhotdraw-7.5.1 - Move Method,org.jhotdraw.draw.decoration,PerpendicularBar,Unutilized Abstraction
jhotdraw-7.5.1 - Move Method,org.jhotdraw.draw.decoration,PerpendicularBar,Broken Hierarchy
jhotdraw-7.5.1 - Move Method,org.jhotdraw.draw.event,AbstractAttributeEditorHandler,Unutilized Abstraction
jhotdraw-7.5.1 - Move Method,org.jhotdraw.draw.event,AbstractAttributeEditorHandler,Insufficient Modularization
jhotdraw-7.5.1 - Move Method,org.jhotdraw.draw.event,UndoableAttributeEdit,Unutilized Abstraction
jhotdraw-7.5.1 - Move Method,org.jhotdraw.draw.event,AttributeChangeEdit,Unutilized Abstraction
jhotdraw-7.5.1 - Move Method,org.jhotdraw.draw.event,CompositeFigureEvent,Cyclic-Dependent Modularization
jhotdraw-7.5.1 - Move Method,org.jhotdraw.draw.event,CompositeFigureListener,Cyclic-Dependent Modularization
jhotdraw-7.5.1 - Move Method,org.jhotdraw.draw.event,DrawingAttributeEditorHandler,Unutilized Abstraction
jhotdraw-7.5.1 - Move Method,org.jhotdraw.draw.event,DrawingAttributeEditorHandler,Broken Hierarchy
jhotdraw-7.5.1 - Move Method,org.jhotdraw.draw.event,DrawingComponentRepainter,Unutilized Abstraction
jhotdraw-7.5.1 - Move Method,org.jhotdraw.draw.event,FigureAdapter,Unutilized Abstraction
jhotdraw-7.5.1 - Move Method,org.jhotdraw.draw.event,FigureAttributeEditorHandler,Unutilized Abstraction
jhotdraw-7.5.1 - Move Method,org.jhotdraw.draw.event,FigureAttributeEditorHandler,Broken Hierarchy
jhotdraw-7.5.1 - Move Method,org.jhotdraw.draw.event,HandleEvent,Cyclic-Dependent Modularization
jhotdraw-7.5.1 - Move Method,org.jhotdraw.draw.event,HandleListener,Cyclic-Dependent Modularization
jhotdraw-7.5.1 - Move Method,org.jhotdraw.draw.event,SelectionComponentRepainter,Unutilized Abstraction
jhotdraw-7.5.1 - Move Method,org.jhotdraw.draw.event,ToolAdapter,Unutilized Abstraction
jhotdraw-7.5.1 - Move Method,org.jhotdraw.draw.event,ToolEvent,Cyclic-Dependent Modularization
jhotdraw-7.5.1 - Move Method,org.jhotdraw.draw.event,ToolListener,Cyclic-Dependent Modularization
jhotdraw-7.5.1 - Move Method,org.jhotdraw.draw.event,TransformRestoreEdit,Unutilized Abstraction
jhotdraw-7.5.1 - Move Method,org.jhotdraw.draw.handle,AbstractConnectionHandle,Unutilized Abstraction
jhotdraw-7.5.1 - Move Method,org.jhotdraw.draw.handle,AbstractHandle,Unutilized Abstraction
jhotdraw-7.5.1 - Move Method,org.jhotdraw.draw.handle,AbstractHandle,Wide Hierarchy
jhotdraw-7.5.1 - Move Method,org.jhotdraw.draw.handle,AbstractHandle,Insufficient Modularization
jhotdraw-7.5.1 - Move Method,org.jhotdraw.draw.handle,AbstractRotateHandle,Unutilized Abstraction
jhotdraw-7.5.1 - Move Method,org.jhotdraw.draw.handle,BezierControlPointHandle,Unutilized Abstraction
jhotdraw-7.5.1 - Move Method,org.jhotdraw.draw.handle,BezierNodeHandle,Unutilized Abstraction
jhotdraw-7.5.1 - Move Method,org.jhotdraw.draw.handle,BezierNodeHandle,Insufficient Modularization
jhotdraw-7.5.1 - Move Method,org.jhotdraw.draw.handle,BezierOutlineHandle,Unutilized Abstraction
jhotdraw-7.5.1 - Move Method,org.jhotdraw.draw.handle,BezierScaleHandle,Unutilized Abstraction
jhotdraw-7.5.1 - Move Method,org.jhotdraw.draw.handle,BoundsOutlineHandle,Unutilized Abstraction
jhotdraw-7.5.1 - Move Method,org.jhotdraw.draw.handle,CloseHandle,Unutilized Abstraction
jhotdraw-7.5.1 - Move Method,org.jhotdraw.draw.handle,CloseHandle,Broken Hierarchy
jhotdraw-7.5.1 - Move Method,org.jhotdraw.draw.handle,ConnectionEndHandle,Unutilized Abstraction
jhotdraw-7.5.1 - Move Method,org.jhotdraw.draw.handle,ConnectionEndHandle,Broken Hierarchy
jhotdraw-7.5.1 - Move Method,org.jhotdraw.draw.handle,ConnectionStartHandle,Unutilized Abstraction
jhotdraw-7.5.1 - Move Method,org.jhotdraw.draw.handle,ConnectionStartHandle,Broken Hierarchy
jhotdraw-7.5.1 - Move Method,org.jhotdraw.draw.handle,ConnectorHandle,Unutilized Abstraction
jhotdraw-7.5.1 - Move Method,org.jhotdraw.draw.handle,DragHandle,Unutilized Abstraction
jhotdraw-7.5.1 - Move Method,org.jhotdraw.draw.handle,FontSizeHandle,Unutilized Abstraction
jhotdraw-7.5.1 - Move Method,org.jhotdraw.draw.handle,FontSizeHandle,Broken Hierarchy
jhotdraw-7.5.1 - Move Method,org.jhotdraw.draw.handle,Handle,Cyclic-Dependent Modularization
jhotdraw-7.5.1 - Move Method,org.jhotdraw.draw.handle,HandleAttributeKeys,Deficient Encapsulation
jhotdraw-7.5.1 - Move Method,org.jhotdraw.draw.handle,HandleAttributeKeys,Broken Modularization
jhotdraw-7.5.1 - Move Method,org.jhotdraw.draw.handle,LocatorHandle,Unutilized Abstraction
jhotdraw-7.5.1 - Move Method,org.jhotdraw.draw.handle,LocatorHandle,Broken Hierarchy
jhotdraw-7.5.1 - Move Method,org.jhotdraw.draw.handle,MoveHandle,Unutilized Abstraction
jhotdraw-7.5.1 - Move Method,org.jhotdraw.draw.handle,MoveHandle,Broken Hierarchy
jhotdraw-7.5.1 - Move Method,org.jhotdraw.draw.handle,NullHandle,Unutilized Abstraction
jhotdraw-7.5.1 - Move Method,org.jhotdraw.draw.handle,NullHandle,Broken Hierarchy
jhotdraw-7.5.1 - Move Method,org.jhotdraw.draw.handle,OrientationHandle,Unutilized Abstraction
jhotdraw-7.5.1 - Move Method,org.jhotdraw.draw.handle,ResizeHandleKit,Insufficient Modularization
jhotdraw-7.5.1 - Move Method,org.jhotdraw.draw.handle,ResizeHandle,Unutilized Abstraction
jhotdraw-7.5.1 - Move Method,org.jhotdraw.draw.handle,ResizeHandle,Broken Hierarchy
jhotdraw-7.5.1 - Move Method,org.jhotdraw.draw.handle,NorthEastHandle,Unutilized Abstraction
jhotdraw-7.5.1 - Move Method,org.jhotdraw.draw.handle,NorthEastHandle,Broken Hierarchy
jhotdraw-7.5.1 - Move Method,org.jhotdraw.draw.handle,EastHandle,Unutilized Abstraction
jhotdraw-7.5.1 - Move Method,org.jhotdraw.draw.handle,EastHandle,Broken Hierarchy
jhotdraw-7.5.1 - Move Method,org.jhotdraw.draw.handle,NorthHandle,Unutilized Abstraction
jhotdraw-7.5.1 - Move Method,org.jhotdraw.draw.handle,NorthHandle,Broken Hierarchy
jhotdraw-7.5.1 - Move Method,org.jhotdraw.draw.handle,NorthWestHandle,Unutilized Abstraction
jhotdraw-7.5.1 - Move Method,org.jhotdraw.draw.handle,NorthWestHandle,Broken Hierarchy
jhotdraw-7.5.1 - Move Method,org.jhotdraw.draw.handle,SouthEastHandle,Unutilized Abstraction
jhotdraw-7.5.1 - Move Method,org.jhotdraw.draw.handle,SouthEastHandle,Broken Hierarchy
jhotdraw-7.5.1 - Move Method,org.jhotdraw.draw.handle,SouthHandle,Unutilized Abstraction
jhotdraw-7.5.1 - Move Method,org.jhotdraw.draw.handle,SouthHandle,Broken Hierarchy
jhotdraw-7.5.1 - Move Method,org.jhotdraw.draw.handle,SouthWestHandle,Unutilized Abstraction
jhotdraw-7.5.1 - Move Method,org.jhotdraw.draw.handle,SouthWestHandle,Broken Hierarchy
jhotdraw-7.5.1 - Move Method,org.jhotdraw.draw.handle,WestHandle,Unutilized Abstraction
jhotdraw-7.5.1 - Move Method,org.jhotdraw.draw.handle,WestHandle,Broken Hierarchy
jhotdraw-7.5.1 - Move Method,org.jhotdraw.draw.handle,RotateHandle,Unutilized Abstraction
jhotdraw-7.5.1 - Move Method,org.jhotdraw.draw.handle,RotateHandle,Broken Hierarchy
jhotdraw-7.5.1 - Move Method,org.jhotdraw.draw.handle,RoundRectangleRadiusHandle,Unutilized Abstraction
jhotdraw-7.5.1 - Move Method,org.jhotdraw.draw.handle,TextOverflowHandle,Unutilized Abstraction
jhotdraw-7.5.1 - Move Method,org.jhotdraw.draw.handle,TransformHandleKit,Insufficient Modularization
jhotdraw-7.5.1 - Move Method,org.jhotdraw.draw.handle,TransformHandle,Unutilized Abstraction
jhotdraw-7.5.1 - Move Method,org.jhotdraw.draw.handle,TransformHandle,Broken Hierarchy
jhotdraw-7.5.1 - Move Method,org.jhotdraw.draw.handle,NorthEastHandle,Unutilized Abstraction
jhotdraw-7.5.1 - Move Method,org.jhotdraw.draw.handle,NorthEastHandle,Broken Hierarchy
jhotdraw-7.5.1 - Move Method,org.jhotdraw.draw.handle,EastHandle,Unutilized Abstraction
jhotdraw-7.5.1 - Move Method,org.jhotdraw.draw.handle,EastHandle,Broken Hierarchy
jhotdraw-7.5.1 - Move Method,org.jhotdraw.draw.handle,NorthHandle,Unutilized Abstraction
jhotdraw-7.5.1 - Move Method,org.jhotdraw.draw.handle,NorthHandle,Broken Hierarchy
jhotdraw-7.5.1 - Move Method,org.jhotdraw.draw.handle,NorthWestHandle,Unutilized Abstraction
jhotdraw-7.5.1 - Move Method,org.jhotdraw.draw.handle,NorthWestHandle,Broken Hierarchy
jhotdraw-7.5.1 - Move Method,org.jhotdraw.draw.handle,SouthEastHandle,Unutilized Abstraction
jhotdraw-7.5.1 - Move Method,org.jhotdraw.draw.handle,SouthEastHandle,Broken Hierarchy
jhotdraw-7.5.1 - Move Method,org.jhotdraw.draw.handle,SouthHandle,Unutilized Abstraction
jhotdraw-7.5.1 - Move Method,org.jhotdraw.draw.handle,SouthHandle,Broken Hierarchy
jhotdraw-7.5.1 - Move Method,org.jhotdraw.draw.handle,SouthWestHandle,Unutilized Abstraction
jhotdraw-7.5.1 - Move Method,org.jhotdraw.draw.handle,SouthWestHandle,Broken Hierarchy
jhotdraw-7.5.1 - Move Method,org.jhotdraw.draw.handle,WestHandle,Unutilized Abstraction
jhotdraw-7.5.1 - Move Method,org.jhotdraw.draw.handle,WestHandle,Broken Hierarchy
jhotdraw-7.5.1 - Move Method,org.jhotdraw.draw.io,ImageInputFormat,Unutilized Abstraction
jhotdraw-7.5.1 - Move Method,org.jhotdraw.draw.io,ImageOutputFormat,Unutilized Abstraction
jhotdraw-7.5.1 - Move Method,org.jhotdraw.draw.io,SerializationInputOutputFormat,Unutilized Abstraction
jhotdraw-7.5.1 - Move Method,org.jhotdraw.draw.io,TextInputFormat,Unutilized Abstraction
jhotdraw-7.5.1 - Move Method,org.jhotdraw.draw.layouter,AbstractLayouter,Unutilized Abstraction
jhotdraw-7.5.1 - Move Method,org.jhotdraw.draw.layouter,AbstractLayouter,Broken Hierarchy
jhotdraw-7.5.1 - Move Method,org.jhotdraw.draw.layouter,HorizontalLayouter,Unutilized Abstraction
jhotdraw-7.5.1 - Move Method,org.jhotdraw.draw.layouter,HorizontalLayouter,Broken Hierarchy
jhotdraw-7.5.1 - Move Method,org.jhotdraw.draw.layouter,LocatorLayouter,Deficient Encapsulation
jhotdraw-7.5.1 - Move Method,org.jhotdraw.draw.layouter,VerticalLayouter,Unutilized Abstraction
jhotdraw-7.5.1 - Move Method,org.jhotdraw.draw.layouter,VerticalLayouter,Broken Hierarchy
jhotdraw-7.5.1 - Move Method,org.jhotdraw.draw.liner,CurvedLiner,Unutilized Abstraction
jhotdraw-7.5.1 - Move Method,org.jhotdraw.draw.liner,ElbowLiner,Unutilized Abstraction
jhotdraw-7.5.1 - Move Method,org.jhotdraw.draw.liner,Liner,Cyclic-Dependent Modularization
jhotdraw-7.5.1 - Move Method,org.jhotdraw.draw.liner,SlantedLiner,Unutilized Abstraction
jhotdraw-7.5.1 - Move Method,org.jhotdraw.draw.locator,AbstractLocator,Unutilized Abstraction
jhotdraw-7.5.1 - Move Method,org.jhotdraw.draw.locator,BezierLabelLocator,Unutilized Abstraction
jhotdraw-7.5.1 - Move Method,org.jhotdraw.draw.locator,BezierPointLocator,Unutilized Abstraction
jhotdraw-7.5.1 - Move Method,org.jhotdraw.draw.locator,FontSizeLocator,Unutilized Abstraction
jhotdraw-7.5.1 - Move Method,org.jhotdraw.draw.locator,RelativeDecoratorLocator,Unutilized Abstraction
jhotdraw-7.5.1 - Move Method,org.jhotdraw.draw.locator,RelativeLocator,Unutilized Abstraction
jhotdraw-7.5.1 - Move Method,org.jhotdraw.draw.locator,RelativeLocator,Insufficient Modularization
jhotdraw-7.5.1 - Move Method,org.jhotdraw.draw.print,DrawingPageable,Unutilized Abstraction
jhotdraw-7.5.1 - Move Method,org.jhotdraw.draw.tool,AbstractTool,Unutilized Abstraction
jhotdraw-7.5.1 - Move Method,org.jhotdraw.draw.tool,AbstractTool,Insufficient Modularization
jhotdraw-7.5.1 - Move Method,org.jhotdraw.draw.tool,BezierTool,Unutilized Abstraction
jhotdraw-7.5.1 - Move Method,org.jhotdraw.draw.tool,ConnectionTool,Unutilized Abstraction
jhotdraw-7.5.1 - Move Method,org.jhotdraw.draw.tool,CreationTool,Unutilized Abstraction
jhotdraw-7.5.1 - Move Method,org.jhotdraw.draw.tool,DefaultDragTracker,Unutilized Abstraction
jhotdraw-7.5.1 - Move Method,org.jhotdraw.draw.tool,DefaultHandleTracker,Unutilized Abstraction
jhotdraw-7.5.1 - Move Method,org.jhotdraw.draw.tool,DefaultSelectAreaTracker,Unutilized Abstraction
jhotdraw-7.5.1 - Move Method,org.jhotdraw.draw.tool,DefaultSelectAreaTracker,Broken Hierarchy
jhotdraw-7.5.1 - Move Method,org.jhotdraw.draw.tool,DelegationSelectionTool,Unutilized Abstraction
jhotdraw-7.5.1 - Move Method,org.jhotdraw.draw.tool,DnDTracker,Unutilized Abstraction
jhotdraw-7.5.1 - Move Method,org.jhotdraw.draw.tool,DragTracker,Broken Hierarchy
jhotdraw-7.5.1 - Move Method,org.jhotdraw.draw.tool,HandleTracker,Broken Hierarchy
jhotdraw-7.5.1 - Move Method,org.jhotdraw.draw.tool,ImageTool,Unutilized Abstraction
jhotdraw-7.5.1 - Move Method,org.jhotdraw.draw.tool,SelectAreaTracker,Unnecessary Abstraction
jhotdraw-7.5.1 - Move Method,org.jhotdraw.draw.tool,SelectionTool,Unutilized Abstraction
jhotdraw-7.5.1 - Move Method,org.jhotdraw.draw.tool,SelectionTool,Deficient Encapsulation
jhotdraw-7.5.1 - Move Method,org.jhotdraw.draw.tool,SelectionTool,Insufficient Modularization
jhotdraw-7.5.1 - Move Method,org.jhotdraw.draw.tool,TextAreaEditingTool,Unutilized Abstraction
jhotdraw-7.5.1 - Move Method,org.jhotdraw.draw.tool,TextEditingTool,Unutilized Abstraction
jhotdraw-7.5.1 - Move Method,org.jhotdraw.draw.tool,Tool,Cyclic-Dependent Modularization
jhotdraw-7.5.1 - Move Method,org.jhotdraw.geom,Bezier,Unutilized Abstraction
jhotdraw-7.5.1 - Move Method,org.jhotdraw.geom,Bezier,Insufficient Modularization
jhotdraw-7.5.1 - Move Method,org.jhotdraw.geom,BezierPath,Deficient Encapsulation
jhotdraw-7.5.1 - Move Method,org.jhotdraw.geom,BezierPath,Cyclic-Dependent Modularization
jhotdraw-7.5.1 - Move Method,org.jhotdraw.geom,BezierPath,Insufficient Modularization
jhotdraw-7.5.1 - Move Method,org.jhotdraw.geom,Node,Deficient Encapsulation
jhotdraw-7.5.1 - Move Method,org.jhotdraw.geom,Node,Cyclic-Dependent Modularization
jhotdraw-7.5.1 - Move Method,org.jhotdraw.geom,BezierPathIterator,Unutilized Abstraction
jhotdraw-7.5.1 - Move Method,org.jhotdraw.geom,Dimension2DDouble,Deficient Encapsulation
jhotdraw-7.5.1 - Move Method,org.jhotdraw.geom,DoubleStroke,Unutilized Abstraction
jhotdraw-7.5.1 - Move Method,org.jhotdraw.geom,Geom,Deficient Encapsulation
jhotdraw-7.5.1 - Move Method,org.jhotdraw.geom,Geom,Insufficient Modularization
jhotdraw-7.5.1 - Move Method,org.jhotdraw.geom,GrowStroke,Unutilized Abstraction
jhotdraw-7.5.1 - Move Method,org.jhotdraw.geom,Insets2D,Deficient Encapsulation
jhotdraw-7.5.1 - Move Method,org.jhotdraw.geom,Insets2D,Insufficient Modularization
jhotdraw-7.5.1 - Move Method,org.jhotdraw.geom,Float,Deficient Encapsulation
jhotdraw-7.5.1 - Move Method,org.jhotdraw.geom,Double,Deficient Encapsulation
jhotdraw-7.5.1 - Move Method,org.jhotdraw.geom,Polygon2D,Deficient Encapsulation
jhotdraw-7.5.1 - Move Method,org.jhotdraw.geom,Polygon2D,Insufficient Modularization
jhotdraw-7.5.1 - Move Method,org.jhotdraw.geom,Double,Unutilized Abstraction
jhotdraw-7.5.1 - Move Method,org.jhotdraw.geom,Double,Deficient Encapsulation
jhotdraw-7.5.1 - Move Method,org.jhotdraw.geom,Float,Unutilized Abstraction
jhotdraw-7.5.1 - Move Method,org.jhotdraw.geom,Float,Deficient Encapsulation
jhotdraw-7.5.1 - Move Method,org.jhotdraw.geom,PolygonPathIteratorDouble,Unutilized Abstraction
jhotdraw-7.5.1 - Move Method,org.jhotdraw.geom,PolygonPathIteratorFloat,Unutilized Abstraction
jhotdraw-7.5.1 - Move Method,org.jhotdraw.geom,BezierPathTest,Unutilized Abstraction
jhotdraw-7.5.1 - Move Method,org.jhotdraw.geom,BezierPathTest,Insufficient Modularization
jhotdraw-7.5.1 - Move Method,org.jhotdraw.geom,NodeTest,Unutilized Abstraction
jhotdraw-7.5.1 - Move Method,org.jhotdraw.gui,AttributeEditor,Unutilized Abstraction
jhotdraw-7.5.1 - Move Method,org.jhotdraw.gui,AttributeEditor,Deficient Encapsulation
jhotdraw-7.5.1 - Move Method,org.jhotdraw.gui,DisclosureIcon,Deficient Encapsulation
jhotdraw-7.5.1 - Move Method,org.jhotdraw.gui,EditableComponent,Deficient Encapsulation
jhotdraw-7.5.1 - Move Method,org.jhotdraw.gui,EmptyIcon,Unutilized Abstraction
jhotdraw-7.5.1 - Move Method,org.jhotdraw.gui,JAttributeSlider,Unutilized Abstraction
jhotdraw-7.5.1 - Move Method,org.jhotdraw.gui,JAttributeTextArea,Unutilized Abstraction
jhotdraw-7.5.1 - Move Method,org.jhotdraw.gui,JAttributeTextArea,Broken Hierarchy
jhotdraw-7.5.1 - Move Method,org.jhotdraw.gui,JAttributeTextField,Broken Hierarchy
jhotdraw-7.5.1 - Move Method,org.jhotdraw.gui,JDisclosureToolBar,Unutilized Abstraction
jhotdraw-7.5.1 - Move Method,org.jhotdraw.gui,JDisclosureToolBar,Deficient Encapsulation
jhotdraw-7.5.1 - Move Method,org.jhotdraw.gui,JFontChooser,Deficient Encapsulation
jhotdraw-7.5.1 - Move Method,org.jhotdraw.gui,JFontChooser,Cyclic-Dependent Modularization
jhotdraw-7.5.1 - Move Method,org.jhotdraw.gui,JFontChooser,Insufficient Modularization
jhotdraw-7.5.1 - Move Method,org.jhotdraw.gui,JLifeFormattedTextArea,Unutilized Abstraction
jhotdraw-7.5.1 - Move Method,org.jhotdraw.gui,MDIDesktopManager,Unutilized Abstraction
jhotdraw-7.5.1 - Move Method,org.jhotdraw.gui,JPopupButton,Deficient Encapsulation
jhotdraw-7.5.1 - Move Method,org.jhotdraw.gui,JPopupButton,Insufficient Modularization
jhotdraw-7.5.1 - Move Method,org.jhotdraw.gui,Handler,Unutilized Abstraction
jhotdraw-7.5.1 - Move Method,org.jhotdraw.gui,JSheet,Insufficient Modularization
jhotdraw-7.5.1 - Move Method,org.jhotdraw.gui,PlacardScrollPaneLayout,Unutilized Abstraction
jhotdraw-7.5.1 - Move Method,org.jhotdraw.gui,UIResource,Unnecessary Abstraction
jhotdraw-7.5.1 - Move Method,org.jhotdraw.gui,UIResource,Unutilized Abstraction
jhotdraw-7.5.1 - Move Method,org.jhotdraw.gui,ToolBarLayout,Unutilized Abstraction
jhotdraw-7.5.1 - Move Method,org.jhotdraw.gui,ToolBarLayout,Deficient Encapsulation
jhotdraw-7.5.1 - Move Method,org.jhotdraw.gui,URIChooser,Deficient Encapsulation
jhotdraw-7.5.1 - Move Method,org.jhotdraw.gui,VerticalGridLayout,Unutilized Abstraction
jhotdraw-7.5.1 - Move Method,org.jhotdraw.gui,VerticalGridLayout,Insufficient Modularization
jhotdraw-7.5.1 - Move Method,org.jhotdraw.gui.datatransfer,AbstractClipboard,Unutilized Abstraction
jhotdraw-7.5.1 - Move Method,org.jhotdraw.gui.datatransfer,AbstractTransferable,Unutilized Abstraction
jhotdraw-7.5.1 - Move Method,org.jhotdraw.gui.datatransfer,AWTClipboard,Unutilized Abstraction
jhotdraw-7.5.1 - Move Method,org.jhotdraw.gui.datatransfer,ImageTransferable,Unutilized Abstraction
jhotdraw-7.5.1 - Move Method,org.jhotdraw.gui.datatransfer,ImageTransferable,Deficient Encapsulation
jhotdraw-7.5.1 - Move Method,org.jhotdraw.gui.datatransfer,InputStreamTransferable,Unutilized Abstraction
jhotdraw-7.5.1 - Move Method,org.jhotdraw.gui.datatransfer,InputStreamTransferable,Broken Hierarchy
jhotdraw-7.5.1 - Move Method,org.jhotdraw.gui.datatransfer,JNLPClipboard,Unutilized Abstraction
jhotdraw-7.5.1 - Move Method,org.jhotdraw.gui.datatransfer,OSXClipboard,Unutilized Abstraction
jhotdraw-7.5.1 - Move Method,org.jhotdraw.gui.event,SheetListener,Unutilized Abstraction
jhotdraw-7.5.1 - Move Method,org.jhotdraw.gui.filechooser,ExtensionFileFilter,Unutilized Abstraction
jhotdraw-7.5.1 - Move Method,org.jhotdraw.gui.fontchooser,AbstractFontChooserModel,Unutilized Abstraction
jhotdraw-7.5.1 - Move Method,org.jhotdraw.gui.fontchooser,AbstractFontChooserModel,Broken Hierarchy
jhotdraw-7.5.1 - Move Method,org.jhotdraw.gui.fontchooser,DefaultFontChooserModel,Unutilized Abstraction
jhotdraw-7.5.1 - Move Method,org.jhotdraw.gui.fontchooser,DefaultFontChooserModel,Broken Hierarchy
jhotdraw-7.5.1 - Move Method,org.jhotdraw.gui.fontchooser,DefaultFontChooserModel,Missing Hierarchy
jhotdraw-7.5.1 - Move Method,org.jhotdraw.gui.fontchooser,UIResource,Unnecessary Abstraction
jhotdraw-7.5.1 - Move Method,org.jhotdraw.gui.fontchooser,UIResource,Unutilized Abstraction
jhotdraw-7.5.1 - Move Method,org.jhotdraw.gui.fontchooser,FontChooserModel,Unutilized Abstraction
jhotdraw-7.5.1 - Move Method,org.jhotdraw.gui.fontchooser,FontCollectionNode,Cyclic-Dependent Modularization
jhotdraw-7.5.1 - Move Method,org.jhotdraw.gui.fontchooser,FontCollectionNode,Insufficient Modularization
jhotdraw-7.5.1 - Move Method,org.jhotdraw.gui.fontchooser,FontFaceNode,Cyclic-Dependent Modularization
jhotdraw-7.5.1 - Move Method,org.jhotdraw.gui.fontchooser,FontFaceNode,Insufficient Modularization
jhotdraw-7.5.1 - Move Method,org.jhotdraw.gui.fontchooser,FontFamilyNode,Cyclic-Dependent Modularization
jhotdraw-7.5.1 - Move Method,org.jhotdraw.gui.fontchooser,FontFamilyNode,Insufficient Modularization
jhotdraw-7.5.1 - Move Method,org.jhotdraw.gui.plaf,FontChooserUI,Unnecessary Abstraction
jhotdraw-7.5.1 - Move Method,org.jhotdraw.gui.plaf,FontChooserUI,Unutilized Abstraction
jhotdraw-7.5.1 - Move Method,org.jhotdraw.gui.plaf.palette,UIResource,Unutilized Abstraction
jhotdraw-7.5.1 - Move Method,org.jhotdraw.gui.plaf.palette,MultiIcon,Unutilized Abstraction
jhotdraw-7.5.1 - Move Method,org.jhotdraw.gui.plaf.palette,PaletteBorders,Unnecessary Abstraction
jhotdraw-7.5.1 - Move Method,org.jhotdraw.gui.plaf.palette,PaletteBorders,Unutilized Abstraction
jhotdraw-7.5.1 - Move Method,org.jhotdraw.gui.plaf.palette,PaletteButtonBorder,Unutilized Abstraction
jhotdraw-7.5.1 - Move Method,org.jhotdraw.gui.plaf.palette,PaletteColorChooserUI,Unutilized Abstraction
jhotdraw-7.5.1 - Move Method,org.jhotdraw.gui.plaf.palette,PreviewListener,Unutilized Abstraction
jhotdraw-7.5.1 - Move Method,org.jhotdraw.gui.plaf.palette,PropertyHandler,Unutilized Abstraction
jhotdraw-7.5.1 - Move Method,org.jhotdraw.gui.plaf.palette,ColorTransferHandler,Unutilized Abstraction
jhotdraw-7.5.1 - Move Method,org.jhotdraw.gui.plaf.palette,PaletteFontChooserUI,Cyclic-Dependent Modularization
jhotdraw-7.5.1 - Move Method,org.jhotdraw.gui.plaf.palette,FontChooserHandler,Cyclic-Dependent Modularization
jhotdraw-7.5.1 - Move Method,org.jhotdraw.gui.plaf.palette,PaletteFormattedTextFieldUI,Unutilized Abstraction
jhotdraw-7.5.1 - Move Method,org.jhotdraw.gui.plaf.palette,PaletteListCellRenderer,Unutilized Abstraction
jhotdraw-7.5.1 - Move Method,org.jhotdraw.gui.plaf.palette,PaletteMenuItemUI,Unutilized Abstraction
jhotdraw-7.5.1 - Move Method,org.jhotdraw.gui.plaf.palette,PaletteRootPaneUI,Unutilized Abstraction
jhotdraw-7.5.1 - Move Method,org.jhotdraw.gui.plaf.palette,PaletteRootLayout,Unutilized Abstraction
jhotdraw-7.5.1 - Move Method,org.jhotdraw.gui.plaf.palette,PaletteSliderThumbIcon,Unutilized Abstraction
jhotdraw-7.5.1 - Move Method,org.jhotdraw.gui.plaf.palette,PaletteSliderUI,Unutilized Abstraction
jhotdraw-7.5.1 - Move Method,org.jhotdraw.gui.plaf.palette,TabbedPaneLayout,Unutilized Abstraction
jhotdraw-7.5.1 - Move Method,org.jhotdraw.gui.plaf.palette,PaletteTextComponentBorder,Unutilized Abstraction
jhotdraw-7.5.1 - Move Method,org.jhotdraw.gui.plaf.palette,PaletteToolBarBorder,Unutilized Abstraction
jhotdraw-7.5.1 - Move Method,org.jhotdraw.gui.plaf.palette,UIResource,Unnecessary Abstraction
jhotdraw-7.5.1 - Move Method,org.jhotdraw.gui.plaf.palette,UIResource,Unutilized Abstraction
jhotdraw-7.5.1 - Move Method,org.jhotdraw.gui.plaf.palette,PaletteToolBarUI,Deficient Encapsulation
jhotdraw-7.5.1 - Move Method,org.jhotdraw.gui.plaf.palette,PaletteToolBarUI,Cyclic-Dependent Modularization
jhotdraw-7.5.1 - Move Method,org.jhotdraw.gui.plaf.palette,PaletteToolBarUI,Insufficient Modularization
jhotdraw-7.5.1 - Move Method,org.jhotdraw.gui.plaf.palette,ToolBarDialog,Unutilized Abstraction
jhotdraw-7.5.1 - Move Method,org.jhotdraw.gui.plaf.palette,Actions,Cyclic-Dependent Modularization
jhotdraw-7.5.1 - Move Method,org.jhotdraw.gui.plaf.palette,FrameListener,Unutilized Abstraction
jhotdraw-7.5.1 - Move Method,org.jhotdraw.gui.plaf.palette,ToolBarContListener,Unutilized Abstraction
jhotdraw-7.5.1 - Move Method,org.jhotdraw.gui.plaf.palette,ToolBarFocusListener,Unutilized Abstraction
jhotdraw-7.5.1 - Move Method,org.jhotdraw.gui.plaf.palette,PropertyListener,Unutilized Abstraction
jhotdraw-7.5.1 - Move Method,org.jhotdraw.gui.plaf.palette,DockingListener,Unutilized Abstraction
jhotdraw-7.5.1 - Move Method,org.jhotdraw.gui.plaf.palette.colorchooser,ColorSliderTextFieldHandler,Unutilized Abstraction
jhotdraw-7.5.1 - Move Method,org.jhotdraw.gui.plaf.palette.colorchooser,PaletteCMYKChooser,Unutilized Abstraction
jhotdraw-7.5.1 - Move Method,org.jhotdraw.gui.plaf.palette.colorchooser,PaletteColorChooserMainPanel,Unutilized Abstraction
jhotdraw-7.5.1 - Move Method,org.jhotdraw.gui.plaf.palette.colorchooser,PaletteColorChooserPreviewPanel,Unutilized Abstraction
jhotdraw-7.5.1 - Move Method,org.jhotdraw.gui.plaf.palette.colorchooser,PaletteColorSlidersChooser,Unutilized Abstraction
jhotdraw-7.5.1 - Move Method,org.jhotdraw.gui.plaf.palette.colorchooser,PaletteColorWheelChooser,Unutilized Abstraction
jhotdraw-7.5.1 - Move Method,org.jhotdraw.gui.plaf.palette.colorchooser,PaletteHSBChooser,Unutilized Abstraction
jhotdraw-7.5.1 - Move Method,org.jhotdraw.gui.plaf.palette.colorchooser,PaletteRGBChooser,Unutilized Abstraction
jhotdraw-7.5.1 - Move Method,org.jhotdraw.gui.plaf.palette.colorchooser,PaletteSwatchesChooser,Unutilized Abstraction
jhotdraw-7.5.1 - Move Method,org.jhotdraw.io,Base64,Deficient Encapsulation
jhotdraw-7.5.1 - Move Method,org.jhotdraw.io,Base64,Cyclic-Dependent Modularization
jhotdraw-7.5.1 - Move Method,org.jhotdraw.io,Base64,Insufficient Modularization
jhotdraw-7.5.1 - Move Method,org.jhotdraw.io,InputStream,Cyclic-Dependent Modularization
jhotdraw-7.5.1 - Move Method,org.jhotdraw.io,OutputStream,Cyclic-Dependent Modularization
jhotdraw-7.5.1 - Move Method,org.jhotdraw.io,BoundedRangeInputStream,Unutilized Abstraction
jhotdraw-7.5.1 - Move Method,org.jhotdraw.io,StreamPosTokenizer,Unutilized Abstraction
jhotdraw-7.5.1 - Move Method,org.jhotdraw.io,StreamPosTokenizer,Deficient Encapsulation
jhotdraw-7.5.1 - Move Method,org.jhotdraw.io,StreamPosTokenizer,Insufficient Modularization
jhotdraw-7.5.1 - Move Method,org.jhotdraw.samples.color,CIEXYChromaticityDiagram,Cyclic-Dependent Modularization
jhotdraw-7.5.1 - Move Method,org.jhotdraw.samples.color,JMixer,Unutilized Abstraction
jhotdraw-7.5.1 - Move Method,org.jhotdraw.samples.color,JMixer,Insufficient Modularization
jhotdraw-7.5.1 - Move Method,org.jhotdraw.samples.color,WheelsAndSlidersMain,Unutilized Abstraction
jhotdraw-7.5.1 - Move Method,org.jhotdraw.samples.draw,DrawFigureFactory,Unutilized Abstraction
jhotdraw-7.5.1 - Move Method,org.jhotdraw.samples.draw,Main,Unutilized Abstraction
jhotdraw-7.5.1 - Move Method,org.jhotdraw.samples.font,FontChooserMain,Unutilized Abstraction
jhotdraw-7.5.1 - Move Method,org.jhotdraw.samples.mini,AnimationSample,Unutilized Abstraction
jhotdraw-7.5.1 - Move Method,org.jhotdraw.samples.mini,BezierDemo,Unutilized Abstraction
jhotdraw-7.5.1 - Move Method,org.jhotdraw.samples.mini,BezierDemo,Insufficient Modularization
jhotdraw-7.5.1 - Move Method,org.jhotdraw.samples.mini,Canvas,Imperative Abstraction
jhotdraw-7.5.1 - Move Method,org.jhotdraw.samples.mini,BorderRectangleFigure,Unutilized Abstraction
jhotdraw-7.5.1 - Move Method,org.jhotdraw.samples.mini,ConnectingFiguresSample,Unutilized Abstraction
jhotdraw-7.5.1 - Move Method,org.jhotdraw.samples.mini,CreationToolSample,Unutilized Abstraction
jhotdraw-7.5.1 - Move Method,org.jhotdraw.samples.mini,DefaultDOMStorableSample,Unutilized Abstraction
jhotdraw-7.5.1 - Move Method,org.jhotdraw.samples.mini,EditorSample,Unutilized Abstraction
jhotdraw-7.5.1 - Move Method,org.jhotdraw.samples.mini,FileIconsSample,Unutilized Abstraction
jhotdraw-7.5.1 - Move Method,org.jhotdraw.samples.mini,LabeledLineConnectionFigureSample,Unutilized Abstraction
jhotdraw-7.5.1 - Move Method,org.jhotdraw.samples.mini,LayouterSample,Unutilized Abstraction
jhotdraw-7.5.1 - Move Method,org.jhotdraw.samples.mini,MovableChildFiguresSample,Unutilized Abstraction
jhotdraw-7.5.1 - Move Method,org.jhotdraw.samples.mini,SelectionToolSample,Unutilized Abstraction
jhotdraw-7.5.1 - Move Method,org.jhotdraw.samples.mini,SmartConnectionFigureSample,Unutilized Abstraction
jhotdraw-7.5.1 - Move Method,org.jhotdraw.samples.mini,SmartConnectionFigure,Unutilized Abstraction
jhotdraw-7.5.1 - Move Method,org.jhotdraw.samples.mini,SVGDrawingPanelSample,Unutilized Abstraction
jhotdraw-7.5.1 - Move Method,org.jhotdraw.samples.net,Main,Unutilized Abstraction
jhotdraw-7.5.1 - Move Method,org.jhotdraw.samples.net,NetApplicationModel,Unutilized Abstraction
jhotdraw-7.5.1 - Move Method,org.jhotdraw.samples.net,ToolButtonListener,Unutilized Abstraction
jhotdraw-7.5.1 - Move Method,org.jhotdraw.samples.net,NetFactory,Unutilized Abstraction
jhotdraw-7.5.1 - Move Method,org.jhotdraw.samples.net,NetView,Deficient Encapsulation
jhotdraw-7.5.1 - Move Method,org.jhotdraw.samples.odg.action,CombineAction,Unutilized Abstraction
jhotdraw-7.5.1 - Move Method,org.jhotdraw.samples.odg.action,CombineAction,Deficient Encapsulation
jhotdraw-7.5.1 - Move Method,org.jhotdraw.samples.odg.action,SplitAction,Unutilized Abstraction
jhotdraw-7.5.1 - Move Method,org.jhotdraw.samples.odg.action,SplitAction,Deficient Encapsulation
jhotdraw-7.5.1 - Move Method,org.jhotdraw.samples.odg.action,TogglePropertiesPanelAction,Unutilized Abstraction
jhotdraw-7.5.1 - Move Method,org.jhotdraw.samples.odg.figures,ODGAttributedFigure,Unutilized Abstraction
jhotdraw-7.5.1 - Move Method,org.jhotdraw.samples.odg.figures,ODGAttributedFigure,Broken Hierarchy
jhotdraw-7.5.1 - Move Method,org.jhotdraw.samples.odg.figures,ODGBezierFigure,Cyclic-Dependent Modularization
jhotdraw-7.5.1 - Move Method,org.jhotdraw.samples.odg.figures,ODGEllipseFigure,Broken Hierarchy
jhotdraw-7.5.1 - Move Method,org.jhotdraw.samples.odg.figures,ODGEllipseFigure,Multipath Hierarchy
jhotdraw-7.5.1 - Move Method,org.jhotdraw.samples.odg.figures,ODGFigure,Unutilized Abstraction
jhotdraw-7.5.1 - Move Method,org.jhotdraw.samples.odg.figures,ODGGroupFigure,Unutilized Abstraction
jhotdraw-7.5.1 - Move Method,org.jhotdraw.samples.odg.figures,ODGPathFigure,Unutilized Abstraction
jhotdraw-7.5.1 - Move Method,org.jhotdraw.samples.odg.figures,ODGPathFigure,Cyclic-Dependent Modularization
jhotdraw-7.5.1 - Move Method,org.jhotdraw.samples.odg.figures,ODGPathFigure,Insufficient Modularization
jhotdraw-7.5.1 - Move Method,org.jhotdraw.samples.odg.figures,ODGPathOutlineHandle,Unutilized Abstraction
jhotdraw-7.5.1 - Move Method,org.jhotdraw.samples.odg.figures,ODGRectFigure,Broken Hierarchy
jhotdraw-7.5.1 - Move Method,org.jhotdraw.samples.odg.figures,ODGRectFigure,Multipath Hierarchy
jhotdraw-7.5.1 - Move Method,org.jhotdraw.samples.odg.figures,ODGRectFigure,Insufficient Modularization
jhotdraw-7.5.1 - Move Method,org.jhotdraw.samples.odg.figures,ODGRectRadiusHandle,Unutilized Abstraction
jhotdraw-7.5.1 - Move Method,org.jhotdraw.samples.odg.geom,EnhancedPath,Deficient Encapsulation
jhotdraw-7.5.1 - Move Method,org.jhotdraw.samples.odg.geom,EnhancedPath,Cyclic-Dependent Modularization
jhotdraw-7.5.1 - Move Method,org.jhotdraw.samples.odg.geom,EnhancedPath,Insufficient Modularization
jhotdraw-7.5.1 - Move Method,org.jhotdraw.samples.odg.geom,Segment,Deficient Encapsulation
jhotdraw-7.5.1 - Move Method,org.jhotdraw.samples.odg.geom,Segment,Cyclic-Dependent Modularization
jhotdraw-7.5.1 - Move Method,org.jhotdraw.samples.odg,Main,Unutilized Abstraction
jhotdraw-7.5.1 - Move Method,org.jhotdraw.samples.odg,ODGAttributeKeys,Deficient Encapsulation
jhotdraw-7.5.1 - Move Method,org.jhotdraw.samples.odg,ODGConstants,Deficient Encapsulation
jhotdraw-7.5.1 - Move Method,org.jhotdraw.samples.odg,ODGDrawing,Unutilized Abstraction
jhotdraw-7.5.1 - Move Method,org.jhotdraw.samples.odg,ODGView,Deficient Encapsulation
jhotdraw-7.5.1 - Move Method,org.jhotdraw.samples.odg,PathTool,Unutilized Abstraction
jhotdraw-7.5.1 - Move Method,org.jhotdraw.samples.odg.io,DefaultODGFigureFactory,Unutilized Abstraction
jhotdraw-7.5.1 - Move Method,org.jhotdraw.samples.odg.io,DefaultODGFigureFactory,Broken Hierarchy
jhotdraw-7.5.1 - Move Method,org.jhotdraw.samples.odg.io,ODGFigureFactory,Unnecessary Abstraction
jhotdraw-7.5.1 - Move Method,org.jhotdraw.samples.odg.io,ODGFigureFactory,Unutilized Abstraction
jhotdraw-7.5.1 - Move Method,org.jhotdraw.samples.odg.io,ODGInputFormat,Insufficient Modularization
jhotdraw-7.5.1 - Move Method,org.jhotdraw.samples.odg.io,ODGStylesReader,Deficient Encapsulation
jhotdraw-7.5.1 - Move Method,org.jhotdraw.samples.odg.io,Style,Unnecessary Abstraction
jhotdraw-7.5.1 - Move Method,org.jhotdraw.samples.odg.io,Style,Deficient Encapsulation
jhotdraw-7.5.1 - Move Method,org.jhotdraw.samples.pert.figures,DependencyFigure,Cyclic-Dependent Modularization
jhotdraw-7.5.1 - Move Method,org.jhotdraw.samples.pert.figures,TaskFigure,Cyclic-Dependent Modularization
jhotdraw-7.5.1 - Move Method,org.jhotdraw.samples.pert.figures,TaskFigure,Insufficient Modularization
jhotdraw-7.5.1 - Move Method,org.jhotdraw.samples.pert.figures,NameAdapter,Unutilized Abstraction
jhotdraw-7.5.1 - Move Method,org.jhotdraw.samples.pert.figures,DurationAdapter,Unutilized Abstraction
jhotdraw-7.5.1 - Move Method,org.jhotdraw.samples.pert,Main,Unutilized Abstraction
jhotdraw-7.5.1 - Move Method,org.jhotdraw.samples.pert,PertApplicationModel,Unutilized Abstraction
jhotdraw-7.5.1 - Move Method,org.jhotdraw.samples.pert,ToolButtonListener,Unutilized Abstraction
jhotdraw-7.5.1 - Move Method,org.jhotdraw.samples.pert,PertFactory,Unutilized Abstraction
jhotdraw-7.5.1 - Move Method,org.jhotdraw.samples.pert,PertView,Deficient Encapsulation
jhotdraw-7.5.1 - Move Method,org.jhotdraw.samples.svg.action,CombineAction,Unutilized Abstraction
jhotdraw-7.5.1 - Move Method,org.jhotdraw.samples.svg.action,CombineAction,Deficient Encapsulation
jhotdraw-7.5.1 - Move Method,org.jhotdraw.samples.svg.action,SplitAction,Unutilized Abstraction
jhotdraw-7.5.1 - Move Method,org.jhotdraw.samples.svg.action,SplitAction,Deficient Encapsulation
jhotdraw-7.5.1 - Move Method,org.jhotdraw.samples.svg.action,SplitAction,Broken Hierarchy
jhotdraw-7.5.1 - Move Method,org.jhotdraw.samples.svg.action,ViewSourceAction,Unutilized Abstraction
jhotdraw-7.5.1 - Move Method,org.jhotdraw.samples.svg.action,ViewSourceAction,Deficient Encapsulation
jhotdraw-7.5.1 - Move Method,org.jhotdraw.samples.svg.figures,ConvexHullOutlineHandle,Unutilized Abstraction
jhotdraw-7.5.1 - Move Method,org.jhotdraw.samples.svg.figures,LinkHandle,Unutilized Abstraction
jhotdraw-7.5.1 - Move Method,org.jhotdraw.samples.svg.figures,SVGBezierFigure,Cyclic-Dependent Modularization
jhotdraw-7.5.1 - Move Method,org.jhotdraw.samples.svg.figures,SVGEllipseFigure,Broken Hierarchy
jhotdraw-7.5.1 - Move Method,org.jhotdraw.samples.svg.figures,SVGFigure,Unutilized Abstraction
jhotdraw-7.5.1 - Move Method,org.jhotdraw.samples.svg.figures,SVGGroupFigure,Unutilized Abstraction
jhotdraw-7.5.1 - Move Method,org.jhotdraw.samples.svg.figures,SVGImageFigure,Insufficient Modularization
jhotdraw-7.5.1 - Move Method,org.jhotdraw.samples.svg.figures,SVGPathFigure,Unutilized Abstraction
jhotdraw-7.5.1 - Move Method,org.jhotdraw.samples.svg.figures,SVGPathFigure,Cyclic-Dependent Modularization
jhotdraw-7.5.1 - Move Method,org.jhotdraw.samples.svg.figures,SVGPathFigure,Insufficient Modularization
jhotdraw-7.5.1 - Move Method,org.jhotdraw.samples.svg.figures,SVGPathOutlineHandle,Unutilized Abstraction
jhotdraw-7.5.1 - Move Method,org.jhotdraw.samples.svg.figures,SVGRectFigure,Deficient Encapsulation
jhotdraw-7.5.1 - Move Method,org.jhotdraw.samples.svg.figures,SVGRectFigure,Broken Hierarchy
jhotdraw-7.5.1 - Move Method,org.jhotdraw.samples.svg.figures,SVGRectFigure,Insufficient Modularization
jhotdraw-7.5.1 - Move Method,org.jhotdraw.samples.svg.figures,SVGRectRadiusHandle,Unutilized Abstraction
jhotdraw-7.5.1 - Move Method,org.jhotdraw.samples.svg.figures,SVGTextAreaFigure,Insufficient Modularization
jhotdraw-7.5.1 - Move Method,org.jhotdraw.samples.svg.figures,SVGTextFigure,Insufficient Modularization
jhotdraw-7.5.1 - Move Method,org.jhotdraw.samples.svg,LinearGradient,Insufficient Modularization
jhotdraw-7.5.1 - Move Method,org.jhotdraw.samples.svg,Main,Unutilized Abstraction
jhotdraw-7.5.1 - Move Method,org.jhotdraw.samples.svg,RadialGradient,Insufficient Modularization
jhotdraw-7.5.1 - Move Method,org.jhotdraw.samples.svg,SVGApplicationModel,Deficient Encapsulation
jhotdraw-7.5.1 - Move Method,org.jhotdraw.samples.svg,SVGApplicationModel,Cyclic-Dependent Modularization
jhotdraw-7.5.1 - Move Method,org.jhotdraw.samples.svg,SVGAttributeKeys,Deficient Encapsulation
jhotdraw-7.5.1 - Move Method,org.jhotdraw.samples.svg,SVGConstants,Unutilized Abstraction
jhotdraw-7.5.1 - Move Method,org.jhotdraw.samples.svg,SVGConstants,Deficient Encapsulation
jhotdraw-7.5.1 - Move Method,org.jhotdraw.samples.svg,SVGDrawingPanel,Insufficient Modularization
jhotdraw-7.5.1 - Move Method,org.jhotdraw.samples.svg,ItemChangeHandler,Unutilized Abstraction
jhotdraw-7.5.1 - Move Method,org.jhotdraw.samples.svg,SVGView,Deficient Encapsulation
jhotdraw-7.5.1 - Move Method,org.jhotdraw.samples.svg,SVGView,Cyclic-Dependent Modularization
jhotdraw-7.5.1 - Move Method,org.jhotdraw.samples.svg.gui,AbstractToolBar,Unutilized Abstraction
jhotdraw-7.5.1 - Move Method,org.jhotdraw.samples.svg.gui,AbstractToolBar,Wide Hierarchy
jhotdraw-7.5.1 - Move Method,org.jhotdraw.samples.svg.gui,ProxyPanel,Unutilized Abstraction
jhotdraw-7.5.1 - Move Method,org.jhotdraw.samples.svg.gui,ActionsToolBar,Unutilized Abstraction
jhotdraw-7.5.1 - Move Method,org.jhotdraw.samples.svg.gui,AlignToolBar,Unutilized Abstraction
jhotdraw-7.5.1 - Move Method,org.jhotdraw.samples.svg.gui,ArrangeToolBar,Unutilized Abstraction
jhotdraw-7.5.1 - Move Method,org.jhotdraw.samples.svg.gui,CanvasToolBar,Unutilized Abstraction
jhotdraw-7.5.1 - Move Method,org.jhotdraw.samples.svg.gui,CanvasToolBar,Broken Hierarchy
jhotdraw-7.5.1 - Move Method,org.jhotdraw.samples.svg.gui,DrawingComponent,Unutilized Abstraction
jhotdraw-7.5.1 - Move Method,org.jhotdraw.samples.svg.gui,DrawingOpacityIcon,Unutilized Abstraction
jhotdraw-7.5.1 - Move Method,org.jhotdraw.samples.svg.gui,FigureToolBar,Unutilized Abstraction
jhotdraw-7.5.1 - Move Method,org.jhotdraw.samples.svg.gui,FillToolBar,Unutilized Abstraction
jhotdraw-7.5.1 - Move Method,org.jhotdraw.samples.svg.gui,FontToolBar,Unutilized Abstraction
jhotdraw-7.5.1 - Move Method,org.jhotdraw.samples.svg.gui,LinkToolBar,Unutilized Abstraction
jhotdraw-7.5.1 - Move Method,org.jhotdraw.samples.svg.gui,MessagePanel,Unutilized Abstraction
jhotdraw-7.5.1 - Move Method,org.jhotdraw.samples.svg.gui,ProgressIndicator,Unutilized Abstraction
jhotdraw-7.5.1 - Move Method,org.jhotdraw.samples.svg.gui,SelectionOpacityIcon,Unutilized Abstraction
jhotdraw-7.5.1 - Move Method,org.jhotdraw.samples.svg.gui,ServerAuthenticationException,Unutilized Abstraction
jhotdraw-7.5.1 - Move Method,org.jhotdraw.samples.svg.gui,StrokeToolBar,Unutilized Abstraction
jhotdraw-7.5.1 - Move Method,org.jhotdraw.samples.svg.gui,SummaryToolBar,Unutilized Abstraction
jhotdraw-7.5.1 - Move Method,org.jhotdraw.samples.svg.gui,ToolsToolBar,Unutilized Abstraction
jhotdraw-7.5.1 - Move Method,org.jhotdraw.samples.svg.gui,ToolsToolBar,Broken Hierarchy
jhotdraw-7.5.1 - Move Method,org.jhotdraw.samples.svg.gui,SelectionToolButtonHandler,Unutilized Abstraction
jhotdraw-7.5.1 - Move Method,org.jhotdraw.samples.svg.gui,ViewToolBar,Unutilized Abstraction
jhotdraw-7.5.1 - Move Method,org.jhotdraw.samples.svg.io,ClientHttpRequest,Insufficient Modularization
jhotdraw-7.5.1 - Move Method,org.jhotdraw.samples.svg.io,DefaultSVGFigureFactory,Unutilized Abstraction
jhotdraw-7.5.1 - Move Method,org.jhotdraw.samples.svg.io,SVGElementFactory,Unnecessary Abstraction
jhotdraw-7.5.1 - Move Method,org.jhotdraw.samples.svg.io,SVGElementFactory,Unutilized Abstraction
jhotdraw-7.5.1 - Move Method,org.jhotdraw.samples.svg.io,SVGInputFormat,Deficient Encapsulation
jhotdraw-7.5.1 - Move Method,org.jhotdraw.samples.svg.io,SVGInputFormat,Insufficient Modularization
jhotdraw-7.5.1 - Move Method,org.jhotdraw.samples.svg.io,Viewport,Deficient Encapsulation
jhotdraw-7.5.1 - Move Method,org.jhotdraw.samples.svg.io,SVGOutputFormat,Insufficient Modularization
jhotdraw-7.5.1 - Move Method,org.jhotdraw.samples.svg.io,SVGZInputFormat,Unutilized Abstraction
jhotdraw-7.5.1 - Move Method,org.jhotdraw.samples.svg.io,SVGZOutputFormat,Unutilized Abstraction
jhotdraw-7.5.1 - Move Method,org.jhotdraw.samples.teddy.action,FindAction,Unutilized Abstraction
jhotdraw-7.5.1 - Move Method,org.jhotdraw.samples.teddy.action,FindAction,Deficient Encapsulation
jhotdraw-7.5.1 - Move Method,org.jhotdraw.samples.teddy.action,ToggleLineNumbersAction,Unutilized Abstraction
jhotdraw-7.5.1 - Move Method,org.jhotdraw.samples.teddy.action,ToggleLineNumbersAction,Deficient Encapsulation
jhotdraw-7.5.1 - Move Method,org.jhotdraw.samples.teddy.action,ToggleLineWrapAction,Unutilized Abstraction
jhotdraw-7.5.1 - Move Method,org.jhotdraw.samples.teddy.action,ToggleLineWrapAction,Deficient Encapsulation
jhotdraw-7.5.1 - Move Method,org.jhotdraw.samples.teddy.action,ToggleStatusBarAction,Unutilized Abstraction
jhotdraw-7.5.1 - Move Method,org.jhotdraw.samples.teddy.action,ToggleStatusBarAction,Deficient Encapsulation
jhotdraw-7.5.1 - Move Method,org.jhotdraw.samples.teddy,CharacterSetAccessory,Unutilized Abstraction
jhotdraw-7.5.1 - Move Method,org.jhotdraw.samples.teddy,CharacterSetAccessory,Deficient Encapsulation
jhotdraw-7.5.1 - Move Method,org.jhotdraw.samples.teddy,FindDialog,Deficient Encapsulation
jhotdraw-7.5.1 - Move Method,org.jhotdraw.samples.teddy,FindDialog,Cyclic-Dependent Modularization
jhotdraw-7.5.1 - Move Method,org.jhotdraw.samples.teddy,JEditorArea,Unutilized Abstraction
jhotdraw-7.5.1 - Move Method,org.jhotdraw.samples.teddy,Main,Unutilized Abstraction
jhotdraw-7.5.1 - Move Method,org.jhotdraw.samples.teddy,Main,Deficient Encapsulation
jhotdraw-7.5.1 - Move Method,org.jhotdraw.samples.teddy,TeddyView,Deficient Encapsulation
jhotdraw-7.5.1 - Move Method,org.jhotdraw.samples.teddy,TeddyView,Cyclic-Dependent Modularization
jhotdraw-7.5.1 - Move Method,org.jhotdraw.samples.teddy,TeddyView,Insufficient Modularization
jhotdraw-7.5.1 - Move Method,org.jhotdraw.samples.teddy.io,LFWriter,Unutilized Abstraction
jhotdraw-7.5.1 - Move Method,org.jhotdraw.samples.teddy.regex,Matcher,Unutilized Abstraction
jhotdraw-7.5.1 - Move Method,org.jhotdraw.samples.teddy.regex,MatchType,Deficient Encapsulation
jhotdraw-7.5.1 - Move Method,org.jhotdraw.samples.teddy.text,NumberedEditorKit,Unutilized Abstraction
jhotdraw-7.5.1 - Move Method,org.jhotdraw.samples.teddy.text,NumberedParagraphView,Unutilized Abstraction
jhotdraw-7.5.1 - Move Method,org.jhotdraw.samples.teddy.text,NumberedParagraphView,Deficient Encapsulation
jhotdraw-7.5.1 - Move Method,org.jhotdraw.text,JavaNumberFormatter,Insufficient Modularization
jhotdraw-7.5.1 - Move Method,org.jhotdraw.undo,NonUndoableEdit,Unutilized Abstraction
jhotdraw-7.5.1 - Move Method,org.jhotdraw.undo,UndoRedoManager,Deficient Encapsulation
jhotdraw-7.5.1 - Move Method,org.jhotdraw.undo,UndoRedoManager,Insufficient Modularization
jhotdraw-7.5.1 - Move Method,org.jhotdraw.util,Methods,Insufficient Modularization
jhotdraw-7.5.1 - Move Method,org.jhotdraw.util,ResourceBundleUtil,Insufficient Modularization
jhotdraw-7.5.1 - Move Method,org.jhotdraw.util,ReversedList,Unutilized Abstraction
jhotdraw-7.5.1 - Move Method,org.jhotdraw.util.prefs,PreferencesUtil,Insufficient Modularization
jhotdraw-7.5.1 - Move Method,org.jhotdraw.util.prefs,ToolBarPrefsHandler,Unutilized Abstraction
jhotdraw-7.5.1 - Move Method,org.jhotdraw.xml,DefaultDOMFactory,Unutilized Abstraction
jhotdraw-7.5.1 - Move Method,org.jhotdraw.xml,JavaPrimitivesDOMFactory,Unutilized Abstraction
jhotdraw-7.5.1 - Move Method,org.jhotdraw.xml,JavaxDOMOutput,Unutilized Abstraction
jhotdraw-7.5.1 - Move Method,org.jhotdraw.xml,JavaxDOMOutput,Insufficient Modularization
jhotdraw-7.5.1 - Move Method,org.jhotdraw.xml,NanoXMLDOMInput,Unutilized Abstraction
jhotdraw-7.5.1 - Move Method,org.jhotdraw.xml,NanoXMLDOMOutput,Unutilized Abstraction
jhotdraw-7.5.1 - Move Method,org.jhotdraw.xml,NanoXMLDOMOutput,Insufficient Modularization
jhotdraw-7.5.1 - Move Method,org.jhotdraw.xml,XMLTransferable,Unutilized Abstraction
