Project Name,Package Name,Type Name,NOF,NOPF,NOM,NOPM,LOC,WMC,NC,DIT,LCOM,FANIN,FANOUT
jhotdraw-7.5.1 - Move Method,net.n3.nanoxml,CDATAReader,3,0,4,2,112,17,0,0,0.0,0,1
jhotdraw-7.5.1 - Move Method,net.n3.nanoxml,ContentReader,4,0,4,2,132,16,0,0,0.0,0,3
jhotdraw-7.5.1 - Move Method,net.n3.nanoxml,IXMLBuilder,0,0,8,8,77,8,1,0,-1.0,3,0
jhotdraw-7.5.1 - Move Method,net.n3.nanoxml,IXMLElement,1,1,51,51,309,51,1,0,-1.0,9,1
jhotdraw-7.5.1 - Move Method,net.n3.nanoxml,IXMLEntityResolver,0,0,4,4,33,4,1,0,-1.0,7,1
jhotdraw-7.5.1 - Move Method,net.n3.nanoxml,IXMLParser,0,0,9,9,54,9,1,0,-1.0,1,4
jhotdraw-7.5.1 - Move Method,net.n3.nanoxml,IXMLReader,0,0,13,13,76,13,1,0,-1.0,11,0
jhotdraw-7.5.1 - Move Method,net.n3.nanoxml,IXMLValidator,0,0,8,8,67,8,2,0,-1.0,3,2
jhotdraw-7.5.1 - Move Method,net.n3.nanoxml,NonValidator,3,0,15,9,411,61,0,1,0.2,0,3
jhotdraw-7.5.1 - Move Method,net.n3.nanoxml,PIReader,2,0,4,2,79,13,0,0,0.0,0,1
jhotdraw-7.5.1 - Move Method,net.n3.nanoxml,StdXMLBuilder,3,0,11,10,181,22,0,1,0.36363636363636365,0,1
jhotdraw-7.5.1 - Move Method,net.n3.nanoxml,StdXMLParser,4,0,19,10,435,68,0,1,0.0,0,6
jhotdraw-7.5.1 - Move Method,net.n3.nanoxml,StdXMLReader,6,0,21,18,380,53,0,1,0.09523809523809523,1,2
jhotdraw-7.5.1 - Move Method,net.n3.nanoxml,StackedReader,4,0,0,0,11,0,0,0,-1.0,1,0
jhotdraw-7.5.1 - Move Method,net.n3.nanoxml,ValidatorPlugin,1,0,20,19,202,20,0,1,0.45,0,4
jhotdraw-7.5.1 - Move Method,net.n3.nanoxml,XMLAttribute,5,0,7,0,80,7,0,0,0.0,1,0
jhotdraw-7.5.1 - Move Method,net.n3.nanoxml,XMLElement,11,1,60,58,809,116,0,1,0.05,0,3
jhotdraw-7.5.1 - Move Method,net.n3.nanoxml,XMLEntityResolver,1,0,7,5,94,11,0,1,0.0,0,1
jhotdraw-7.5.1 - Move Method,net.n3.nanoxml,XMLException,4,0,14,12,157,21,2,0,0.14285714285714285,2,1
jhotdraw-7.5.1 - Move Method,net.n3.nanoxml,XMLParseException,0,0,2,2,23,2,0,1,-1.0,0,0
jhotdraw-7.5.1 - Move Method,net.n3.nanoxml,XMLParserFactory,2,2,3,3,68,3,0,0,0.0,1,3
jhotdraw-7.5.1 - Move Method,net.n3.nanoxml,XMLUtil,0,0,27,0,401,60,0,0,-1.0,5,4
jhotdraw-7.5.1 - Move Method,net.n3.nanoxml,XMLValidationException,12,8,5,4,98,5,0,1,0.0,1,0
jhotdraw-7.5.1 - Move Method,net.n3.nanoxml,XMLWriter,1,0,8,6,201,38,0,0,0.0,1,1
jhotdraw-7.5.1 - Move Method,org.jhotdraw.app,AbstractApplication,18,1,51,41,423,91,4,1,0.2549019607843137,0,10
jhotdraw-7.5.1 - Move Method,org.jhotdraw.app,OpenRecentMenuHandler,3,0,4,3,66,15,0,1,0.0,1,5
jhotdraw-7.5.1 - Move Method,org.jhotdraw.app,AbstractApplicationModel,10,5,22,22,137,24,2,1,0.6363636363636364,0,4
jhotdraw-7.5.1 - Move Method,org.jhotdraw.app,AbstractView,9,0,26,24,187,34,0,2,0.5384615384615384,0,3
jhotdraw-7.5.1 - Move Method,org.jhotdraw.app,AppletApplication,2,0,13,12,61,13,0,2,0.6923076923076923,0,1
jhotdraw-7.5.1 - Move Method,org.jhotdraw.app,Application,2,2,42,42,204,42,1,0,-1.0,40,2
jhotdraw-7.5.1 - Move Method,org.jhotdraw.app,ApplicationModel,0,0,16,16,87,16,1,0,-1.0,7,2
jhotdraw-7.5.1 - Move Method,org.jhotdraw.app,DefaultApplicationModel,0,0,9,4,92,14,0,2,-1.0,1,16
jhotdraw-7.5.1 - Move Method,org.jhotdraw.app,Disposable,0,0,1,1,11,1,4,0,-1.0,3,0
jhotdraw-7.5.1 - Move Method,org.jhotdraw.app,EmptyApplicationModel,0,0,8,3,72,13,0,2,-1.0,0,2
jhotdraw-7.5.1 - Move Method,org.jhotdraw.app,MDIApplication,7,0,29,22,460,79,0,2,0.3793103448275862,2,35
jhotdraw-7.5.1 - Move Method,org.jhotdraw.app,WindowMenuHandler,2,0,3,2,42,8,0,0,0.0,0,5
jhotdraw-7.5.1 - Move Method,org.jhotdraw.app,DropFileTransferHandler,0,0,2,2,36,7,0,0,-1.0,0,1
jhotdraw-7.5.1 - Move Method,org.jhotdraw.app,OSXApplication,8,0,41,31,502,94,0,2,0.2682926829268293,4,43
jhotdraw-7.5.1 - Move Method,org.jhotdraw.app,WindowMenuHandler,2,0,4,3,53,10,0,1,0.5,0,7
jhotdraw-7.5.1 - Move Method,org.jhotdraw.app,FrameHandler,2,0,8,8,44,11,0,1,0.25,1,2
jhotdraw-7.5.1 - Move Method,org.jhotdraw.app,QuitHandler,0,0,1,1,9,1,0,0,-1.0,0,0
jhotdraw-7.5.1 - Move Method,org.jhotdraw.app,PrintableView,0,0,1,1,8,1,0,2,-1.0,1,0
jhotdraw-7.5.1 - Move Method,org.jhotdraw.app,SDIApplication,1,0,25,19,337,60,0,2,0.52,0,28
jhotdraw-7.5.1 - Move Method,org.jhotdraw.app,View,7,7,32,32,170,32,2,1,-1.0,44,3
jhotdraw-7.5.1 - Move Method,org.jhotdraw.app.action,AbstractApplicationAction,2,0,10,6,72,14,0,0,0.0,0,1
jhotdraw-7.5.1 - Move Method,org.jhotdraw.app.action,AbstractSaveUnsavedChangesAction,1,0,12,4,123,33,0,1,0.3333333333333333,0,5
jhotdraw-7.5.1 - Move Method,org.jhotdraw.app.action,AbstractViewAction,7,2,14,7,125,22,1,0,0.0,0,2
jhotdraw-7.5.1 - Move Method,org.jhotdraw.app.action,ActionUtil,4,4,3,2,41,3,0,0,1.0,10,0
jhotdraw-7.5.1 - Move Method,org.jhotdraw.app.action.app,AboutAction,1,1,2,2,24,3,0,0,1.0,3,0
jhotdraw-7.5.1 - Move Method,org.jhotdraw.app.action.app,AbstractPreferencesAction,1,1,1,1,16,1,0,0,0.0,3,2
jhotdraw-7.5.1 - Move Method,org.jhotdraw.app.action.app,ExitAction,3,1,21,7,268,65,0,0,0.23809523809523808,2,5
jhotdraw-7.5.1 - Move Method,org.jhotdraw.app.action.app,OpenApplicationAction,1,1,2,2,17,2,0,0,1.0,1,1
jhotdraw-7.5.1 - Move Method,org.jhotdraw.app.action.app,OpenApplicationFileAction,3,1,7,3,101,20,0,0,0.8571428571428571,3,5
jhotdraw-7.5.1 - Move Method,org.jhotdraw.app.action.app,PrintApplicationFileAction,3,1,5,3,52,8,0,0,1.0,1,3
jhotdraw-7.5.1 - Move Method,org.jhotdraw.app.action.app,ReOpenApplicationAction,1,1,2,2,29,5,0,0,1.0,1,2
jhotdraw-7.5.1 - Move Method,org.jhotdraw.app.action.edit,AbstractFindAction,1,1,1,1,16,1,0,0,0.0,4,0
jhotdraw-7.5.1 - Move Method,org.jhotdraw.app.action.edit,AbstractSelectionAction,2,0,3,2,45,10,6,0,0.0,0,1
jhotdraw-7.5.1 - Move Method,org.jhotdraw.app.action.edit,ClearSelectionAction,1,1,4,3,46,9,0,1,1.0,5,0
jhotdraw-7.5.1 - Move Method,org.jhotdraw.app.action.edit,CopyAction,1,1,3,3,32,5,0,1,1.0,5,1
jhotdraw-7.5.1 - Move Method,org.jhotdraw.app.action.edit,CutAction,1,1,3,3,32,5,0,1,1.0,5,1
jhotdraw-7.5.1 - Move Method,org.jhotdraw.app.action.edit,DeleteAction,3,1,5,5,85,15,0,0,0.6,5,0
jhotdraw-7.5.1 - Move Method,org.jhotdraw.app.action.edit,DuplicateAction,1,1,3,3,37,6,0,1,1.0,4,0
jhotdraw-7.5.1 - Move Method,org.jhotdraw.app.action.edit,PasteAction,1,1,4,3,40,8,0,1,1.0,5,1
jhotdraw-7.5.1 - Move Method,org.jhotdraw.app.action.edit,RedoAction,3,1,8,3,72,15,0,0,0.0,11,2
jhotdraw-7.5.1 - Move Method,org.jhotdraw.app.action.edit,SelectAllAction,1,1,4,3,45,9,0,1,1.0,5,0
jhotdraw-7.5.1 - Move Method,org.jhotdraw.app.action.edit,UndoAction,3,1,8,3,72,15,0,0,0.0,11,2
jhotdraw-7.5.1 - Move Method,org.jhotdraw.app.action.file,ClearFileAction,1,1,4,4,29,4,0,0,1.0,3,2
jhotdraw-7.5.1 - Move Method,org.jhotdraw.app.action.file,ClearRecentFilesMenuAction,2,1,7,3,51,10,0,0,0.2857142857142857,4,1
jhotdraw-7.5.1 - Move Method,org.jhotdraw.app.action.file,CloseFileAction,1,1,2,1,22,3,0,0,1.0,5,2
jhotdraw-7.5.1 - Move Method,org.jhotdraw.app.action.file,ExportFileAction,2,1,7,3,67,16,0,0,0.5714285714285714,7,3
jhotdraw-7.5.1 - Move Method,org.jhotdraw.app.action.file,LoadDirectoryAction,1,1,2,1,19,2,0,1,1.0,5,1
jhotdraw-7.5.1 - Move Method,org.jhotdraw.app.action.file,LoadFileAction,1,1,9,5,75,16,1,0,0.6666666666666666,5,5
jhotdraw-7.5.1 - Move Method,org.jhotdraw.app.action.file,LoadRecentFileAction,2,1,6,3,72,14,0,0,0.3333333333333333,2,5
jhotdraw-7.5.1 - Move Method,org.jhotdraw.app.action.file,NewFileAction,1,1,4,4,38,6,1,0,1.0,4,2
jhotdraw-7.5.1 - Move Method,org.jhotdraw.app.action.file,NewWindowAction,1,1,1,1,14,1,0,1,0.0,3,1
jhotdraw-7.5.1 - Move Method,org.jhotdraw.app.action.file,OpenDirectoryAction,1,1,2,1,19,2,0,1,1.0,3,1
jhotdraw-7.5.1 - Move Method,org.jhotdraw.app.action.file,OpenFileAction,1,1,11,6,179,34,1,0,0.6363636363636364,4,6
jhotdraw-7.5.1 - Move Method,org.jhotdraw.app.action.file,OpenRecentFileAction,2,1,7,3,97,20,0,0,0.2857142857142857,2,5
jhotdraw-7.5.1 - Move Method,org.jhotdraw.app.action.file,PrintFileAction,1,1,9,6,148,18,0,0,0.7777777777777778,4,0
jhotdraw-7.5.1 - Move Method,org.jhotdraw.app.action.file,SaveFileAction,3,1,10,4,107,27,1,0,0.5,4,3
jhotdraw-7.5.1 - Move Method,org.jhotdraw.app.action.file,SaveFileAsAction,1,1,1,1,16,1,0,1,0.0,4,2
jhotdraw-7.5.1 - Move Method,org.jhotdraw.app.action.view,ToggleViewPropertyAction,7,0,8,4,98,13,0,0,0.0,0,3
jhotdraw-7.5.1 - Move Method,org.jhotdraw.app.action.view,ViewPropertyAction,6,0,7,4,74,9,0,0,0.0,0,3
jhotdraw-7.5.1 - Move Method,org.jhotdraw.app.action.window,ArrangeWindowsAction,5,3,2,2,37,5,0,0,0.0,2,0
jhotdraw-7.5.1 - Move Method,org.jhotdraw.app.action.window,FocusWindowAction,3,1,9,6,91,19,0,0,0.2222222222222222,4,2
jhotdraw-7.5.1 - Move Method,org.jhotdraw.app.action.window,MaximizeWindowAction,1,1,3,2,28,4,0,0,0.6666666666666666,3,2
jhotdraw-7.5.1 - Move Method,org.jhotdraw.app.action.window,MinimizeWindowAction,1,1,3,2,28,4,0,0,0.6666666666666666,3,2
jhotdraw-7.5.1 - Move Method,org.jhotdraw.app.action.window,TogglePaletteAction,3,0,5,5,58,10,0,0,0.0,1,2
jhotdraw-7.5.1 - Move Method,org.jhotdraw.app.action.window,ToggleToolBarAction,2,0,5,5,49,12,0,0,0.0,0,1
jhotdraw-7.5.1 - Move Method,org.jhotdraw.app.action.window,ToggleVisibleAction,1,0,4,4,28,4,0,0,0.0,0,1
jhotdraw-7.5.1 - Move Method,org.jhotdraw.app.osx,OSXAdapter,5,0,17,13,194,28,0,0,0.0,2,1
jhotdraw-7.5.1 - Move Method,org.jhotdraw.app.osx,OSXPaletteHandler,6,0,14,11,110,27,0,0,0.0,2,3
jhotdraw-7.5.1 - Move Method,org.jhotdraw.beans,AbstractBean,1,0,9,6,87,17,0,0,0.0,1,2
jhotdraw-7.5.1 - Move Method,org.jhotdraw.beans,PropertyChangeEdit,6,0,15,14,155,17,0,0,0.0,1,1
jhotdraw-7.5.1 - Move Method,org.jhotdraw.beans,WeakPropertyChangeListener,1,0,5,4,43,6,0,0,0.0,1,0
jhotdraw-7.5.1 - Move Method,org.jhotdraw.color,AbstractColorSlidersModel,1,0,3,3,27,6,1,1,0.0,0,0
jhotdraw-7.5.1 - Move Method,org.jhotdraw.color,AbstractColorWheelImageProducer,10,0,12,11,59,13,4,0,0.3333333333333333,1,1
jhotdraw-7.5.1 - Move Method,org.jhotdraw.color,AbstractHarmonicRule,2,0,4,4,19,4,1,1,0.75,0,0
jhotdraw-7.5.1 - Move Method,org.jhotdraw.color,CIELABColorSpace,8,0,12,12,207,31,0,1,0.4166666666666667,1,1
jhotdraw-7.5.1 - Move Method,org.jhotdraw.color,CIELCHabColorSpace,8,0,12,12,204,31,0,1,0.4166666666666667,1,1
jhotdraw-7.5.1 - Move Method,org.jhotdraw.color,CIEXYChromaticityDiagramImageProducer,13,0,11,11,131,23,0,0,0.36363636363636365,1,2
jhotdraw-7.5.1 - Move Method,org.jhotdraw.color,CMYKGenericColorSpace,1,0,2,2,24,3,0,0,1.0,1,1
jhotdraw-7.5.1 - Move Method,org.jhotdraw.color,CMYKNominalColorSpace,1,0,12,12,95,19,0,1,0.8333333333333334,1,1
jhotdraw-7.5.1 - Move Method,org.jhotdraw.color,ColorListCellRenderer,2,0,6,6,48,8,0,0,0.6666666666666666,0,2
jhotdraw-7.5.1 - Move Method,org.jhotdraw.color,ColorIcon,1,0,4,4,22,5,0,0,0.0,1,0
jhotdraw-7.5.1 - Move Method,org.jhotdraw.color,ColorSliderModel,0,0,14,14,71,14,1,0,-1.0,8,0
jhotdraw-7.5.1 - Move Method,org.jhotdraw.color,ColorSliderUI,8,0,27,14,379,81,0,0,0.5185185185185185,2,3
jhotdraw-7.5.1 - Move Method,org.jhotdraw.color,CSUIPropertyChangeHandler,0,0,1,1,57,18,0,0,-1.0,0,0
jhotdraw-7.5.1 - Move Method,org.jhotdraw.color,TrackListener,0,0,1,1,30,6,0,0,-1.0,0,0
jhotdraw-7.5.1 - Move Method,org.jhotdraw.color,ColorSquareImageProducer,5,0,8,7,116,18,0,1,0.375,0,1
jhotdraw-7.5.1 - Move Method,org.jhotdraw.color,ColorTrackImageProducer,10,0,13,11,112,23,0,0,0.0,1,2
jhotdraw-7.5.1 - Move Method,org.jhotdraw.color,ColorUtil,1,0,10,9,140,23,0,0,0.8,16,2
jhotdraw-7.5.1 - Move Method,org.jhotdraw.color,ColorWheelChooser,4,0,9,7,64,11,0,0,0.4444444444444444,0,2
jhotdraw-7.5.1 - Move Method,org.jhotdraw.color,ComplexColorWheelImageProducer,5,0,9,7,161,23,0,1,0.3333333333333333,0,1
jhotdraw-7.5.1 - Move Method,org.jhotdraw.color,CompositeColor,3,0,6,6,182,26,0,0,0.0,0,1
jhotdraw-7.5.1 - Move Method,org.jhotdraw.color,DefaultColorSliderModel,3,0,20,19,166,31,0,2,0.0,0,2
jhotdraw-7.5.1 - Move Method,org.jhotdraw.color,DefaultHarmonicColorModel,7,0,26,23,147,38,0,1,0.07692307692307693,2,5
jhotdraw-7.5.1 - Move Method,org.jhotdraw.color,HarmonicColorModel,1,1,17,17,24,17,1,0,-1.0,4,1
jhotdraw-7.5.1 - Move Method,org.jhotdraw.color,HarmonicRule,0,0,6,6,12,6,1,0,-1.0,2,1
jhotdraw-7.5.1 - Move Method,org.jhotdraw.color,HSBColorSpace,1,0,12,12,59,16,0,1,0.8333333333333334,4,1
jhotdraw-7.5.1 - Move Method,org.jhotdraw.color,HSLColorSpace,1,0,12,12,160,38,0,1,0.8333333333333334,1,1
jhotdraw-7.5.1 - Move Method,org.jhotdraw.color,HSLHarmonicColorWheelImageProducer,2,0,9,6,130,21,0,2,0.6666666666666666,0,2
jhotdraw-7.5.1 - Move Method,org.jhotdraw.color,HSLPhysiologicColorSpace,1,0,12,12,204,51,0,1,0.8333333333333334,4,1
jhotdraw-7.5.1 - Move Method,org.jhotdraw.color,HSVColorSpace,1,0,12,12,137,30,0,1,0.8333333333333334,1,1
jhotdraw-7.5.1 - Move Method,org.jhotdraw.color,HSVHarmonicColorWheelImageProducer,3,0,8,5,134,21,0,2,0.375,0,2
jhotdraw-7.5.1 - Move Method,org.jhotdraw.color,HSVPhysiologicColorSpace,1,0,12,12,184,42,0,1,0.8333333333333334,2,1
jhotdraw-7.5.1 - Move Method,org.jhotdraw.color,JColorWheel,13,0,32,20,216,41,1,0,0.21875,2,5
jhotdraw-7.5.1 - Move Method,org.jhotdraw.color,MouseHandler,0,0,4,3,17,4,0,0,-1.0,2,0
jhotdraw-7.5.1 - Move Method,org.jhotdraw.color,ModelHandler,0,0,1,1,5,1,0,0,-1.0,2,0
jhotdraw-7.5.1 - Move Method,org.jhotdraw.color,JHarmonicColorWheel,7,1,25,19,246,51,0,1,0.52,1,6
jhotdraw-7.5.1 - Move Method,org.jhotdraw.color,MouseHandler,0,0,8,7,48,15,0,0,-1.0,0,0
jhotdraw-7.5.1 - Move Method,org.jhotdraw.color,ModelHandler,0,0,4,4,21,5,0,0,-1.0,0,1
jhotdraw-7.5.1 - Move Method,org.jhotdraw.color,NamedColorSpace,0,0,1,1,8,1,8,0,-1.0,0,0
jhotdraw-7.5.1 - Move Method,org.jhotdraw.color,PolarColorWheelImageProducer,3,0,6,5,103,13,2,1,0.8333333333333334,0,1
jhotdraw-7.5.1 - Move Method,org.jhotdraw.color,QuantizingColorWheelImageProducer,5,0,7,6,112,15,0,1,0.7142857142857143,0,1
jhotdraw-7.5.1 - Move Method,org.jhotdraw.color,SimpleHarmonicRule,2,0,7,7,41,10,0,2,0.42857142857142855,0,1
jhotdraw-7.5.1 - Move Method,org.jhotdraw.draw,AbstractAttributedCompositeFigure,2,0,27,18,209,52,1,3,0.37037037037037035,1,6
jhotdraw-7.5.1 - Move Method,org.jhotdraw.draw,AbstractAttributedDecoratedFigure,1,0,15,8,97,24,3,3,0.13333333333333333,1,2
jhotdraw-7.5.1 - Move Method,org.jhotdraw.draw,AbstractAttributedFigure,2,0,25,18,203,47,7,2,0.36,3,6
jhotdraw-7.5.1 - Move Method,org.jhotdraw.draw,AbstractCompositeFigure,5,0,67,62,536,132,5,2,0.11940298507462686,3,13
jhotdraw-7.5.1 - Move Method,org.jhotdraw.draw,EventHandler,0,0,7,7,30,8,0,0,-1.0,2,1
jhotdraw-7.5.1 - Move Method,org.jhotdraw.draw,AbstractConstrainer,2,0,5,4,52,8,1,1,0.4,1,1
jhotdraw-7.5.1 - Move Method,org.jhotdraw.draw,AbstractDrawing,5,0,17,17,100,25,2,4,0.5882352941176471,1,4
jhotdraw-7.5.1 - Move Method,org.jhotdraw.draw,AbstractFigure,8,0,60,43,423,103,2,1,0.45,1,10
jhotdraw-7.5.1 - Move Method,org.jhotdraw.draw,AttributeKey,5,0,23,23,225,28,0,0,0.17391304347826086,28,2
jhotdraw-7.5.1 - Move Method,org.jhotdraw.draw,AttributeKeys,43,42,9,9,411,42,0,0,0.2222222222222222,26,4
jhotdraw-7.5.1 - Move Method,org.jhotdraw.draw,BezierFigure,2,0,59,51,563,112,1,3,0.13559322033898305,6,10
jhotdraw-7.5.1 - Move Method,org.jhotdraw.draw,CompositeFigure,1,1,20,20,95,20,3,1,-1.0,8,4
jhotdraw-7.5.1 - Move Method,org.jhotdraw.draw,ConnectionFigure,0,0,21,21,95,21,1,1,-1.0,21,2
jhotdraw-7.5.1 - Move Method,org.jhotdraw.draw,Constrainer,0,0,9,9,57,9,1,0,-1.0,2,1
jhotdraw-7.5.1 - Move Method,org.jhotdraw.draw,DecoratedFigure,0,0,2,2,15,2,1,1,-1.0,0,1
jhotdraw-7.5.1 - Move Method,org.jhotdraw.draw,DefaultDrawing,1,0,21,16,189,53,0,5,0.6190476190476191,9,4
jhotdraw-7.5.1 - Move Method,org.jhotdraw.draw,DefaultDrawingEditor,10,0,30,27,262,48,0,1,0.2,5,12
jhotdraw-7.5.1 - Move Method,org.jhotdraw.draw,ToolHandler,0,0,3,3,18,5,0,0,-1.0,1,2
jhotdraw-7.5.1 - Move Method,org.jhotdraw.draw,DefaultDrawingView,29,1,103,80,1197,233,0,1,0.1262135922330097,12,15
jhotdraw-7.5.1 - Move Method,org.jhotdraw.draw,EventHandler,0,0,14,14,83,22,0,0,-1.0,0,5
jhotdraw-7.5.1 - Move Method,org.jhotdraw.draw,DefaultDrawingViewBeanInfo,14,0,11,7,108,24,0,0,0.6363636363636364,1,1
jhotdraw-7.5.1 - Move Method,org.jhotdraw.draw,DefaultDrawingViewTransferHandler,5,0,42,32,546,116,0,0,0.6428571428571429,2,8
jhotdraw-7.5.1 - Move Method,org.jhotdraw.draw,DragHandler,3,0,7,7,75,10,0,0,0.7142857142857143,0,1
jhotdraw-7.5.1 - Move Method,org.jhotdraw.draw,SwingDragGestureRecognizer,0,0,4,0,21,4,0,0,-1.0,1,0
jhotdraw-7.5.1 - Move Method,org.jhotdraw.draw,DiamondFigure,2,1,14,12,193,22,0,3,0.35714285714285715,2,6
jhotdraw-7.5.1 - Move Method,org.jhotdraw.draw,Drawing,0,0,36,1,180,36,1,2,-1.0,35,3
jhotdraw-7.5.1 - Move Method,org.jhotdraw.draw,DrawingEditor,5,5,23,15,125,23,2,0,-1.0,67,4
jhotdraw-7.5.1 - Move Method,org.jhotdraw.draw,DrawingEditorProxy,2,0,26,26,104,28,0,1,0.07692307692307693,1,6
jhotdraw-7.5.1 - Move Method,org.jhotdraw.draw,Forwarder,0,0,1,1,5,1,0,0,-1.0,1,0
jhotdraw-7.5.1 - Move Method,org.jhotdraw.draw,DrawingView,10,10,53,53,272,53,1,0,-1.0,34,6
jhotdraw-7.5.1 - Move Method,org.jhotdraw.draw,EllipseFigure,1,0,14,12,103,16,0,3,0.35714285714285715,2,5
jhotdraw-7.5.1 - Move Method,org.jhotdraw.draw,Figure,4,4,46,46,241,46,6,0,-1.0,79,7
jhotdraw-7.5.1 - Move Method,org.jhotdraw.draw,FigureLayerComparator,1,1,2,1,16,2,0,0,1.0,4,2
jhotdraw-7.5.1 - Move Method,org.jhotdraw.draw,GraphicalCompositeFigure,5,0,34,26,306,71,1,3,0.17647058823529413,3,10
jhotdraw-7.5.1 - Move Method,org.jhotdraw.draw,PresentationFigureHandler,1,0,5,4,24,7,0,0,0.0,1,2
jhotdraw-7.5.1 - Move Method,org.jhotdraw.draw,GridConstrainer,7,0,24,22,385,98,0,2,0.08333333333333333,3,1
jhotdraw-7.5.1 - Move Method,org.jhotdraw.draw,GroupFigure,0,0,2,2,20,2,0,3,-1.0,0,0
jhotdraw-7.5.1 - Move Method,org.jhotdraw.draw,ImageFigure,3,0,27,22,247,39,0,4,0.25925925925925924,3,5
jhotdraw-7.5.1 - Move Method,org.jhotdraw.draw,ImageHolderFigure,0,0,6,6,34,6,1,1,-1.0,2,0
jhotdraw-7.5.1 - Move Method,org.jhotdraw.draw,LabeledLineConnectionFigure,5,0,42,39,301,81,0,6,0.14285714285714285,2,9
jhotdraw-7.5.1 - Move Method,org.jhotdraw.draw,ChildHandler,1,0,5,4,24,7,0,0,0.0,1,2
jhotdraw-7.5.1 - Move Method,org.jhotdraw.draw,LabelFigure,1,0,13,13,65,18,0,5,0.6923076923076923,0,3
jhotdraw-7.5.1 - Move Method,org.jhotdraw.draw,LineConnectionFigure,6,1,41,34,374,88,1,5,0.2682926829268293,2,10
jhotdraw-7.5.1 - Move Method,org.jhotdraw.draw,ConnectionHandler,1,0,3,2,18,5,0,0,0.0,1,2
jhotdraw-7.5.1 - Move Method,org.jhotdraw.draw,LineFigure,0,0,5,5,60,10,1,4,-1.0,1,1
jhotdraw-7.5.1 - Move Method,org.jhotdraw.draw,ListFigure,0,0,2,2,18,2,0,4,-1.0,1,1
jhotdraw-7.5.1 - Move Method,org.jhotdraw.draw,QuadTreeCompositeFigure,4,0,29,27,259,63,0,3,0.3103448275862069,0,6
jhotdraw-7.5.1 - Move Method,org.jhotdraw.draw,FigureHandler,0,0,4,4,23,5,0,0,-1.0,1,1
jhotdraw-7.5.1 - Move Method,org.jhotdraw.draw,QuadTreeDrawing,2,0,28,23,267,66,0,5,0.32142857142857145,1,8
jhotdraw-7.5.1 - Move Method,org.jhotdraw.draw,QuadTreeEventHandler,0,0,1,1,14,2,0,3,-1.0,0,2
jhotdraw-7.5.1 - Move Method,org.jhotdraw.draw,RectangleFigure,1,0,12,10,74,12,0,3,0.25,3,3
jhotdraw-7.5.1 - Move Method,org.jhotdraw.draw,RoundRectangleFigure,4,2,22,20,161,24,0,3,0.2727272727272727,2,6
jhotdraw-7.5.1 - Move Method,org.jhotdraw.draw,TextAreaFigure,4,0,36,30,337,70,0,4,0.2777777777777778,5,5
jhotdraw-7.5.1 - Move Method,org.jhotdraw.draw,TextFigure,3,0,36,30,201,46,1,4,0.4166666666666667,3,6
jhotdraw-7.5.1 - Move Method,org.jhotdraw.draw,TextHolderFigure,0,0,14,14,64,14,2,1,-1.0,8,0
jhotdraw-7.5.1 - Move Method,org.jhotdraw.draw,TriangleFigure,1,0,19,17,200,38,0,3,0.42105263157894735,2,4
jhotdraw-7.5.1 - Move Method,org.jhotdraw.draw.action,AbstractDrawingEditorAction,2,0,12,6,91,20,1,0,0.0,0,2
jhotdraw-7.5.1 - Move Method,org.jhotdraw.draw.action,EventHandler,0,0,1,1,7,2,0,0,-1.0,3,0
jhotdraw-7.5.1 - Move Method,org.jhotdraw.draw.action,AbstractDrawingViewAction,4,0,16,7,150,33,6,0,0.125,0,3
jhotdraw-7.5.1 - Move Method,org.jhotdraw.draw.action,EventHandler,0,0,2,2,22,6,0,0,-1.0,0,1
jhotdraw-7.5.1 - Move Method,org.jhotdraw.draw.action,AbstractSelectedAction,4,0,15,9,134,30,14,0,0.13333333333333333,1,4
jhotdraw-7.5.1 - Move Method,org.jhotdraw.draw.action,EventHandler,0,0,3,3,25,7,0,0,-1.0,0,2
jhotdraw-7.5.1 - Move Method,org.jhotdraw.draw.action,AlignAction,0,0,23,15,194,38,6,1,-1.0,1,4
jhotdraw-7.5.1 - Move Method,org.jhotdraw.draw.action,North,0,0,3,2,25,5,0,2,-1.0,0,3
jhotdraw-7.5.1 - Move Method,org.jhotdraw.draw.action,East,0,0,3,2,25,5,0,2,-1.0,0,3
jhotdraw-7.5.1 - Move Method,org.jhotdraw.draw.action,West,0,0,3,2,25,5,0,2,-1.0,0,3
jhotdraw-7.5.1 - Move Method,org.jhotdraw.draw.action,South,0,0,3,2,25,5,0,2,-1.0,0,3
jhotdraw-7.5.1 - Move Method,org.jhotdraw.draw.action,Vertical,0,0,3,2,25,5,0,2,-1.0,0,3
jhotdraw-7.5.1 - Move Method,org.jhotdraw.draw.action,Horizontal,0,0,3,2,25,5,0,2,-1.0,0,3
jhotdraw-7.5.1 - Move Method,org.jhotdraw.draw.action,ApplyAttributesAction,1,0,5,5,44,8,0,1,0.6,0,3
jhotdraw-7.5.1 - Move Method,org.jhotdraw.draw.action,AttributeAction,1,0,12,11,107,26,1,1,0.6666666666666666,1,2
jhotdraw-7.5.1 - Move Method,org.jhotdraw.draw.action,AttributeToggler,5,0,8,8,90,21,0,0,0.375,0,1
jhotdraw-7.5.1 - Move Method,org.jhotdraw.draw.action,BringToFrontAction,1,1,6,6,42,7,0,1,0.3333333333333333,2,2
jhotdraw-7.5.1 - Move Method,org.jhotdraw.draw.action,ButtonFactory,12,8,84,81,1100,135,0,0,0.11904761904761904,2,18
jhotdraw-7.5.1 - Move Method,org.jhotdraw.draw.action,ToolButtonListener,2,0,2,2,13,3,0,0,0.0,0,2
jhotdraw-7.5.1 - Move Method,org.jhotdraw.draw.action,ColorIcon,5,0,10,10,72,13,0,0,0.3,2,3
jhotdraw-7.5.1 - Move Method,org.jhotdraw.draw.action,DefaultAttributeAction,2,0,12,12,83,18,0,1,0.5,0,1
jhotdraw-7.5.1 - Move Method,org.jhotdraw.draw.action,DrawingAttributeAction,1,0,10,10,84,17,0,1,0.7,1,2
jhotdraw-7.5.1 - Move Method,org.jhotdraw.draw.action,DrawingColorChooserAction,0,0,8,6,65,13,0,3,-1.0,1,0
jhotdraw-7.5.1 - Move Method,org.jhotdraw.draw.action,DrawingColorChooserHandler,4,0,8,6,73,11,0,1,0.375,0,0
jhotdraw-7.5.1 - Move Method,org.jhotdraw.draw.action,DrawingColorIcon,3,0,3,3,49,6,0,0,0.0,0,0
jhotdraw-7.5.1 - Move Method,org.jhotdraw.draw.action,EditCanvasAction,5,1,5,2,48,7,0,1,0.0,0,2
jhotdraw-7.5.1 - Move Method,org.jhotdraw.draw.action,EditCanvasPanel,12,0,10,5,132,14,0,0,0.3,1,6
jhotdraw-7.5.1 - Move Method,org.jhotdraw.draw.action,EditGridAction,5,1,5,2,48,7,0,1,0.0,0,2
jhotdraw-7.5.1 - Move Method,org.jhotdraw.draw.action,EditGridPanel,8,0,7,6,95,19,0,0,0.0,1,2
jhotdraw-7.5.1 - Move Method,org.jhotdraw.draw.action,EditorColorChooserAction,2,0,8,7,58,11,2,2,0.25,0,1
jhotdraw-7.5.1 - Move Method,org.jhotdraw.draw.action,EditorColorIcon,3,0,3,3,40,4,0,0,0.0,0,0
jhotdraw-7.5.1 - Move Method,org.jhotdraw.draw.action,FontChooserHandler,4,0,8,6,92,21,0,1,0.375,0,1
jhotdraw-7.5.1 - Move Method,org.jhotdraw.draw.action,GroupAction,3,1,16,13,117,21,1,1,0.3125,0,0
jhotdraw-7.5.1 - Move Method,org.jhotdraw.draw.action,ImageBevelBorder,5,0,6,6,164,24,0,0,0.3333333333333333,0,0
jhotdraw-7.5.1 - Move Method,org.jhotdraw.draw.action,IncreaseHandleDetailLevelAction,1,1,3,3,24,4,0,1,0.6666666666666666,0,0
jhotdraw-7.5.1 - Move Method,org.jhotdraw.draw.action,LineDecorationIcon,1,0,4,4,33,5,0,0,0.75,0,2
jhotdraw-7.5.1 - Move Method,org.jhotdraw.draw.action,MoveAction,6,4,6,6,55,7,4,1,0.3333333333333333,1,2
jhotdraw-7.5.1 - Move Method,org.jhotdraw.draw.action,East,1,1,1,1,7,1,0,2,0.0,0,1
jhotdraw-7.5.1 - Move Method,org.jhotdraw.draw.action,West,1,1,1,1,7,1,0,2,0.0,0,1
jhotdraw-7.5.1 - Move Method,org.jhotdraw.draw.action,North,1,1,1,1,7,1,0,2,0.0,0,1
jhotdraw-7.5.1 - Move Method,org.jhotdraw.draw.action,South,1,1,1,1,7,1,0,2,0.0,0,1
jhotdraw-7.5.1 - Move Method,org.jhotdraw.draw.action,MoveConstrainedAction,5,4,6,6,87,16,4,1,0.3333333333333333,0,1
jhotdraw-7.5.1 - Move Method,org.jhotdraw.draw.action,East,1,1,1,1,7,1,0,2,0.0,0,0
jhotdraw-7.5.1 - Move Method,org.jhotdraw.draw.action,West,1,1,1,1,7,1,0,2,0.0,0,0
jhotdraw-7.5.1 - Move Method,org.jhotdraw.draw.action,North,1,1,1,1,7,1,0,2,0.0,0,0
jhotdraw-7.5.1 - Move Method,org.jhotdraw.draw.action,South,1,1,1,1,7,1,0,2,0.0,0,0
jhotdraw-7.5.1 - Move Method,org.jhotdraw.draw.action,PickAttributesAction,1,0,5,5,40,8,0,1,0.6,0,3
jhotdraw-7.5.1 - Move Method,org.jhotdraw.draw.action,SelectionColorChooserAction,0,0,6,5,43,8,0,3,-1.0,0,0
jhotdraw-7.5.1 - Move Method,org.jhotdraw.draw.action,SelectionColorChooserHandler,4,0,8,6,86,18,0,1,0.375,0,0
jhotdraw-7.5.1 - Move Method,org.jhotdraw.draw.action,SelectionColorIcon,3,0,3,3,47,5,0,0,0.0,0,0
jhotdraw-7.5.1 - Move Method,org.jhotdraw.draw.action,SelectSameAction,1,1,3,3,29,6,0,1,0.6666666666666666,0,1
jhotdraw-7.5.1 - Move Method,org.jhotdraw.draw.action,SendToBackAction,1,1,6,6,42,7,0,1,0.3333333333333333,2,2
jhotdraw-7.5.1 - Move Method,org.jhotdraw.draw.action,StrokeIcon,1,0,4,4,26,4,0,0,0.0,0,0
jhotdraw-7.5.1 - Move Method,org.jhotdraw.draw.action,ToggleGridAction,1,1,3,2,27,4,0,1,0.6666666666666666,0,1
jhotdraw-7.5.1 - Move Method,org.jhotdraw.draw.action,UngroupAction,2,1,2,2,23,2,0,2,0.0,0,0
jhotdraw-7.5.1 - Move Method,org.jhotdraw.draw.action,ZoomAction,3,0,4,4,52,7,0,1,0.0,0,0
jhotdraw-7.5.1 - Move Method,org.jhotdraw.draw.action,ZoomEditorAction,5,1,3,3,43,6,0,1,0.0,0,1
jhotdraw-7.5.1 - Move Method,org.jhotdraw.draw.connector,AbstractConnector,3,0,21,18,132,25,2,1,0.23809523809523808,1,3
jhotdraw-7.5.1 - Move Method,org.jhotdraw.draw.connector,ChopBezierConnector,0,0,3,2,19,3,0,3,-1.0,0,0
jhotdraw-7.5.1 - Move Method,org.jhotdraw.draw.connector,ChopDiamondConnector,0,0,3,2,81,14,0,3,-1.0,0,2
jhotdraw-7.5.1 - Move Method,org.jhotdraw.draw.connector,ChopEllipseConnector,0,0,5,2,44,9,0,3,-1.0,0,1
jhotdraw-7.5.1 - Move Method,org.jhotdraw.draw.connector,ChopRectangleConnector,0,0,5,4,75,14,6,2,-1.0,0,3
jhotdraw-7.5.1 - Move Method,org.jhotdraw.draw.connector,ChopRoundRectangleConnector,0,0,3,2,50,7,0,3,-1.0,0,3
jhotdraw-7.5.1 - Move Method,org.jhotdraw.draw.connector,ChopTriangleConnector,0,0,3,2,22,3,0,3,-1.0,0,0
jhotdraw-7.5.1 - Move Method,org.jhotdraw.draw.connector,Connector,0,0,10,10,47,10,1,0,-1.0,25,0
jhotdraw-7.5.1 - Move Method,org.jhotdraw.draw.connector,LocatorConnector,2,1,8,7,54,8,0,2,0.25,1,3
jhotdraw-7.5.1 - Move Method,org.jhotdraw.draw.connector,StickyRectangleConnector,1,0,12,11,51,12,0,3,0.3333333333333333,0,3
jhotdraw-7.5.1 - Move Method,org.jhotdraw.draw.decoration,AbstractLineDecoration,3,0,13,4,128,22,3,1,0.23076923076923078,0,3
jhotdraw-7.5.1 - Move Method,org.jhotdraw.draw.decoration,ArrowTip,3,0,7,5,63,8,0,2,0.2857142857142857,0,2
jhotdraw-7.5.1 - Move Method,org.jhotdraw.draw.decoration,CompositeLineDecoration,1,0,8,8,72,16,0,1,0.25,0,3
jhotdraw-7.5.1 - Move Method,org.jhotdraw.draw.decoration,GeneralPathTip,2,0,4,2,26,4,0,2,0.0,0,1
jhotdraw-7.5.1 - Move Method,org.jhotdraw.draw.decoration,LineDecoration,0,0,3,3,19,3,2,0,-1.0,3,0
jhotdraw-7.5.1 - Move Method,org.jhotdraw.draw.decoration,PerpendicularBar,1,0,6,4,42,6,0,2,0.5,0,2
jhotdraw-7.5.1 - Move Method,org.jhotdraw.draw.event,AbstractAttributeEditorHandler,15,0,27,22,283,62,2,0,0.0,0,6
jhotdraw-7.5.1 - Move Method,org.jhotdraw.draw.event,EventHandler,0,0,3,3,39,12,0,2,-1.0,1,4
jhotdraw-7.5.1 - Move Method,org.jhotdraw.draw.event,UndoableAttributeEdit,4,0,5,5,36,8,0,0,0.0,0,1
jhotdraw-7.5.1 - Move Method,org.jhotdraw.draw.event,AttributeChangeEdit,4,0,4,4,35,4,0,0,0.5,0,0
jhotdraw-7.5.1 - Move Method,org.jhotdraw.draw.event,BezierNodeEdit,4,0,5,5,53,9,0,0,0.0,1,4
jhotdraw-7.5.1 - Move Method,org.jhotdraw.draw.event,CompositeFigureEdit,1,0,6,6,55,8,0,0,0.0,2,0
jhotdraw-7.5.1 - Move Method,org.jhotdraw.draw.event,CompositeFigureEvent,3,0,5,5,46,5,0,0,0.4,6,2
jhotdraw-7.5.1 - Move Method,org.jhotdraw.draw.event,CompositeFigureListener,0,0,2,2,15,2,0,0,-1.0,4,1
jhotdraw-7.5.1 - Move Method,org.jhotdraw.draw.event,DrawingAttributeEditorHandler,1,0,4,3,28,6,0,1,0.5,1,3
jhotdraw-7.5.1 - Move Method,org.jhotdraw.draw.event,DrawingComponentRepainter,2,0,4,4,73,18,0,2,0.0,0,1
jhotdraw-7.5.1 - Move Method,org.jhotdraw.draw.event,FigureAdapter,0,0,7,7,21,7,3,1,-1.0,0,1
jhotdraw-7.5.1 - Move Method,org.jhotdraw.draw.event,FigureAttributeEditorHandler,0,0,4,3,19,4,0,1,-1.0,1,2
jhotdraw-7.5.1 - Move Method,org.jhotdraw.draw.event,FigureEvent,4,0,7,7,49,7,0,0,0.42857142857142855,28,0
jhotdraw-7.5.1 - Move Method,org.jhotdraw.draw.event,FigureListener,0,0,7,7,35,7,1,0,-1.0,5,1
jhotdraw-7.5.1 - Move Method,org.jhotdraw.draw.event,FigureSelectionEvent,2,0,4,4,26,4,0,0,0.5,12,0
jhotdraw-7.5.1 - Move Method,org.jhotdraw.draw.event,FigureSelectionListener,0,0,1,1,8,1,3,0,-1.0,2,1
jhotdraw-7.5.1 - Move Method,org.jhotdraw.draw.event,HandleEvent,1,0,3,3,24,3,0,0,0.6666666666666666,4,1
jhotdraw-7.5.1 - Move Method,org.jhotdraw.draw.event,HandleListener,0,0,3,3,19,3,0,0,-1.0,2,1
jhotdraw-7.5.1 - Move Method,org.jhotdraw.draw.event,HandleMulticaster,1,0,10,10,61,18,0,0,0.0,1,1
jhotdraw-7.5.1 - Move Method,org.jhotdraw.draw.event,SelectionComponentDisplayer,5,0,8,7,82,18,0,1,0.0,7,1
jhotdraw-7.5.1 - Move Method,org.jhotdraw.draw.event,SelectionComponentRepainter,2,0,5,5,80,19,0,2,0.0,0,2
jhotdraw-7.5.1 - Move Method,org.jhotdraw.draw.event,SetBoundsEdit,5,0,6,6,59,10,0,0,0.3333333333333333,1,1
jhotdraw-7.5.1 - Move Method,org.jhotdraw.draw.event,ToolAdapter,0,0,4,4,15,4,0,1,-1.0,0,1
jhotdraw-7.5.1 - Move Method,org.jhotdraw.draw.event,ToolEvent,2,0,4,4,35,4,0,0,0.5,8,1
jhotdraw-7.5.1 - Move Method,org.jhotdraw.draw.event,ToolListener,0,0,4,2,23,4,1,0,-1.0,3,1
jhotdraw-7.5.1 - Move Method,org.jhotdraw.draw.event,TransformEdit,2,0,8,8,72,14,0,0,0.25,1,1
jhotdraw-7.5.1 - Move Method,org.jhotdraw.draw.event,TransformRestoreEdit,3,0,4,4,34,4,0,0,0.5,0,0
jhotdraw-7.5.1 - Move Method,org.jhotdraw.draw.handle,AbstractConnectionHandle,6,0,25,9,249,53,2,2,0.24,0,4
jhotdraw-7.5.1 - Move Method,org.jhotdraw.draw.handle,AbstractHandle,5,0,40,30,293,62,13,1,0.375,0,5
jhotdraw-7.5.1 - Move Method,org.jhotdraw.draw.handle,AbstractRotateHandle,6,0,15,9,124,23,1,2,0.4,0,3
jhotdraw-7.5.1 - Move Method,org.jhotdraw.draw.handle,BezierControlPointHandle,5,0,19,13,254,41,0,2,0.21052631578947367,1,5
jhotdraw-7.5.1 - Move Method,org.jhotdraw.draw.handle,BezierNodeHandle,4,0,26,21,287,50,0,2,0.2692307692307692,0,4
jhotdraw-7.5.1 - Move Method,org.jhotdraw.draw.handle,BezierOutlineHandle,1,0,9,8,78,14,0,2,0.6666666666666666,0,2
jhotdraw-7.5.1 - Move Method,org.jhotdraw.draw.handle,BezierScaleHandle,6,0,10,7,90,13,0,2,0.4,0,2
jhotdraw-7.5.1 - Move Method,org.jhotdraw.draw.handle,BoundsOutlineHandle,8,0,9,8,132,17,0,2,0.7777777777777778,0,3
jhotdraw-7.5.1 - Move Method,org.jhotdraw.draw.handle,CloseHandle,1,0,8,7,52,10,0,3,0.625,0,1
jhotdraw-7.5.1 - Move Method,org.jhotdraw.draw.handle,ConnectionEndHandle,0,0,8,1,48,8,0,3,-1.0,0,1
jhotdraw-7.5.1 - Move Method,org.jhotdraw.draw.handle,ConnectionStartHandle,0,0,8,1,48,8,0,3,-1.0,0,2
jhotdraw-7.5.1 - Move Method,org.jhotdraw.draw.handle,ConnectorHandle,6,0,21,13,212,35,0,2,0.23809523809523808,1,6
jhotdraw-7.5.1 - Move Method,org.jhotdraw.draw.handle,DragHandle,1,0,8,7,73,11,0,2,0.875,0,0
jhotdraw-7.5.1 - Move Method,org.jhotdraw.draw.handle,FontSizeHandle,3,0,16,15,137,23,0,3,0.6875,0,4
jhotdraw-7.5.1 - Move Method,org.jhotdraw.draw.handle,Handle,0,0,19,16,88,19,1,0,-1.0,18,2
jhotdraw-7.5.1 - Move Method,org.jhotdraw.draw.handle,HandleAttributeKeys,106,104,0,0,430,0,0,0,-1.0,23,0
jhotdraw-7.5.1 - Move Method,org.jhotdraw.draw.handle,LocatorHandle,1,0,4,3,30,4,6,2,0.0,0,1
jhotdraw-7.5.1 - Move Method,org.jhotdraw.draw.handle,MoveHandle,1,0,16,16,118,24,0,3,0.6875,4,4
jhotdraw-7.5.1 - Move Method,org.jhotdraw.draw.handle,NullHandle,0,0,7,7,37,7,0,3,-1.0,0,2
jhotdraw-7.5.1 - Move Method,org.jhotdraw.draw.handle,OrientationHandle,3,0,8,6,109,25,0,2,0.625,0,5
jhotdraw-7.5.1 - Move Method,org.jhotdraw.draw.handle,ResizeHandleKit,6,0,52,33,452,110,0,0,0.6153846153846154,10,6
jhotdraw-7.5.1 - Move Method,org.jhotdraw.draw.handle,ResizeHandle,5,0,8,5,79,14,8,3,0.75,0,4
jhotdraw-7.5.1 - Move Method,org.jhotdraw.draw.handle,NorthEastHandle,0,0,4,2,47,12,0,4,-1.0,0,2
jhotdraw-7.5.1 - Move Method,org.jhotdraw.draw.handle,EastHandle,0,0,4,2,30,9,0,4,-1.0,0,2
jhotdraw-7.5.1 - Move Method,org.jhotdraw.draw.handle,NorthHandle,0,0,4,2,30,9,0,4,-1.0,0,2
jhotdraw-7.5.1 - Move Method,org.jhotdraw.draw.handle,NorthWestHandle,0,0,4,2,47,12,0,4,-1.0,0,2
jhotdraw-7.5.1 - Move Method,org.jhotdraw.draw.handle,SouthEastHandle,0,0,4,2,47,12,0,4,-1.0,0,2
jhotdraw-7.5.1 - Move Method,org.jhotdraw.draw.handle,SouthHandle,0,0,4,2,32,9,0,4,-1.0,0,2
jhotdraw-7.5.1 - Move Method,org.jhotdraw.draw.handle,SouthWestHandle,0,0,4,2,47,12,0,4,-1.0,0,2
jhotdraw-7.5.1 - Move Method,org.jhotdraw.draw.handle,WestHandle,0,0,4,2,30,9,0,4,-1.0,0,2
jhotdraw-7.5.1 - Move Method,org.jhotdraw.draw.handle,RotateHandle,0,0,3,1,22,3,0,3,-1.0,0,0
jhotdraw-7.5.1 - Move Method,org.jhotdraw.draw.handle,RoundRectangleRadiusHandle,2,0,9,7,112,17,0,2,0.6666666666666666,0,3
jhotdraw-7.5.1 - Move Method,org.jhotdraw.draw.handle,TextOverflowHandle,0,0,9,8,54,11,0,2,-1.0,0,4
jhotdraw-7.5.1 - Move Method,org.jhotdraw.draw.handle,TransformHandleKit,3,0,57,36,455,104,0,0,0.7543859649122807,16,6
jhotdraw-7.5.1 - Move Method,org.jhotdraw.draw.handle,TransformHandle,3,0,10,5,74,13,8,3,0.7,0,4
jhotdraw-7.5.1 - Move Method,org.jhotdraw.draw.handle,NorthEastHandle,0,0,4,2,39,10,0,4,-1.0,0,2
jhotdraw-7.5.1 - Move Method,org.jhotdraw.draw.handle,EastHandle,0,0,4,2,35,9,0,4,-1.0,0,2
jhotdraw-7.5.1 - Move Method,org.jhotdraw.draw.handle,NorthHandle,0,0,4,2,35,9,0,4,-1.0,0,2
jhotdraw-7.5.1 - Move Method,org.jhotdraw.draw.handle,NorthWestHandle,0,0,4,2,39,10,0,4,-1.0,0,2
jhotdraw-7.5.1 - Move Method,org.jhotdraw.draw.handle,SouthEastHandle,0,0,4,2,39,10,0,4,-1.0,0,2
jhotdraw-7.5.1 - Move Method,org.jhotdraw.draw.handle,SouthHandle,0,0,4,2,35,9,0,4,-1.0,0,2
jhotdraw-7.5.1 - Move Method,org.jhotdraw.draw.handle,SouthWestHandle,0,0,4,2,39,10,0,4,-1.0,0,2
jhotdraw-7.5.1 - Move Method,org.jhotdraw.draw.handle,WestHandle,0,0,4,2,35,9,0,4,-1.0,0,2
jhotdraw-7.5.1 - Move Method,org.jhotdraw.draw.io,DOMStorableInputOutputFormat,6,0,18,17,159,23,0,1,0.5,6,0
jhotdraw-7.5.1 - Move Method,org.jhotdraw.draw.io,ImageInputFormat,5,0,14,14,149,27,0,1,0.35714285714285715,0,3
jhotdraw-7.5.1 - Move Method,org.jhotdraw.draw.io,ImageOutputFormat,4,0,15,14,193,25,0,1,0.6666666666666666,0,1
jhotdraw-7.5.1 - Move Method,org.jhotdraw.draw.io,InputFormat,0,0,7,7,49,7,4,0,-1.0,11,0
jhotdraw-7.5.1 - Move Method,org.jhotdraw.draw.io,OutputFormat,0,0,6,6,41,6,3,0,-1.0,7,0
jhotdraw-7.5.1 - Move Method,org.jhotdraw.draw.io,SerializationInputOutputFormat,6,0,18,18,154,28,0,1,0.6666666666666666,0,0
jhotdraw-7.5.1 - Move Method,org.jhotdraw.draw.io,TextInputFormat,5,0,13,13,139,22,0,1,0.5384615384615384,0,1
jhotdraw-7.5.1 - Move Method,org.jhotdraw.draw.layouter,AbstractLayouter,0,0,1,1,11,1,2,1,-1.0,0,0
jhotdraw-7.5.1 - Move Method,org.jhotdraw.draw.layouter,HorizontalLayouter,0,0,2,2,52,10,0,2,-1.0,0,1
jhotdraw-7.5.1 - Move Method,org.jhotdraw.draw.layouter,Layouter,0,0,2,2,19,2,2,0,-1.0,3,0
jhotdraw-7.5.1 - Move Method,org.jhotdraw.draw.layouter,LocatorLayouter,1,1,4,3,70,12,0,1,0.5,1,4
jhotdraw-7.5.1 - Move Method,org.jhotdraw.draw.layouter,VerticalLayouter,1,0,2,2,62,12,0,2,1.0,0,1
jhotdraw-7.5.1 - Move Method,org.jhotdraw.draw.liner,CurvedLiner,1,0,7,7,169,29,0,1,0.8571428571428571,0,4
jhotdraw-7.5.1 - Move Method,org.jhotdraw.draw.liner,ElbowLiner,1,0,7,7,170,34,0,1,0.8571428571428571,0,4
jhotdraw-7.5.1 - Move Method,org.jhotdraw.draw.liner,Liner,0,0,3,3,18,3,3,0,-1.0,3,1
jhotdraw-7.5.1 - Move Method,org.jhotdraw.draw.liner,SlantedLiner,1,0,7,7,202,46,0,1,0.5714285714285714,0,4
jhotdraw-7.5.1 - Move Method,org.jhotdraw.draw.locator,AbstractLocator,0,0,2,2,15,2,2,1,-1.0,0,0
jhotdraw-7.5.1 - Move Method,org.jhotdraw.draw.locator,BezierLabelLocator,3,0,8,8,102,18,0,1,0.25,0,0
jhotdraw-7.5.1 - Move Method,org.jhotdraw.draw.locator,BezierPointLocator,2,0,5,5,32,6,0,2,0.0,0,0
jhotdraw-7.5.1 - Move Method,org.jhotdraw.draw.locator,FontSizeLocator,0,0,3,3,33,5,0,1,-1.0,0,1
jhotdraw-7.5.1 - Move Method,org.jhotdraw.draw.locator,Locator,0,0,2,2,17,2,3,0,-1.0,11,0
jhotdraw-7.5.1 - Move Method,org.jhotdraw.draw.locator,RelativeDecoratorLocator,1,0,13,13,87,15,0,3,0.9230769230769231,0,1
jhotdraw-7.5.1 - Move Method,org.jhotdraw.draw.locator,RelativeLocator,3,0,26,26,215,35,1,2,0.07692307692307693,24,4
jhotdraw-7.5.1 - Move Method,org.jhotdraw.draw.print,DrawingPageable,3,0,7,6,82,13,0,0,0.0,0,0
jhotdraw-7.5.1 - Move Method,org.jhotdraw.draw.text,FloatingTextArea,5,0,10,9,111,13,0,0,0.0,2,2
jhotdraw-7.5.1 - Move Method,org.jhotdraw.draw.text,FloatingTextField,4,0,12,11,107,15,0,0,0.0,2,4
jhotdraw-7.5.1 - Move Method,org.jhotdraw.draw.tool,AbstractTool,8,0,44,31,327,74,10,1,0.3181818181818182,0,8
jhotdraw-7.5.1 - Move Method,org.jhotdraw.draw.tool,BezierTool,10,0,23,17,261,53,0,2,0.17391304347826086,1,0
jhotdraw-7.5.1 - Move Method,org.jhotdraw.draw.tool,ConnectionTool,10,0,24,19,308,46,0,2,0.20833333333333334,2,1
jhotdraw-7.5.1 - Move Method,org.jhotdraw.draw.tool,CreationTool,7,0,22,18,223,39,3,2,0.3181818181818182,3,0
jhotdraw-7.5.1 - Move Method,org.jhotdraw.draw.tool,DefaultDragTracker,7,0,7,7,139,22,0,2,0.42857142857142855,0,0
jhotdraw-7.5.1 - Move Method,org.jhotdraw.draw.tool,DefaultHandleTracker,5,0,19,17,172,38,0,2,0.15789473684210525,0,2
jhotdraw-7.5.1 - Move Method,org.jhotdraw.draw.tool,DefaultSelectAreaTracker,5,0,13,9,151,32,0,2,0.15384615384615385,0,0
jhotdraw-7.5.1 - Move Method,org.jhotdraw.draw.tool,DelegationSelectionTool,7,0,14,10,297,57,0,3,0.21428571428571427,0,3
jhotdraw-7.5.1 - Move Method,org.jhotdraw.draw.tool,DnDTracker,7,0,7,7,85,15,0,2,0.7142857142857143,0,0
jhotdraw-7.5.1 - Move Method,org.jhotdraw.draw.tool,DragTracker,0,0,1,1,8,1,2,1,-1.0,1,0
jhotdraw-7.5.1 - Move Method,org.jhotdraw.draw.tool,HandleTracker,0,0,1,1,8,1,1,1,-1.0,1,1
jhotdraw-7.5.1 - Move Method,org.jhotdraw.draw.tool,ImageTool,4,0,10,5,111,21,0,3,0.6,0,3
jhotdraw-7.5.1 - Move Method,org.jhotdraw.draw.tool,SelectAreaTracker,0,0,0,0,7,0,1,1,-1.0,1,0
jhotdraw-7.5.1 - Move Method,org.jhotdraw.draw.tool,SelectionTool,7,1,27,23,259,53,1,2,0.14814814814814814,1,7
jhotdraw-7.5.1 - Move Method,org.jhotdraw.draw.tool,TrackerHandler,0,0,3,3,27,5,0,0,-1.0,1,2
jhotdraw-7.5.1 - Move Method,org.jhotdraw.draw.tool,TextAreaCreationTool,3,0,14,10,155,29,0,3,0.5,2,6
jhotdraw-7.5.1 - Move Method,org.jhotdraw.draw.tool,TextAreaEditingTool,2,0,12,9,100,17,0,2,0.5,2,4
jhotdraw-7.5.1 - Move Method,org.jhotdraw.draw.tool,TextCreationTool,2,0,16,13,153,32,0,3,0.5625,1,6
jhotdraw-7.5.1 - Move Method,org.jhotdraw.draw.tool,TextEditingTool,2,0,14,12,101,21,0,2,0.5,2,5
jhotdraw-7.5.1 - Move Method,org.jhotdraw.draw.tool,Tool,0,0,12,9,59,12,4,0,-1.0,13,1
jhotdraw-7.5.1 - Move Method,org.jhotdraw.geom,Bezier,0,0,37,8,622,94,0,0,-1.0,0,2
jhotdraw-7.5.1 - Move Method,org.jhotdraw.geom,BezierPath,13,8,62,62,950,179,0,0,0.16129032258064516,11,6
jhotdraw-7.5.1 - Move Method,org.jhotdraw.geom,Node,4,4,18,18,140,23,0,0,0.1111111111111111,2,2
jhotdraw-7.5.1 - Move Method,org.jhotdraw.geom,BezierPathIterator,4,0,7,7,280,32,0,0,0.0,0,1
jhotdraw-7.5.1 - Move Method,org.jhotdraw.geom,ConvexHull,0,0,11,11,195,34,0,0,-1.0,2,2
jhotdraw-7.5.1 - Move Method,org.jhotdraw.geom,Dimension2DDouble,2,2,12,12,115,13,0,0,0.16666666666666666,3,1
jhotdraw-7.5.1 - Move Method,org.jhotdraw.geom,DoubleStroke,6,0,6,3,186,31,1,0,0.3333333333333333,0,2
jhotdraw-7.5.1 - Move Method,org.jhotdraw.geom,Geom,4,4,43,42,558,98,0,0,0.7674418604651163,14,1
jhotdraw-7.5.1 - Move Method,org.jhotdraw.geom,GrowStroke,1,0,2,2,61,14,0,1,0.0,0,2
jhotdraw-7.5.1 - Move Method,org.jhotdraw.geom,Insets2D,8,8,31,30,226,32,2,0,0.16129032258064516,1,1
jhotdraw-7.5.1 - Move Method,org.jhotdraw.geom,Float,4,4,8,8,51,8,0,1,0.25,2,0
jhotdraw-7.5.1 - Move Method,org.jhotdraw.geom,Double,4,4,7,7,45,7,0,1,0.2857142857142857,2,0
jhotdraw-7.5.1 - Move Method,org.jhotdraw.geom,Polygon2D,15,5,63,57,714,131,2,0,0.3492063492063492,4,3
jhotdraw-7.5.1 - Move Method,org.jhotdraw.geom,Double,3,2,14,11,217,43,0,1,0.35714285714285715,0,0
jhotdraw-7.5.1 - Move Method,org.jhotdraw.geom,Float,3,2,19,16,232,48,0,1,0.5263157894736842,0,0
jhotdraw-7.5.1 - Move Method,org.jhotdraw.geom,PolygonPathIteratorDouble,3,0,6,6,71,11,0,0,0.3333333333333333,0,2
jhotdraw-7.5.1 - Move Method,org.jhotdraw.geom,PolygonPathIteratorFloat,3,0,6,6,71,11,0,0,0.3333333333333333,0,2
jhotdraw-7.5.1 - Move Method,org.jhotdraw.geom,QuadTree,11,0,18,18,214,50,0,0,0.1111111111111111,2,1
jhotdraw-7.5.1 - Move Method,org.jhotdraw.geom,QuadNode,6,0,9,9,125,31,0,0,0.0,2,1
jhotdraw-7.5.1 - Move Method,org.jhotdraw.geom,Shapes,0,0,2,1,37,5,0,0,-1.0,1,1
jhotdraw-7.5.1 - Move Method,org.jhotdraw.geom,BezierPathTest,0,0,48,44,499,48,0,0,-1.0,0,1
jhotdraw-7.5.1 - Move Method,org.jhotdraw.geom,NodeTest,0,0,12,10,106,12,0,0,-1.0,0,1
jhotdraw-7.5.1 - Move Method,org.jhotdraw.gui,Arrangeable,0,0,4,4,12,4,1,0,-1.0,1,0
jhotdraw-7.5.1 - Move Method,org.jhotdraw.gui,AttributeEditor,2,2,8,8,45,8,3,0,-1.0,0,0
jhotdraw-7.5.1 - Move Method,org.jhotdraw.gui,DisclosureIcon,2,2,3,3,29,3,0,0,0.0,1,0
jhotdraw-7.5.1 - Move Method,org.jhotdraw.gui,EditableComponent,1,1,7,7,39,7,0,0,-1.0,2,0
jhotdraw-7.5.1 - Move Method,org.jhotdraw.gui,EmptyIcon,2,0,4,4,20,4,0,0,0.5,0,0
jhotdraw-7.5.1 - Move Method,org.jhotdraw.gui,JAttributeSlider,3,0,11,9,54,11,0,1,0.5454545454545454,2,0
jhotdraw-7.5.1 - Move Method,org.jhotdraw.gui,JAttributeSliderBeanInfo,14,0,11,7,113,24,0,0,0.6363636363636364,1,1
jhotdraw-7.5.1 - Move Method,org.jhotdraw.gui,JAttributeTextArea,1,0,10,7,64,12,0,1,0.8,0,0
jhotdraw-7.5.1 - Move Method,org.jhotdraw.gui,JAttributeTextAreaBeanInfo,14,0,11,7,131,24,0,0,0.6363636363636364,1,1
jhotdraw-7.5.1 - Move Method,org.jhotdraw.gui,JAttributeTextField,1,0,10,7,64,12,0,1,0.8,3,0
jhotdraw-7.5.1 - Move Method,org.jhotdraw.gui,JAttributeTextFieldBeanInfo,14,0,11,7,131,24,0,0,0.6363636363636364,1,1
jhotdraw-7.5.1 - Move Method,org.jhotdraw.gui,JComponentPopup,2,0,4,4,85,19,0,0,0.5,1,1
jhotdraw-7.5.1 - Move Method,org.jhotdraw.gui,Handler,0,0,1,1,27,8,0,0,-1.0,2,0
jhotdraw-7.5.1 - Move Method,org.jhotdraw.gui,JDisclosureToolBar,3,2,8,6,110,11,0,0,0.0,0,1
jhotdraw-7.5.1 - Move Method,org.jhotdraw.gui,JDisclosureToolBarBeanInfo,14,0,11,7,131,24,0,0,0.6363636363636364,1,1
jhotdraw-7.5.1 - Move Method,org.jhotdraw.gui,JFileURIChooser,0,0,3,3,16,3,0,1,-1.0,9,0
jhotdraw-7.5.1 - Move Method,org.jhotdraw.gui,JFontChooser,16,8,28,26,467,86,0,0,0.21428571428571427,6,3
jhotdraw-7.5.1 - Move Method,org.jhotdraw.gui,JLifeFormattedTexAreaBeanInfo,14,0,11,7,131,24,0,0,0.6363636363636364,1,1
jhotdraw-7.5.1 - Move Method,org.jhotdraw.gui,JLifeFormattedTextArea,2,0,8,7,53,11,1,0,0.375,0,1
jhotdraw-7.5.1 - Move Method,org.jhotdraw.gui,JLifeFormattedTextField,3,0,11,7,133,26,1,0,0.2727272727272727,4,1
jhotdraw-7.5.1 - Move Method,org.jhotdraw.gui,DocumentHandler,0,0,3,3,14,3,0,0,-1.0,1,0
jhotdraw-7.5.1 - Move Method,org.jhotdraw.gui,JLifeFormattedTextFieldBeanInfo,14,0,11,7,131,24,0,0,0.6363636363636364,1,1
jhotdraw-7.5.1 - Move Method,org.jhotdraw.gui,JMDIDesktopPane,1,0,11,8,214,30,0,1,0.18181818181818182,1,1
jhotdraw-7.5.1 - Move Method,org.jhotdraw.gui,MDIDesktopManager,1,0,7,5,77,19,0,0,0.0,0,1
jhotdraw-7.5.1 - Move Method,org.jhotdraw.gui,JPopupButton,13,4,30,24,272,53,0,0,0.23333333333333334,8,1
jhotdraw-7.5.1 - Move Method,org.jhotdraw.gui,Handler,0,0,5,5,38,11,0,0,-1.0,0,0
jhotdraw-7.5.1 - Move Method,org.jhotdraw.gui,JPopupButtonBeanInfo,14,0,11,7,113,24,0,0,0.6363636363636364,1,1
jhotdraw-7.5.1 - Move Method,org.jhotdraw.gui,JSheet,16,0,59,44,820,136,0,0,0.1016949152542373,11,2
jhotdraw-7.5.1 - Move Method,org.jhotdraw.gui,PlacardScrollPaneLayout,0,0,2,2,25,3,1,0,-1.0,0,0
jhotdraw-7.5.1 - Move Method,org.jhotdraw.gui,UIResource,0,0,0,0,5,0,0,1,-1.0,0,0
jhotdraw-7.5.1 - Move Method,org.jhotdraw.gui,ToolBarLayout,3,2,12,12,110,24,0,0,0.4166666666666667,0,0
jhotdraw-7.5.1 - Move Method,org.jhotdraw.gui,URIChooser,10,10,17,17,157,17,1,0,-1.0,17,0
jhotdraw-7.5.1 - Move Method,org.jhotdraw.gui,VerticalGridLayout,5,0,21,21,271,43,0,0,0.19047619047619047,0,0
jhotdraw-7.5.1 - Move Method,org.jhotdraw.gui,Worker,2,0,12,4,87,12,0,0,0.16666666666666666,2,0
jhotdraw-7.5.1 - Move Method,org.jhotdraw.gui.datatransfer,AbstractClipboard,0,0,3,3,20,3,2,0,-1.0,0,0
jhotdraw-7.5.1 - Move Method,org.jhotdraw.gui.datatransfer,AbstractTransferable,1,0,4,4,31,6,1,0,0.0,0,0
jhotdraw-7.5.1 - Move Method,org.jhotdraw.gui.datatransfer,AWTClipboard,1,0,4,4,34,4,1,1,0.0,0,0
jhotdraw-7.5.1 - Move Method,org.jhotdraw.gui.datatransfer,ClipboardUtil,1,0,2,2,39,3,0,0,0.0,4,1
jhotdraw-7.5.1 - Move Method,org.jhotdraw.gui.datatransfer,CompositeTransferable,2,0,6,6,48,9,0,0,0.5,1,0
jhotdraw-7.5.1 - Move Method,org.jhotdraw.gui.datatransfer,ImageTransferable,2,1,4,4,44,6,0,0,0.0,0,1
jhotdraw-7.5.1 - Move Method,org.jhotdraw.gui.datatransfer,InputStreamTransferable,1,0,3,3,24,4,0,1,0.0,0,0
jhotdraw-7.5.1 - Move Method,org.jhotdraw.gui.datatransfer,JNLPClipboard,1,0,4,4,44,4,0,1,0.0,0,0
jhotdraw-7.5.1 - Move Method,org.jhotdraw.gui.datatransfer,OSXClipboard,0,0,2,2,26,3,0,2,-1.0,0,1
jhotdraw-7.5.1 - Move Method,org.jhotdraw.gui.event,GenericListener,2,0,13,4,157,44,0,0,0.6153846153846154,1,2
jhotdraw-7.5.1 - Move Method,org.jhotdraw.gui.event,DefaultInvoker,2,0,5,1,48,13,0,0,0.0,2,1
jhotdraw-7.5.1 - Move Method,org.jhotdraw.gui.event,SheetEvent,4,0,11,11,87,11,0,0,0.18181818181818182,3,2
jhotdraw-7.5.1 - Move Method,org.jhotdraw.gui.event,SheetListener,0,0,1,1,11,1,0,0,-1.0,0,1
jhotdraw-7.5.1 - Move Method,org.jhotdraw.gui.filechooser,ExtensionFileFilter,3,0,6,6,71,10,0,0,0.0,0,0
jhotdraw-7.5.1 - Move Method,org.jhotdraw.gui.fontchooser,AbstractFontChooserModel,1,0,9,4,129,24,1,1,0.0,0,0
jhotdraw-7.5.1 - Move Method,org.jhotdraw.gui.fontchooser,DefaultFontChooserModel,1,0,11,10,114,21,1,2,0.7272727272727273,0,3
jhotdraw-7.5.1 - Move Method,org.jhotdraw.gui.fontchooser,UIResource,0,0,0,0,2,0,0,3,-1.0,0,0
jhotdraw-7.5.1 - Move Method,org.jhotdraw.gui.fontchooser,FontChooserModel,0,0,1,1,12,1,1,0,-1.0,0,0
jhotdraw-7.5.1 - Move Method,org.jhotdraw.gui.fontchooser,FontCollectionNode,4,0,25,25,132,32,0,0,0.16,3,2
jhotdraw-7.5.1 - Move Method,org.jhotdraw.gui.fontchooser,FontFaceNode,3,0,22,21,165,44,0,0,0.5909090909090909,2,2
jhotdraw-7.5.1 - Move Method,org.jhotdraw.gui.fontchooser,FontFamilyNode,3,0,24,24,130,32,0,0,0.20833333333333334,4,3
jhotdraw-7.5.1 - Move Method,org.jhotdraw.gui.plaf,FontChooserUI,0,0,0,0,6,0,0,0,-1.0,0,0
jhotdraw-7.5.1 - Move Method,org.jhotdraw.gui.plaf.palette,BackdropBorder,2,0,8,8,42,10,1,0,0.0,4,0
jhotdraw-7.5.1 - Move Method,org.jhotdraw.gui.plaf.palette,UIResource,0,0,2,2,8,2,0,1,-1.0,0,0
jhotdraw-7.5.1 - Move Method,org.jhotdraw.gui.plaf.palette,MultiIcon,4,0,9,6,80,15,1,0,0.0,0,1
jhotdraw-7.5.1 - Move Method,org.jhotdraw.gui.plaf.palette,PaletteBorders,0,0,0,0,6,0,0,0,-1.0,0,0
jhotdraw-7.5.1 - Move Method,org.jhotdraw.gui.plaf.palette,PaletteButtonBorder,4,0,5,4,69,11,0,0,0.6,0,0
jhotdraw-7.5.1 - Move Method,org.jhotdraw.gui.plaf.palette,PaletteButtonUI,1,0,3,2,33,6,0,0,1.0,1,3
jhotdraw-7.5.1 - Move Method,org.jhotdraw.gui.plaf.palette,PaletteColorChooserUI,8,0,16,6,210,48,0,0,0.1875,0,1
jhotdraw-7.5.1 - Move Method,org.jhotdraw.gui.plaf.palette,PreviewListener,0,0,1,1,9,2,0,0,-1.0,0,0
jhotdraw-7.5.1 - Move Method,org.jhotdraw.gui.plaf.palette,PropertyHandler,0,0,1,1,44,14,0,0,-1.0,0,0
jhotdraw-7.5.1 - Move Method,org.jhotdraw.gui.plaf.palette,ColorTransferHandler,0,0,1,0,5,1,0,0,-1.0,0,0
jhotdraw-7.5.1 - Move Method,org.jhotdraw.gui.plaf.palette,PaletteColorSliderUI,0,0,3,2,30,5,0,0,-1.0,1,1
jhotdraw-7.5.1 - Move Method,org.jhotdraw.gui.plaf.palette,PaletteFontChooserPreviewPanel,1,0,4,2,53,7,0,0,0.0,1,2
jhotdraw-7.5.1 - Move Method,org.jhotdraw.gui.plaf.palette,PaletteFontChooserSelectionPanel,13,0,5,4,114,5,0,0,0.0,2,1
jhotdraw-7.5.1 - Move Method,org.jhotdraw.gui.plaf.palette,PaletteFontChooserUI,8,0,29,18,310,63,0,0,0.27586206896551724,2,6
jhotdraw-7.5.1 - Move Method,org.jhotdraw.gui.plaf.palette,SelectionPanelHandler,0,0,9,9,68,24,0,0,-1.0,1,0
jhotdraw-7.5.1 - Move Method,org.jhotdraw.gui.plaf.palette,FontChooserHandler,0,0,5,5,46,10,0,0,-1.0,1,1
jhotdraw-7.5.1 - Move Method,org.jhotdraw.gui.plaf.palette,PaletteFormattedTextFieldUI,1,0,7,4,166,43,0,0,0.7142857142857143,0,2
jhotdraw-7.5.1 - Move Method,org.jhotdraw.gui.plaf.palette,PaletteLabelUI,5,0,7,3,74,12,0,0,1.0,5,3
jhotdraw-7.5.1 - Move Method,org.jhotdraw.gui.plaf.palette,PaletteLazyActionMap,1,0,13,9,98,16,0,0,0.23076923076923078,1,0
jhotdraw-7.5.1 - Move Method,org.jhotdraw.gui.plaf.palette,PaletteListCellRenderer,3,0,3,2,79,12,0,0,0.0,0,1
jhotdraw-7.5.1 - Move Method,org.jhotdraw.gui.plaf.palette,PaletteListUI,0,0,2,1,32,5,0,0,-1.0,1,1
jhotdraw-7.5.1 - Move Method,org.jhotdraw.gui.plaf.palette,PaletteLookAndFeel,2,0,21,19,165,31,0,0,0.38095238095238093,22,2
jhotdraw-7.5.1 - Move Method,org.jhotdraw.gui.plaf.palette,PaletteMenuItemUI,0,0,4,2,34,6,0,0,-1.0,0,0
jhotdraw-7.5.1 - Move Method,org.jhotdraw.gui.plaf.palette,PalettePanelUI,1,0,5,3,54,14,0,0,1.0,6,1
jhotdraw-7.5.1 - Move Method,org.jhotdraw.gui.plaf.palette,PaletteRootPaneUI,2,0,13,13,138,23,0,0,0.6923076923076923,0,0
jhotdraw-7.5.1 - Move Method,org.jhotdraw.gui.plaf.palette,PaletteRootLayout,1,0,11,11,124,21,0,0,0.6363636363636364,0,0
jhotdraw-7.5.1 - Move Method,org.jhotdraw.gui.plaf.palette,PaletteSliderThumbIcon,6,0,8,6,121,22,0,1,0.875,0,1
jhotdraw-7.5.1 - Move Method,org.jhotdraw.gui.plaf.palette,PaletteSliderUI,6,0,10,8,179,19,0,0,1.0,0,1
jhotdraw-7.5.1 - Move Method,org.jhotdraw.gui.plaf.palette,PaletteTabbedPaneUI,6,0,20,2,352,73,0,0,0.55,1,2
jhotdraw-7.5.1 - Move Method,org.jhotdraw.gui.plaf.palette,TabbedPaneLayout,0,0,4,1,14,5,0,0,-1.0,0,0
jhotdraw-7.5.1 - Move Method,org.jhotdraw.gui.plaf.palette,PaletteTextComponentBorder,2,0,4,3,55,8,0,0,0.5,0,0
jhotdraw-7.5.1 - Move Method,org.jhotdraw.gui.plaf.palette,PaletteTextFieldUI,0,0,4,2,78,14,0,0,-1.0,3,2
jhotdraw-7.5.1 - Move Method,org.jhotdraw.gui.plaf.palette,PaletteToolBarBorder,7,0,5,4,135,18,1,0,0.6,0,1
jhotdraw-7.5.1 - Move Method,org.jhotdraw.gui.plaf.palette,UIResource,0,0,0,0,2,0,0,1,-1.0,0,0
jhotdraw-7.5.1 - Move Method,org.jhotdraw.gui.plaf.palette,PaletteToolBarUI,53,3,94,54,1090,241,0,0,0.13829787234042554,3,6
jhotdraw-7.5.1 - Move Method,org.jhotdraw.gui.plaf.palette,ToolBarDialog,1,0,4,3,24,6,0,0,0.75,0,0
jhotdraw-7.5.1 - Move Method,org.jhotdraw.gui.plaf.palette,Actions,4,0,3,3,29,7,0,0,0.6666666666666666,1,2
jhotdraw-7.5.1 - Move Method,org.jhotdraw.gui.plaf.palette,Handler,4,0,12,12,115,31,0,0,0.8333333333333334,1,0
jhotdraw-7.5.1 - Move Method,org.jhotdraw.gui.plaf.palette,FrameListener,0,0,1,1,31,8,0,0,-1.0,0,0
jhotdraw-7.5.1 - Move Method,org.jhotdraw.gui.plaf.palette,ToolBarContListener,0,0,2,2,8,2,0,0,-1.0,0,0
jhotdraw-7.5.1 - Move Method,org.jhotdraw.gui.plaf.palette,ToolBarFocusListener,0,0,2,2,8,2,0,0,-1.0,0,0
jhotdraw-7.5.1 - Move Method,org.jhotdraw.gui.plaf.palette,PropertyListener,0,0,1,1,5,1,0,0,-1.0,0,0
jhotdraw-7.5.1 - Move Method,org.jhotdraw.gui.plaf.palette,DockingListener,3,0,8,8,44,8,0,0,0.625,0,0
jhotdraw-7.5.1 - Move Method,org.jhotdraw.gui.plaf.palette,DragWindow,3,0,8,7,55,14,0,0,0.625,1,0
jhotdraw-7.5.1 - Move Method,org.jhotdraw.gui.plaf.palette,PaletteUtilities,0,0,6,5,59,9,0,0,-1.0,3,1
jhotdraw-7.5.1 - Move Method,org.jhotdraw.gui.plaf.palette.colorchooser,ColorSliderTextFieldHandler,3,0,6,5,44,9,0,0,0.0,0,1
jhotdraw-7.5.1 - Move Method,org.jhotdraw.gui.plaf.palette.colorchooser,PaletteCMYKChooser,24,0,22,15,353,28,0,0,0.5909090909090909,0,5
jhotdraw-7.5.1 - Move Method,org.jhotdraw.gui.plaf.palette.colorchooser,PaletteColorChooserMainPanel,3,0,5,4,49,6,0,0,0.4,0,1
jhotdraw-7.5.1 - Move Method,org.jhotdraw.gui.plaf.palette.colorchooser,PaletteColorChooserPreviewPanel,2,0,4,3,40,4,0,0,0.75,0,0
jhotdraw-7.5.1 - Move Method,org.jhotdraw.gui.plaf.palette.colorchooser,PaletteColorSliderModel,0,0,2,1,26,4,0,0,-1.0,1,1
jhotdraw-7.5.1 - Move Method,org.jhotdraw.gui.plaf.palette.colorchooser,PaletteColorSlidersChooser,3,0,10,8,87,14,0,0,0.5,0,2
jhotdraw-7.5.1 - Move Method,org.jhotdraw.gui.plaf.palette.colorchooser,PaletteColorWheelChooser,4,0,9,7,67,11,0,0,0.4444444444444444,0,4
jhotdraw-7.5.1 - Move Method,org.jhotdraw.gui.plaf.palette.colorchooser,PaletteHSBChooser,19,0,19,13,273,22,0,0,0.5789473684210527,0,5
jhotdraw-7.5.1 - Move Method,org.jhotdraw.gui.plaf.palette.colorchooser,PaletteRGBChooser,13,0,19,13,241,22,0,0,0.5789473684210527,0,5
jhotdraw-7.5.1 - Move Method,org.jhotdraw.gui.plaf.palette.colorchooser,PaletteSwatchesChooser,2,0,9,7,93,18,0,0,0.4444444444444444,0,5
jhotdraw-7.5.1 - Move Method,org.jhotdraw.io,Base64,29,5,29,25,875,79,0,0,0.10344827586206896,4,3
jhotdraw-7.5.1 - Move Method,org.jhotdraw.io,InputStream,7,0,4,4,145,22,0,0,0.5,1,1
jhotdraw-7.5.1 - Move Method,org.jhotdraw.io,OutputStream,8,0,8,8,134,19,0,0,0.25,1,1
jhotdraw-7.5.1 - Move Method,org.jhotdraw.io,BoundedRangeInputStream,5,0,21,19,202,27,0,0,0.38095238095238093,0,0
jhotdraw-7.5.1 - Move Method,org.jhotdraw.io,StreamPosTokenizer,34,7,32,30,792,144,0,0,0.0,0,0
jhotdraw-7.5.1 - Move Method,org.jhotdraw.net,URIUtil,0,0,2,1,21,3,0,0,-1.0,15,0
jhotdraw-7.5.1 - Move Method,org.jhotdraw.samples.color,CIEXYChromaticityDiagram,2,0,5,4,49,7,0,0,0.8,1,1
jhotdraw-7.5.1 - Move Method,org.jhotdraw.samples.color,JMixer,52,0,32,26,686,57,0,0,0.625,0,3
jhotdraw-7.5.1 - Move Method,org.jhotdraw.samples.color,Preset,2,0,3,3,14,3,0,0,0.0,1,0
jhotdraw-7.5.1 - Move Method,org.jhotdraw.samples.color,WheelsAndSlidersMain,7,0,11,4,144,18,0,0,0.36363636363636365,0,1
jhotdraw-7.5.1 - Move Method,org.jhotdraw.samples.color,Handler,1,0,1,1,23,6,0,0,0.0,1,0
jhotdraw-7.5.1 - Move Method,org.jhotdraw.samples.draw,DrawApplet,3,0,17,8,179,25,0,0,0.11764705882352941,1,3
jhotdraw-7.5.1 - Move Method,org.jhotdraw.samples.draw,DrawApplicationModel,1,0,8,7,99,11,0,0,0.5,1,8
jhotdraw-7.5.1 - Move Method,org.jhotdraw.samples.draw,DrawFigureFactory,2,0,1,1,20,3,0,0,0.0,0,0
jhotdraw-7.5.1 - Move Method,org.jhotdraw.samples.draw,DrawingPanel,9,0,8,6,156,8,0,0,0.0,2,9
jhotdraw-7.5.1 - Move Method,org.jhotdraw.samples.draw,DrawingPanelBeanInfo,14,0,11,7,113,24,0,0,0.6363636363636364,1,1
jhotdraw-7.5.1 - Move Method,org.jhotdraw.samples.draw,DrawLiveConnectApplet,7,0,15,6,218,36,0,0,0.2,1,5
jhotdraw-7.5.1 - Move Method,org.jhotdraw.samples.draw,FormListener,0,0,1,1,10,3,0,0,-1.0,1,0
jhotdraw-7.5.1 - Move Method,org.jhotdraw.samples.draw,DrawView,4,0,15,11,191,19,0,0,0.13333333333333333,1,11
jhotdraw-7.5.1 - Move Method,org.jhotdraw.samples.draw,Main,0,0,1,1,31,3,0,0,-1.0,0,2
jhotdraw-7.5.1 - Move Method,org.jhotdraw.samples.font,FontChooserMain,0,0,4,3,37,4,0,0,-1.0,0,0
jhotdraw-7.5.1 - Move Method,org.jhotdraw.samples.mini,AnimationSample,0,0,5,4,53,5,0,0,-1.0,0,3
jhotdraw-7.5.1 - Move Method,org.jhotdraw.samples.mini,BezierDemo,20,0,28,20,385,60,0,0,0.5714285714285714,0,3
jhotdraw-7.5.1 - Move Method,org.jhotdraw.samples.mini,Example,4,0,1,1,10,1,0,0,0.0,2,0
jhotdraw-7.5.1 - Move Method,org.jhotdraw.samples.mini,MouseHandler,1,0,7,7,27,7,0,0,0.8571428571428571,1,1
jhotdraw-7.5.1 - Move Method,org.jhotdraw.samples.mini,Canvas,0,0,1,1,122,30,0,0,-1.0,1,0
jhotdraw-7.5.1 - Move Method,org.jhotdraw.samples.mini,BorderRectangleFigure,2,0,2,2,20,2,0,0,0.0,0,0
jhotdraw-7.5.1 - Move Method,org.jhotdraw.samples.mini,ConnectingFiguresSample,0,0,2,2,33,2,0,0,-1.0,0,4
jhotdraw-7.5.1 - Move Method,org.jhotdraw.samples.mini,CreationToolSample,0,0,2,2,36,2,0,0,-1.0,0,3
jhotdraw-7.5.1 - Move Method,org.jhotdraw.samples.mini,DefaultDOMStorableSample,1,0,7,7,51,7,0,0,0.42857142857142855,0,1
jhotdraw-7.5.1 - Move Method,org.jhotdraw.samples.mini,MyObject,1,0,6,6,23,6,0,0,0.3333333333333333,1,0
jhotdraw-7.5.1 - Move Method,org.jhotdraw.samples.mini,DnDMultiEditorSample,0,0,3,2,62,3,0,0,-1.0,1,5
jhotdraw-7.5.1 - Move Method,org.jhotdraw.samples.mini,EditorSample,0,0,2,2,39,2,0,0,-1.0,0,0
jhotdraw-7.5.1 - Move Method,org.jhotdraw.samples.mini,FileIconsSample,0,0,2,2,76,8,0,0,-1.0,0,6
jhotdraw-7.5.1 - Move Method,org.jhotdraw.samples.mini,LabeledLineConnectionFigureSample,0,0,3,3,49,3,0,0,-1.0,0,1
jhotdraw-7.5.1 - Move Method,org.jhotdraw.samples.mini,LayouterSample,0,0,2,2,32,2,0,0,-1.0,0,0
jhotdraw-7.5.1 - Move Method,org.jhotdraw.samples.mini,MovableChildFiguresSample,0,0,4,4,64,7,0,0,-1.0,0,3
jhotdraw-7.5.1 - Move Method,org.jhotdraw.samples.mini,LabeledEllipseFigure,0,0,2,2,29,5,0,0,-1.0,1,2
jhotdraw-7.5.1 - Move Method,org.jhotdraw.samples.mini,MultiEditorSample,0,0,3,2,59,3,0,0,-1.0,1,4
jhotdraw-7.5.1 - Move Method,org.jhotdraw.samples.mini,SelectionToolSample,0,0,3,3,34,3,0,0,-1.0,0,0
jhotdraw-7.5.1 - Move Method,org.jhotdraw.samples.mini,SmartConnectionFigureSample,0,0,5,5,58,5,0,0,-1.0,0,6
jhotdraw-7.5.1 - Move Method,org.jhotdraw.samples.mini,SmartConnectionFigure,0,0,3,3,19,3,0,0,-1.0,0,1
jhotdraw-7.5.1 - Move Method,org.jhotdraw.samples.mini,StraightLineFigure,1,0,10,8,44,10,0,0,0.2,1,1
jhotdraw-7.5.1 - Move Method,org.jhotdraw.samples.mini,SVGDrawingPanelSample,10,0,20,6,215,37,0,0,0.3,0,5
jhotdraw-7.5.1 - Move Method,org.jhotdraw.samples.mini,FormListener,0,0,2,1,12,4,0,0,-1.0,1,0
jhotdraw-7.5.1 - Move Method,org.jhotdraw.samples.net.figures,NodeFigure,5,0,12,9,100,21,0,0,0.5,1,7
jhotdraw-7.5.1 - Move Method,org.jhotdraw.samples.net,Main,0,0,1,1,30,3,0,0,-1.0,0,0
jhotdraw-7.5.1 - Move Method,org.jhotdraw.samples.net,NetApplet,3,0,17,8,183,25,0,0,0.17647058823529413,1,3
jhotdraw-7.5.1 - Move Method,org.jhotdraw.samples.net,NetApplicationModel,5,0,11,10,140,18,0,0,0.45454545454545453,0,9
jhotdraw-7.5.1 - Move Method,org.jhotdraw.samples.net,ToolButtonListener,2,0,2,2,13,3,0,0,0.0,0,2
jhotdraw-7.5.1 - Move Method,org.jhotdraw.samples.net,NetFactory,2,0,1,1,20,3,0,0,0.0,0,0
jhotdraw-7.5.1 - Move Method,org.jhotdraw.samples.net,NetPanel,9,0,7,5,139,7,0,0,0.0,1,6
jhotdraw-7.5.1 - Move Method,org.jhotdraw.samples.net,NetView,6,1,22,18,215,28,0,0,0.13636363636363635,1,10
jhotdraw-7.5.1 - Move Method,org.jhotdraw.samples.odg.action,CombineAction,1,1,4,3,67,12,0,0,1.0,0,3
jhotdraw-7.5.1 - Move Method,org.jhotdraw.samples.odg.action,SplitAction,1,1,4,3,60,10,0,0,1.0,0,3
jhotdraw-7.5.1 - Move Method,org.jhotdraw.samples.odg.action,TogglePropertiesPanelAction,0,0,4,3,28,4,0,0,-1.0,0,2
jhotdraw-7.5.1 - Move Method,org.jhotdraw.samples.odg.figures,ODGAttributedFigure,0,0,6,6,91,18,2,1,-1.0,1,3
jhotdraw-7.5.1 - Move Method,org.jhotdraw.samples.odg.figures,ODGBezierFigure,1,0,10,10,104,20,0,0,0.8,1,2
jhotdraw-7.5.1 - Move Method,org.jhotdraw.samples.odg.figures,ODGEllipseFigure,2,0,22,19,158,31,0,2,0.22727272727272727,1,6
jhotdraw-7.5.1 - Move Method,org.jhotdraw.samples.odg.figures,ODGFigure,0,0,1,1,11,1,5,0,-1.0,0,0
jhotdraw-7.5.1 - Move Method,org.jhotdraw.samples.odg.figures,ODGGroupFigure,1,0,11,11,118,26,0,1,0.7272727272727273,1,3
jhotdraw-7.5.1 - Move Method,org.jhotdraw.samples.odg.figures,ODGPathFigure,2,0,34,32,369,81,0,1,0.4411764705882353,3,7
jhotdraw-7.5.1 - Move Method,org.jhotdraw.samples.odg.figures,ODGPathOutlineHandle,2,0,8,7,39,9,0,0,0.75,0,1
jhotdraw-7.5.1 - Move Method,org.jhotdraw.samples.odg.figures,ODGRectFigure,3,0,30,25,213,45,0,2,0.2,2,6
jhotdraw-7.5.1 - Move Method,org.jhotdraw.samples.odg.figures,ODGRectRadiusHandle,4,0,11,9,88,14,0,0,0.8181818181818182,0,1
jhotdraw-7.5.1 - Move Method,org.jhotdraw.samples.odg.geom,EnhancedPath,7,3,34,32,253,49,0,0,0.20588235294117646,2,2
jhotdraw-7.5.1 - Move Method,org.jhotdraw.samples.odg.geom,Segment,3,3,7,7,65,10,0,0,0.0,2,2
jhotdraw-7.5.1 - Move Method,org.jhotdraw.samples.odg,Gradient,0,0,5,5,12,5,0,0,-1.0,3,0
jhotdraw-7.5.1 - Move Method,org.jhotdraw.samples.odg,Main,0,0,2,2,21,2,0,0,-1.0,0,0
jhotdraw-7.5.1 - Move Method,org.jhotdraw.samples.odg,ODGApplicationModel,2,0,15,11,203,28,0,0,0.4666666666666667,1,8
jhotdraw-7.5.1 - Move Method,org.jhotdraw.samples.odg,ODGAttributeKeys,9,8,5,4,100,12,0,0,1.0,5,1
jhotdraw-7.5.1 - Move Method,org.jhotdraw.samples.odg,ODGConstants,7,7,1,0,37,1,0,0,0.0,2,0
jhotdraw-7.5.1 - Move Method,org.jhotdraw.samples.odg,ODGDrawing,2,0,5,5,30,5,0,0,0.6,0,0
jhotdraw-7.5.1 - Move Method,org.jhotdraw.samples.odg,ODGDrawingPanel,9,0,8,6,161,8,0,0,0.0,1,8
jhotdraw-7.5.1 - Move Method,org.jhotdraw.samples.odg,ODGDrawingPanelBeanInfo,14,0,11,7,108,24,0,0,0.6363636363636364,1,1
jhotdraw-7.5.1 - Move Method,org.jhotdraw.samples.odg,ODGPropertiesPanel,11,0,4,3,77,5,0,0,0.0,1,4
jhotdraw-7.5.1 - Move Method,org.jhotdraw.samples.odg,ODGPropertiesPanelBeanInfo,14,0,11,7,113,24,0,0,0.6363636363636364,1,1
jhotdraw-7.5.1 - Move Method,org.jhotdraw.samples.odg,ODGView,9,1,23,19,223,26,0,0,0.08695652173913043,1,10
jhotdraw-7.5.1 - Move Method,org.jhotdraw.samples.odg,PathTool,2,0,4,2,48,7,0,0,0.0,0,0
jhotdraw-7.5.1 - Move Method,org.jhotdraw.samples.odg.io,DefaultODGFigureFactory,0,0,1,1,12,1,0,1,-1.0,0,0
jhotdraw-7.5.1 - Move Method,org.jhotdraw.samples.odg.io,ODGFigureFactory,0,0,0,0,7,0,1,0,-1.0,0,0
jhotdraw-7.5.1 - Move Method,org.jhotdraw.samples.odg.io,ODGInputFormat,4,0,46,13,1271,253,0,0,0.32608695652173914,1,3
jhotdraw-7.5.1 - Move Method,org.jhotdraw.samples.odg.io,ODGStylesReader,7,3,25,5,462,91,0,0,0.08,1,1
jhotdraw-7.5.1 - Move Method,org.jhotdraw.samples.odg.io,Style,3,3,0,0,5,0,0,0,-1.0,1,0
jhotdraw-7.5.1 - Move Method,org.jhotdraw.samples.pert.figures,DependencyFigure,0,0,8,6,71,12,0,0,-1.0,2,4
jhotdraw-7.5.1 - Move Method,org.jhotdraw.samples.pert.figures,SeparatorLineFigure,0,0,4,2,24,4,0,0,-1.0,1,1
jhotdraw-7.5.1 - Move Method,org.jhotdraw.samples.pert.figures,TaskFigure,3,0,27,23,248,44,0,0,0.14814814814814814,4,10
jhotdraw-7.5.1 - Move Method,org.jhotdraw.samples.pert.figures,NameAdapter,1,0,2,2,11,2,0,0,1.0,0,2
jhotdraw-7.5.1 - Move Method,org.jhotdraw.samples.pert.figures,DurationAdapter,1,0,2,2,11,3,0,0,0.0,0,2
jhotdraw-7.5.1 - Move Method,org.jhotdraw.samples.pert,Main,0,0,1,1,30,3,0,0,-1.0,0,2
jhotdraw-7.5.1 - Move Method,org.jhotdraw.samples.pert,PertApplet,3,0,17,9,181,25,0,0,0.11764705882352941,1,3
jhotdraw-7.5.1 - Move Method,org.jhotdraw.samples.pert,PertApplicationModel,5,0,11,10,142,18,0,0,0.45454545454545453,0,9
jhotdraw-7.5.1 - Move Method,org.jhotdraw.samples.pert,ToolButtonListener,2,0,2,2,13,3,0,0,0.0,0,2
jhotdraw-7.5.1 - Move Method,org.jhotdraw.samples.pert,PertFactory,1,0,1,1,16,2,0,0,0.0,0,0
jhotdraw-7.5.1 - Move Method,org.jhotdraw.samples.pert,PertPanel,9,0,7,5,141,7,0,0,0.0,1,6
jhotdraw-7.5.1 - Move Method,org.jhotdraw.samples.pert,PertView,5,1,19,15,193,21,0,0,0.10526315789473684,1,10
jhotdraw-7.5.1 - Move Method,org.jhotdraw.samples.svg.action,CombineAction,3,1,18,15,189,36,1,0,0.2777777777777778,0,5
jhotdraw-7.5.1 - Move Method,org.jhotdraw.samples.svg.action,SplitAction,1,1,2,2,19,2,0,1,0.0,0,0
jhotdraw-7.5.1 - Move Method,org.jhotdraw.samples.svg.action,ViewSourceAction,2,1,7,6,110,18,0,0,0.42857142857142855,0,7
jhotdraw-7.5.1 - Move Method,org.jhotdraw.samples.svg.figures,ConvexHullOutlineHandle,9,0,11,9,143,20,0,0,0.5454545454545454,0,4
jhotdraw-7.5.1 - Move Method,org.jhotdraw.samples.svg.figures,LinkHandle,0,0,8,7,56,10,0,0,-1.0,0,2
jhotdraw-7.5.1 - Move Method,org.jhotdraw.samples.svg.figures,SVGAttributedFigure,0,0,6,6,87,16,5,0,-1.0,1,2
jhotdraw-7.5.1 - Move Method,org.jhotdraw.samples.svg.figures,SVGBezierFigure,1,0,14,14,183,32,0,0,0.8571428571428571,1,3
jhotdraw-7.5.1 - Move Method,org.jhotdraw.samples.svg.figures,SVGEllipseFigure,3,0,21,17,178,35,0,1,0.14285714285714285,1,5
jhotdraw-7.5.1 - Move Method,org.jhotdraw.samples.svg.figures,SVGFigure,0,0,1,1,11,1,7,0,-1.0,0,0
jhotdraw-7.5.1 - Move Method,org.jhotdraw.samples.svg.figures,SVGGroupFigure,1,0,11,11,127,28,0,1,0.7272727272727273,1,3
jhotdraw-7.5.1 - Move Method,org.jhotdraw.samples.svg.figures,SVGImageFigure,5,0,35,30,348,57,0,1,0.2,1,4
jhotdraw-7.5.1 - Move Method,org.jhotdraw.samples.svg.figures,SVGPathFigure,3,0,37,33,428,95,0,1,0.35135135135135137,4,7
jhotdraw-7.5.1 - Move Method,org.jhotdraw.samples.svg.figures,SVGPathOutlineHandle,1,0,9,8,82,14,0,0,0.6666666666666666,0,2
jhotdraw-7.5.1 - Move Method,org.jhotdraw.samples.svg.figures,SVGRectFigure,6,2,29,24,291,48,0,1,0.13793103448275862,2,7
jhotdraw-7.5.1 - Move Method,org.jhotdraw.samples.svg.figures,SVGRectRadiusHandle,3,0,9,7,118,20,0,0,0.7777777777777778,0,3
jhotdraw-7.5.1 - Move Method,org.jhotdraw.samples.svg.figures,SVGTextAreaFigure,6,0,37,32,434,81,0,1,0.2972972972972973,1,8
jhotdraw-7.5.1 - Move Method,org.jhotdraw.samples.svg.figures,SVGTextFigure,6,0,40,36,349,71,0,1,0.375,1,8
jhotdraw-7.5.1 - Move Method,org.jhotdraw.samples.svg,Gradient,0,0,5,5,12,5,2,0,-1.0,7,0
jhotdraw-7.5.1 - Move Method,org.jhotdraw.samples.svg,LinearGradient,10,0,23,23,176,32,0,1,0.13043478260869565,2,1
jhotdraw-7.5.1 - Move Method,org.jhotdraw.samples.svg,Main,0,0,1,1,31,3,0,0,-1.0,0,2
jhotdraw-7.5.1 - Move Method,org.jhotdraw.samples.svg,PathTool,2,0,4,2,53,8,0,0,0.0,1,0
jhotdraw-7.5.1 - Move Method,org.jhotdraw.samples.svg,RadialGradient,10,0,23,23,160,31,0,1,0.13043478260869565,2,1
jhotdraw-7.5.1 - Move Method,org.jhotdraw.samples.svg,SVGApplet,3,0,24,11,334,47,0,0,0.16666666666666666,1,2
jhotdraw-7.5.1 - Move Method,org.jhotdraw.samples.svg,SVGApplicationModel,5,2,14,12,196,29,0,0,0.7857142857142857,2,11
jhotdraw-7.5.1 - Move Method,org.jhotdraw.samples.svg,SVGAttributeKeys,16,15,4,4,132,11,0,0,0.75,8,1
jhotdraw-7.5.1 - Move Method,org.jhotdraw.samples.svg,SVGConstants,10,10,1,0,268,1,0,0,0.0,0,0
jhotdraw-7.5.1 - Move Method,org.jhotdraw.samples.svg,SVGCreateFromFileTool,6,0,15,6,164,34,0,0,0.6,1,2
jhotdraw-7.5.1 - Move Method,org.jhotdraw.samples.svg,SVGDrawingPanel,24,0,27,26,428,55,0,0,0.1111111111111111,3,16
jhotdraw-7.5.1 - Move Method,org.jhotdraw.samples.svg,ItemChangeHandler,2,0,2,2,14,2,0,0,0.0,0,0
jhotdraw-7.5.1 - Move Method,org.jhotdraw.samples.svg,SVGDrawingPanelBeanInfo,14,0,11,7,113,24,0,0,0.6363636363636364,1,1
jhotdraw-7.5.1 - Move Method,org.jhotdraw.samples.svg,SVGView,6,2,19,15,193,28,0,0,0.10526315789473684,2,8
jhotdraw-7.5.1 - Move Method,org.jhotdraw.samples.svg.gui,AbstractToolBar,6,0,16,9,147,32,11,0,0.125,0,1
jhotdraw-7.5.1 - Move Method,org.jhotdraw.samples.svg.gui,ProxyPanel,1,0,3,3,45,10,0,0,1.0,0,0
jhotdraw-7.5.1 - Move Method,org.jhotdraw.samples.svg.gui,AbstractToolBarBeanInfo,14,0,11,7,113,24,0,0,0.6363636363636364,1,1
jhotdraw-7.5.1 - Move Method,org.jhotdraw.samples.svg.gui,ActionsToolBar,4,0,11,6,174,23,0,1,0.36363636363636365,1,1
jhotdraw-7.5.1 - Move Method,org.jhotdraw.samples.svg.gui,ActionsToolBarBeanInfo,14,0,11,7,113,24,0,0,0.6363636363636364,1,1
jhotdraw-7.5.1 - Move Method,org.jhotdraw.samples.svg.gui,AlignToolBar,1,0,5,2,105,9,0,1,0.8,1,2
jhotdraw-7.5.1 - Move Method,org.jhotdraw.samples.svg.gui,AlignToolBarBeanInfo,14,0,11,7,113,24,0,0,0.6363636363636364,1,1
jhotdraw-7.5.1 - Move Method,org.jhotdraw.samples.svg.gui,ArrangeToolBar,1,0,5,2,81,9,0,1,0.8,1,2
jhotdraw-7.5.1 - Move Method,org.jhotdraw.samples.svg.gui,ArrangeToolBarBeanInfo,14,0,11,7,113,24,0,0,0.6363636363636364,1,1
jhotdraw-7.5.1 - Move Method,org.jhotdraw.samples.svg.gui,CanvasToolBar,0,0,4,1,275,8,0,1,-1.0,1,2
jhotdraw-7.5.1 - Move Method,org.jhotdraw.samples.svg.gui,CanvasToolBarBeanInfo,14,0,11,7,113,24,0,0,0.6363636363636364,1,1
jhotdraw-7.5.1 - Move Method,org.jhotdraw.samples.svg.gui,DrawingComponent,0,0,6,6,31,6,0,0,-1.0,0,0
jhotdraw-7.5.1 - Move Method,org.jhotdraw.samples.svg.gui,DrawingOpacityIcon,6,0,3,3,81,11,0,0,0.0,0,0
jhotdraw-7.5.1 - Move Method,org.jhotdraw.samples.svg.gui,FigureToolBar,2,0,5,2,123,11,0,1,0.6,1,2
jhotdraw-7.5.1 - Move Method,org.jhotdraw.samples.svg.gui,FigureToolBarBeanInfo,14,0,11,7,113,24,0,0,0.6363636363636364,1,1
jhotdraw-7.5.1 - Move Method,org.jhotdraw.samples.svg.gui,FillToolBar,1,0,6,2,179,12,0,1,0.8333333333333334,1,4
jhotdraw-7.5.1 - Move Method,org.jhotdraw.samples.svg.gui,FillToolBarBeanInfo,14,0,11,7,113,24,0,0,0.6363636363636364,1,1
jhotdraw-7.5.1 - Move Method,org.jhotdraw.samples.svg.gui,FontToolBar,1,0,8,3,292,26,0,1,1.0,1,8
jhotdraw-7.5.1 - Move Method,org.jhotdraw.samples.svg.gui,FontToolBarBeanInfo,14,0,11,7,113,24,0,0,0.6363636363636364,1,1
jhotdraw-7.5.1 - Move Method,org.jhotdraw.samples.svg.gui,LinkToolBar,2,0,5,2,189,11,0,1,0.6,1,1
jhotdraw-7.5.1 - Move Method,org.jhotdraw.samples.svg.gui,LinkToolBarBeanInfo,14,0,11,7,113,24,0,0,0.6363636363636364,1,1
jhotdraw-7.5.1 - Move Method,org.jhotdraw.samples.svg.gui,MessagePanel,5,0,9,7,81,13,0,0,0.4444444444444444,0,0
jhotdraw-7.5.1 - Move Method,org.jhotdraw.samples.svg.gui,ProgressIndicator,5,0,17,16,133,18,0,0,0.17647058823529413,0,0
jhotdraw-7.5.1 - Move Method,org.jhotdraw.samples.svg.gui,SelectionOpacityIcon,6,0,3,3,84,11,0,0,0.0,0,0
jhotdraw-7.5.1 - Move Method,org.jhotdraw.samples.svg.gui,ServerAuthenticationException,0,0,2,2,19,2,0,0,-1.0,0,0
jhotdraw-7.5.1 - Move Method,org.jhotdraw.samples.svg.gui,StrokeToolBar,1,0,6,2,261,12,0,1,1.0,1,4
jhotdraw-7.5.1 - Move Method,org.jhotdraw.samples.svg.gui,StrokeToolBarBeanInfo,14,0,11,7,113,24,0,0,0.6363636363636364,1,1
jhotdraw-7.5.1 - Move Method,org.jhotdraw.samples.svg.gui,SummaryToolBar,3,0,3,2,43,3,0,0,0.0,0,0
jhotdraw-7.5.1 - Move Method,org.jhotdraw.samples.svg.gui,SummaryToolBarBeanInfo,14,0,11,7,113,24,0,0,0.6363636363636364,1,1
jhotdraw-7.5.1 - Move Method,org.jhotdraw.samples.svg.gui,ToolsToolBar,2,0,9,5,176,13,0,1,0.5555555555555556,1,8
jhotdraw-7.5.1 - Move Method,org.jhotdraw.samples.svg.gui,SelectionToolButtonHandler,2,0,3,3,18,5,0,0,0.0,0,2
jhotdraw-7.5.1 - Move Method,org.jhotdraw.samples.svg.gui,ToolsToolBarBeanInfo,14,0,11,7,113,24,0,0,0.6363636363636364,1,1
jhotdraw-7.5.1 - Move Method,org.jhotdraw.samples.svg.gui,ViewToolBar,1,0,8,5,190,24,0,1,0.5,1,5
jhotdraw-7.5.1 - Move Method,org.jhotdraw.samples.svg.gui,ViewToolBarBeanInfo,14,0,11,7,113,24,0,0,0.6363636363636364,1,1
jhotdraw-7.5.1 - Move Method,org.jhotdraw.samples.svg.io,ClientHttpRequest,6,0,42,31,482,58,0,0,0.19047619047619047,1,1
jhotdraw-7.5.1 - Move Method,org.jhotdraw.samples.svg.io,DefaultSVGFigureFactory,0,0,14,14,118,17,0,1,-1.0,0,1
jhotdraw-7.5.1 - Move Method,org.jhotdraw.samples.svg.io,ImageMapOutputFormat,4,0,25,13,356,68,0,0,0.32,1,0
jhotdraw-7.5.1 - Move Method,org.jhotdraw.samples.svg.io,SVGElementFactory,0,0,0,0,7,0,0,0,-1.0,0,0
jhotdraw-7.5.1 - Move Method,org.jhotdraw.samples.svg.io,SVGFigureFactory,0,0,13,13,30,13,1,0,-1.0,1,0
jhotdraw-7.5.1 - Move Method,org.jhotdraw.samples.svg.io,SVGInputFormat,20,7,67,17,2295,434,1,0,0.13432835820895522,1,8
jhotdraw-7.5.1 - Move Method,org.jhotdraw.samples.svg.io,Viewport,8,7,1,1,37,1,0,0,0.0,1,0
jhotdraw-7.5.1 - Move Method,org.jhotdraw.samples.svg.io,SVGOutputFormat,10,0,47,22,795,122,1,0,0.2127659574468085,4,4
jhotdraw-7.5.1 - Move Method,org.jhotdraw.samples.svg.io,SVGZInputFormat,0,0,3,3,27,4,0,1,-1.0,0,0
jhotdraw-7.5.1 - Move Method,org.jhotdraw.samples.svg.io,SVGZOutputFormat,0,0,4,4,23,4,0,1,-1.0,0,0
jhotdraw-7.5.1 - Move Method,org.jhotdraw.samples.teddy.action,FindAction,2,1,3,3,35,8,0,0,0.6666666666666666,0,1
jhotdraw-7.5.1 - Move Method,org.jhotdraw.samples.teddy.action,ToggleLineNumbersAction,2,1,4,3,26,4,0,0,0.5,0,2
jhotdraw-7.5.1 - Move Method,org.jhotdraw.samples.teddy.action,ToggleLineWrapAction,2,1,4,3,26,4,0,0,0.5,0,2
jhotdraw-7.5.1 - Move Method,org.jhotdraw.samples.teddy.action,ToggleStatusBarAction,2,1,4,3,26,4,0,0,0.5,0,2
jhotdraw-7.5.1 - Move Method,org.jhotdraw.samples.teddy,CharacterSetAccessory,6,4,8,6,124,20,0,0,0.0,0,0
jhotdraw-7.5.1 - Move Method,org.jhotdraw.samples.teddy,FindDialog,20,16,20,9,284,41,0,0,0.45,1,2
jhotdraw-7.5.1 - Move Method,org.jhotdraw.samples.teddy,JEditorArea,1,0,10,9,121,18,0,0,0.6,0,0
jhotdraw-7.5.1 - Move Method,org.jhotdraw.samples.teddy,Main,2,2,1,1,32,3,0,0,0.0,0,1
jhotdraw-7.5.1 - Move Method,org.jhotdraw.samples.teddy,TeddyApplicationModel,0,0,7,7,60,7,0,0,-1.0,1,4
jhotdraw-7.5.1 - Move Method,org.jhotdraw.samples.teddy,TeddyView,11,3,44,37,399,55,0,0,0.045454545454545456,2,7
jhotdraw-7.5.1 - Move Method,org.jhotdraw.samples.teddy,EditorPanel,2,0,8,8,35,8,0,0,0.0,1,0
jhotdraw-7.5.1 - Move Method,org.jhotdraw.samples.teddy.io,LFWriter,2,0,6,6,98,14,0,0,0.3333333333333333,0,0
jhotdraw-7.5.1 - Move Method,org.jhotdraw.samples.teddy.regex,Matcher,6,0,12,11,205,32,0,0,0.0,0,1
jhotdraw-7.5.1 - Move Method,org.jhotdraw.samples.teddy.regex,MatchType,3,3,1,0,12,1,0,0,0.0,2,1
jhotdraw-7.5.1 - Move Method,org.jhotdraw.samples.teddy.text,NumberedEditorKit,1,0,1,1,14,2,0,0,0.0,0,1
jhotdraw-7.5.1 - Move Method,org.jhotdraw.samples.teddy.text,NumberedParagraphView,3,1,3,2,37,5,0,0,0.0,0,1
jhotdraw-7.5.1 - Move Method,org.jhotdraw.samples.teddy.text,NumberedViewFactory,1,0,3,3,34,9,0,0,0.6666666666666666,2,0
jhotdraw-7.5.1 - Move Method,org.jhotdraw.text,ColorFormatter,12,0,14,13,329,44,1,0,0.14285714285714285,4,4
jhotdraw-7.5.1 - Move Method,org.jhotdraw.text,ColorToolTipTextFormatter,1,0,2,2,77,15,0,1,0.0,1,2
jhotdraw-7.5.1 - Move Method,org.jhotdraw.text,FontFormatter,3,0,12,12,127,21,0,0,0.16666666666666666,3,1
jhotdraw-7.5.1 - Move Method,org.jhotdraw.text,JavaNumberFormatter,14,0,35,33,413,63,0,0,0.0,10,1
jhotdraw-7.5.1 - Move Method,org.jhotdraw.undo,CompositeEdit,3,0,11,11,88,13,0,0,0.2727272727272727,3,1
jhotdraw-7.5.1 - Move Method,org.jhotdraw.undo,NonUndoableEdit,0,0,3,3,18,3,0,0,-1.0,0,0
jhotdraw-7.5.1 - Move Method,org.jhotdraw.undo,UndoRedoManager,8,1,26,22,235,33,0,0,0.11538461538461539,2,3
jhotdraw-7.5.1 - Move Method,org.jhotdraw.undo,UndoAction,0,0,2,2,21,2,0,0,-1.0,1,0
jhotdraw-7.5.1 - Move Method,org.jhotdraw.undo,RedoAction,0,0,2,2,20,2,0,0,-1.0,1,0
jhotdraw-7.5.1 - Move Method,org.jhotdraw.util,Images,0,0,8,7,154,23,0,0,-1.0,7,1
jhotdraw-7.5.1 - Move Method,org.jhotdraw.util,LocaleUtil,1,0,3,3,19,3,0,0,0.6666666666666666,2,0
jhotdraw-7.5.1 - Move Method,org.jhotdraw.util,Methods,0,0,23,22,415,23,0,0,-1.0,1,1
jhotdraw-7.5.1 - Move Method,org.jhotdraw.util,ResourceBundleUtil,7,0,33,30,410,57,0,0,0.0,42,2
jhotdraw-7.5.1 - Move Method,org.jhotdraw.util,ReversedList,1,0,3,3,19,3,0,0,0.0,0,0
jhotdraw-7.5.1 - Move Method,org.jhotdraw.util.prefs,PreferencesUtil,4,0,54,53,321,66,0,0,0.6296296296296297,12,1
jhotdraw-7.5.1 - Move Method,org.jhotdraw.util.prefs,ToolBarPrefsHandler,4,0,9,8,92,19,0,0,0.0,0,0
jhotdraw-7.5.1 - Move Method,org.jhotdraw.xml.css,CSSParser,0,0,6,2,105,24,0,0,-1.0,1,1
jhotdraw-7.5.1 - Move Method,org.jhotdraw.xml.css,CSSRule,3,0,9,9,128,30,0,0,0.0,1,1
jhotdraw-7.5.1 - Move Method,org.jhotdraw.xml.css,StyleManager,1,0,5,5,31,9,0,0,0.0,2,1
jhotdraw-7.5.1 - Move Method,org.jhotdraw.xml,DefaultDOMFactory,6,0,10,7,119,20,0,2,0.3,0,1
jhotdraw-7.5.1 - Move Method,org.jhotdraw.xml,DOMFactory,0,0,4,4,25,4,1,0,-1.0,4,2
jhotdraw-7.5.1 - Move Method,org.jhotdraw.xml,DOMInput,0,0,16,16,72,16,2,0,-1.0,22,0
jhotdraw-7.5.1 - Move Method,org.jhotdraw.xml,DOMOutput,0,0,17,17,76,17,2,0,-1.0,21,0
jhotdraw-7.5.1 - Move Method,org.jhotdraw.xml,DOMStorable,0,0,2,2,9,2,0,0,-1.0,1,2
jhotdraw-7.5.1 - Move Method,org.jhotdraw.xml,JavaPrimitivesDOMFactory,0,0,9,4,319,83,1,1,-1.0,0,2
jhotdraw-7.5.1 - Move Method,org.jhotdraw.xml,JavaxDOMInput,5,0,20,18,264,42,0,1,0.0,1,2
jhotdraw-7.5.1 - Move Method,org.jhotdraw.xml,JavaxDOMOutput,6,0,21,20,206,35,0,1,0.23809523809523808,0,1
jhotdraw-7.5.1 - Move Method,org.jhotdraw.xml,NanoXMLDOMInput,5,0,19,19,218,34,0,1,0.0,0,1
jhotdraw-7.5.1 - Move Method,org.jhotdraw.xml,NanoXMLDOMOutput,7,0,22,22,209,37,0,1,0.3181818181818182,0,1
jhotdraw-7.5.1 - Move Method,org.jhotdraw.xml,XMLTransferable,2,0,5,5,53,6,0,0,0.4,0,0
