Project Name,Package Name,Type Name,MethodName,LOC,CC,PC
commons-logging - Replace Type,org.apache.commons.logging.impl,AvalonLogger,AvalonLogger,3,1,1
commons-logging - Replace Type,org.apache.commons.logging.impl,AvalonLogger,AvalonLogger,6,2,1
commons-logging - Replace Type,org.apache.commons.logging.impl,AvalonLogger,getLogger,3,1,0
commons-logging - Replace Type,org.apache.commons.logging.impl,AvalonLogger,setDefaultLogger,3,1,1
commons-logging - Replace Type,org.apache.commons.logging.impl,AvalonLogger,debug,5,2,2
commons-logging - Replace Type,org.apache.commons.logging.impl,AvalonLogger,debug,5,2,1
commons-logging - Replace Type,org.apache.commons.logging.impl,AvalonLogger,error,5,2,2
commons-logging - Replace Type,org.apache.commons.logging.impl,AvalonLogger,error,5,2,1
commons-logging - Replace Type,org.apache.commons.logging.impl,AvalonLogger,fatal,5,2,2
commons-logging - Replace Type,org.apache.commons.logging.impl,AvalonLogger,fatal,5,2,1
commons-logging - Replace Type,org.apache.commons.logging.impl,AvalonLogger,info,5,2,2
commons-logging - Replace Type,org.apache.commons.logging.impl,AvalonLogger,info,5,2,1
commons-logging - Replace Type,org.apache.commons.logging.impl,AvalonLogger,isDebugEnabled,3,1,0
commons-logging - Replace Type,org.apache.commons.logging.impl,AvalonLogger,isErrorEnabled,3,1,0
commons-logging - Replace Type,org.apache.commons.logging.impl,AvalonLogger,isFatalEnabled,3,1,0
commons-logging - Replace Type,org.apache.commons.logging.impl,AvalonLogger,isInfoEnabled,3,1,0
commons-logging - Replace Type,org.apache.commons.logging.impl,AvalonLogger,isTraceEnabled,3,1,0
commons-logging - Replace Type,org.apache.commons.logging.impl,AvalonLogger,isWarnEnabled,3,1,0
commons-logging - Replace Type,org.apache.commons.logging.impl,AvalonLogger,trace,5,2,2
commons-logging - Replace Type,org.apache.commons.logging.impl,AvalonLogger,trace,5,2,1
commons-logging - Replace Type,org.apache.commons.logging.impl,AvalonLogger,warn,5,2,2
commons-logging - Replace Type,org.apache.commons.logging.impl,AvalonLogger,warn,5,2,1
commons-logging - Replace Type,org.apache.commons.logging.impl,Jdk13LumberjackLogger,Jdk13LumberjackLogger,4,1,1
commons-logging - Replace Type,org.apache.commons.logging.impl,Jdk13LumberjackLogger,log,14,4,3
commons-logging - Replace Type,org.apache.commons.logging.impl,Jdk13LumberjackLogger,getClassAndMethod,28,3,0
commons-logging - Replace Type,org.apache.commons.logging.impl,Jdk13LumberjackLogger,debug,3,1,1
commons-logging - Replace Type,org.apache.commons.logging.impl,Jdk13LumberjackLogger,debug,3,1,2
commons-logging - Replace Type,org.apache.commons.logging.impl,Jdk13LumberjackLogger,error,3,1,1
commons-logging - Replace Type,org.apache.commons.logging.impl,Jdk13LumberjackLogger,error,3,1,2
commons-logging - Replace Type,org.apache.commons.logging.impl,Jdk13LumberjackLogger,fatal,3,1,1
commons-logging - Replace Type,org.apache.commons.logging.impl,Jdk13LumberjackLogger,fatal,3,1,2
commons-logging - Replace Type,org.apache.commons.logging.impl,Jdk13LumberjackLogger,getLogger,6,2,0
commons-logging - Replace Type,org.apache.commons.logging.impl,Jdk13LumberjackLogger,info,3,1,1
commons-logging - Replace Type,org.apache.commons.logging.impl,Jdk13LumberjackLogger,info,3,1,2
commons-logging - Replace Type,org.apache.commons.logging.impl,Jdk13LumberjackLogger,isDebugEnabled,3,1,0
commons-logging - Replace Type,org.apache.commons.logging.impl,Jdk13LumberjackLogger,isErrorEnabled,3,1,0
commons-logging - Replace Type,org.apache.commons.logging.impl,Jdk13LumberjackLogger,isFatalEnabled,3,1,0
commons-logging - Replace Type,org.apache.commons.logging.impl,Jdk13LumberjackLogger,isInfoEnabled,3,1,0
commons-logging - Replace Type,org.apache.commons.logging.impl,Jdk13LumberjackLogger,isTraceEnabled,3,1,0
commons-logging - Replace Type,org.apache.commons.logging.impl,Jdk13LumberjackLogger,isWarnEnabled,3,1,0
commons-logging - Replace Type,org.apache.commons.logging.impl,Jdk13LumberjackLogger,trace,3,1,1
commons-logging - Replace Type,org.apache.commons.logging.impl,Jdk13LumberjackLogger,trace,3,1,2
commons-logging - Replace Type,org.apache.commons.logging.impl,Jdk13LumberjackLogger,warn,3,1,1
commons-logging - Replace Type,org.apache.commons.logging.impl,Jdk13LumberjackLogger,warn,3,1,2
commons-logging - Replace Type,org.apache.commons.logging.impl,Jdk14Logger,Jdk14Logger,4,1,1
commons-logging - Replace Type,org.apache.commons.logging.impl,Jdk14Logger,log,19,4,3
commons-logging - Replace Type,org.apache.commons.logging.impl,Jdk14Logger,debug,3,1,1
commons-logging - Replace Type,org.apache.commons.logging.impl,Jdk14Logger,debug,3,1,2
commons-logging - Replace Type,org.apache.commons.logging.impl,Jdk14Logger,error,3,1,1
commons-logging - Replace Type,org.apache.commons.logging.impl,Jdk14Logger,error,3,1,2
commons-logging - Replace Type,org.apache.commons.logging.impl,Jdk14Logger,fatal,3,1,1
commons-logging - Replace Type,org.apache.commons.logging.impl,Jdk14Logger,fatal,3,1,2
commons-logging - Replace Type,org.apache.commons.logging.impl,Jdk14Logger,getLogger,6,2,0
commons-logging - Replace Type,org.apache.commons.logging.impl,Jdk14Logger,info,3,1,1
commons-logging - Replace Type,org.apache.commons.logging.impl,Jdk14Logger,info,3,1,2
commons-logging - Replace Type,org.apache.commons.logging.impl,Jdk14Logger,isDebugEnabled,3,1,0
commons-logging - Replace Type,org.apache.commons.logging.impl,Jdk14Logger,isErrorEnabled,3,1,0
commons-logging - Replace Type,org.apache.commons.logging.impl,Jdk14Logger,isFatalEnabled,3,1,0
commons-logging - Replace Type,org.apache.commons.logging.impl,Jdk14Logger,isInfoEnabled,3,1,0
commons-logging - Replace Type,org.apache.commons.logging.impl,Jdk14Logger,isTraceEnabled,3,1,0
commons-logging - Replace Type,org.apache.commons.logging.impl,Jdk14Logger,isWarnEnabled,3,1,0
commons-logging - Replace Type,org.apache.commons.logging.impl,Jdk14Logger,trace,3,1,1
commons-logging - Replace Type,org.apache.commons.logging.impl,Jdk14Logger,trace,3,1,2
commons-logging - Replace Type,org.apache.commons.logging.impl,Jdk14Logger,warn,3,1,1
commons-logging - Replace Type,org.apache.commons.logging.impl,Jdk14Logger,warn,3,1,2
commons-logging - Replace Type,org.apache.commons.logging.impl,Log4JLogger,Log4JLogger,3,1,0
commons-logging - Replace Type,org.apache.commons.logging.impl,Log4JLogger,Log4JLogger,4,1,1
commons-logging - Replace Type,org.apache.commons.logging.impl,Log4JLogger,Log4JLogger,7,2,1
commons-logging - Replace Type,org.apache.commons.logging.impl,Log4JLogger,trace,3,1,1
commons-logging - Replace Type,org.apache.commons.logging.impl,Log4JLogger,trace,3,1,2
commons-logging - Replace Type,org.apache.commons.logging.impl,Log4JLogger,debug,3,1,1
commons-logging - Replace Type,org.apache.commons.logging.impl,Log4JLogger,debug,3,1,2
commons-logging - Replace Type,org.apache.commons.logging.impl,Log4JLogger,info,3,1,1
commons-logging - Replace Type,org.apache.commons.logging.impl,Log4JLogger,info,3,1,2
commons-logging - Replace Type,org.apache.commons.logging.impl,Log4JLogger,warn,3,1,1
commons-logging - Replace Type,org.apache.commons.logging.impl,Log4JLogger,warn,3,1,2
commons-logging - Replace Type,org.apache.commons.logging.impl,Log4JLogger,error,3,1,1
commons-logging - Replace Type,org.apache.commons.logging.impl,Log4JLogger,error,3,1,2
commons-logging - Replace Type,org.apache.commons.logging.impl,Log4JLogger,fatal,3,1,1
commons-logging - Replace Type,org.apache.commons.logging.impl,Log4JLogger,fatal,3,1,2
commons-logging - Replace Type,org.apache.commons.logging.impl,Log4JLogger,getLogger,12,3,0
commons-logging - Replace Type,org.apache.commons.logging.impl,Log4JLogger,isDebugEnabled,3,1,0
commons-logging - Replace Type,org.apache.commons.logging.impl,Log4JLogger,isErrorEnabled,3,1,0
commons-logging - Replace Type,org.apache.commons.logging.impl,Log4JLogger,isFatalEnabled,3,1,0
commons-logging - Replace Type,org.apache.commons.logging.impl,Log4JLogger,isInfoEnabled,3,1,0
commons-logging - Replace Type,org.apache.commons.logging.impl,Log4JLogger,isTraceEnabled,3,1,0
commons-logging - Replace Type,org.apache.commons.logging.impl,Log4JLogger,isWarnEnabled,3,1,0
commons-logging - Replace Type,org.apache.commons.logging.impl,LogFactoryImpl,LogFactoryImpl,7,2,0
commons-logging - Replace Type,org.apache.commons.logging.impl,LogFactoryImpl,getAttribute,3,1,1
commons-logging - Replace Type,org.apache.commons.logging.impl,LogFactoryImpl,getAttributeNames,3,1,0
commons-logging - Replace Type,org.apache.commons.logging.impl,LogFactoryImpl,getInstance,3,1,1
commons-logging - Replace Type,org.apache.commons.logging.impl,LogFactoryImpl,getInstance,8,2,1
commons-logging - Replace Type,org.apache.commons.logging.impl,LogFactoryImpl,release,4,1,0
commons-logging - Replace Type,org.apache.commons.logging.impl,LogFactoryImpl,removeAttribute,3,1,1
commons-logging - Replace Type,org.apache.commons.logging.impl,LogFactoryImpl,setAttribute,14,4,2
commons-logging - Replace Type,org.apache.commons.logging.impl,LogFactoryImpl,getContextClassLoader,3,1,0
commons-logging - Replace Type,org.apache.commons.logging.impl,LogFactoryImpl,isDiagnosticsEnabled,3,1,0
commons-logging - Replace Type,org.apache.commons.logging.impl,LogFactoryImpl,getClassLoader,3,1,1
commons-logging - Replace Type,org.apache.commons.logging.impl,LogFactoryImpl,initDiagnostics,17,2,0
commons-logging - Replace Type,org.apache.commons.logging.impl,LogFactoryImpl,logDiagnostic,5,2,1
commons-logging - Replace Type,org.apache.commons.logging.impl,LogFactoryImpl,getLogClassName,6,2,0
commons-logging - Replace Type,org.apache.commons.logging.impl,LogFactoryImpl,getLogConstructor,6,2,0
commons-logging - Replace Type,org.apache.commons.logging.impl,LogFactoryImpl,isJdk13LumberjackAvailable,3,1,0
commons-logging - Replace Type,org.apache.commons.logging.impl,LogFactoryImpl,isJdk14Available,3,1,0
commons-logging - Replace Type,org.apache.commons.logging.impl,LogFactoryImpl,isLog4JAvailable,3,1,0
commons-logging - Replace Type,org.apache.commons.logging.impl,LogFactoryImpl,newInstance,28,3,1
commons-logging - Replace Type,org.apache.commons.logging.impl,LogFactoryImpl,getContextClassLoaderInternal,8,1,0
commons-logging - Replace Type,org.apache.commons.logging.impl,LogFactoryImpl,run,3,1,0
commons-logging - Replace Type,org.apache.commons.logging.impl,LogFactoryImpl,getSystemProperty,8,1,2
commons-logging - Replace Type,org.apache.commons.logging.impl,LogFactoryImpl,run,3,1,0
commons-logging - Replace Type,org.apache.commons.logging.impl,LogFactoryImpl,getParentClassLoader,14,1,1
commons-logging - Replace Type,org.apache.commons.logging.impl,LogFactoryImpl,run,3,1,0
commons-logging - Replace Type,org.apache.commons.logging.impl,LogFactoryImpl,isLogLibraryAvailable,26,6,2
commons-logging - Replace Type,org.apache.commons.logging.impl,LogFactoryImpl,getConfigurationValue,36,10,1
commons-logging - Replace Type,org.apache.commons.logging.impl,LogFactoryImpl,getBooleanConfiguration,7,2,2
commons-logging - Replace Type,org.apache.commons.logging.impl,LogFactoryImpl,initConfiguration,5,1,0
commons-logging - Replace Type,org.apache.commons.logging.impl,LogFactoryImpl,discoverLogImplementation,35,8,1
commons-logging - Replace Type,org.apache.commons.logging.impl,LogFactoryImpl,informUponSimilarName,10,3,3
commons-logging - Replace Type,org.apache.commons.logging.impl,LogFactoryImpl,findUserSpecifiedLogClassName,42,11,0
commons-logging - Replace Type,org.apache.commons.logging.impl,LogFactoryImpl,createLogFromClass,91,9,3
commons-logging - Replace Type,org.apache.commons.logging.impl,LogFactoryImpl,getBaseClassLoader,30,8,0
commons-logging - Replace Type,org.apache.commons.logging.impl,LogFactoryImpl,getLowestClassLoader,24,7,2
commons-logging - Replace Type,org.apache.commons.logging.impl,LogFactoryImpl,handleFlawedDiscovery,24,7,3
commons-logging - Replace Type,org.apache.commons.logging.impl,LogFactoryImpl,handleFlawedHierarchy,63,11,2
commons-logging - Replace Type,org.apache.commons.logging.impl,LogKitLogger,LogKitLogger,4,1,1
commons-logging - Replace Type,org.apache.commons.logging.impl,LogKitLogger,getLogger,12,3,0
commons-logging - Replace Type,org.apache.commons.logging.impl,LogKitLogger,trace,3,1,1
commons-logging - Replace Type,org.apache.commons.logging.impl,LogKitLogger,trace,3,1,2
commons-logging - Replace Type,org.apache.commons.logging.impl,LogKitLogger,debug,5,2,1
commons-logging - Replace Type,org.apache.commons.logging.impl,LogKitLogger,debug,5,2,2
commons-logging - Replace Type,org.apache.commons.logging.impl,LogKitLogger,info,5,2,1
commons-logging - Replace Type,org.apache.commons.logging.impl,LogKitLogger,info,5,2,2
commons-logging - Replace Type,org.apache.commons.logging.impl,LogKitLogger,warn,5,2,1
commons-logging - Replace Type,org.apache.commons.logging.impl,LogKitLogger,warn,5,2,2
commons-logging - Replace Type,org.apache.commons.logging.impl,LogKitLogger,error,5,2,1
commons-logging - Replace Type,org.apache.commons.logging.impl,LogKitLogger,error,5,2,2
commons-logging - Replace Type,org.apache.commons.logging.impl,LogKitLogger,fatal,5,2,1
commons-logging - Replace Type,org.apache.commons.logging.impl,LogKitLogger,fatal,5,2,2
commons-logging - Replace Type,org.apache.commons.logging.impl,LogKitLogger,isDebugEnabled,3,1,0
commons-logging - Replace Type,org.apache.commons.logging.impl,LogKitLogger,isErrorEnabled,3,1,0
commons-logging - Replace Type,org.apache.commons.logging.impl,LogKitLogger,isFatalEnabled,3,1,0
commons-logging - Replace Type,org.apache.commons.logging.impl,LogKitLogger,isInfoEnabled,3,1,0
commons-logging - Replace Type,org.apache.commons.logging.impl,LogKitLogger,isTraceEnabled,3,1,0
commons-logging - Replace Type,org.apache.commons.logging.impl,LogKitLogger,isWarnEnabled,3,1,0
commons-logging - Replace Type,org.apache.commons.logging.impl,LogLevelDebugRefactored,log,3,1,1
commons-logging - Replace Type,org.apache.commons.logging.impl,LogLevelErrorRefactored,log,3,1,1
commons-logging - Replace Type,org.apache.commons.logging.impl,LogLevelFatalRefactored,log,3,1,1
commons-logging - Replace Type,org.apache.commons.logging.impl,LogLevelInfoRefactored,log,3,1,1
commons-logging - Replace Type,org.apache.commons.logging.impl,LogLevelTraceRefactored,log,3,1,1
commons-logging - Replace Type,org.apache.commons.logging.impl,LogLevelWarnRefactored,log,3,1,1
commons-logging - Replace Type,org.apache.commons.logging.impl,NoOpLog,NoOpLog,2,1,0
commons-logging - Replace Type,org.apache.commons.logging.impl,NoOpLog,NoOpLog,2,1,1
commons-logging - Replace Type,org.apache.commons.logging.impl,NoOpLog,trace,2,1,1
commons-logging - Replace Type,org.apache.commons.logging.impl,NoOpLog,trace,2,1,2
commons-logging - Replace Type,org.apache.commons.logging.impl,NoOpLog,debug,2,1,1
commons-logging - Replace Type,org.apache.commons.logging.impl,NoOpLog,debug,2,1,2
commons-logging - Replace Type,org.apache.commons.logging.impl,NoOpLog,info,2,1,1
commons-logging - Replace Type,org.apache.commons.logging.impl,NoOpLog,info,2,1,2
commons-logging - Replace Type,org.apache.commons.logging.impl,NoOpLog,warn,2,1,1
commons-logging - Replace Type,org.apache.commons.logging.impl,NoOpLog,warn,2,1,2
commons-logging - Replace Type,org.apache.commons.logging.impl,NoOpLog,error,2,1,1
commons-logging - Replace Type,org.apache.commons.logging.impl,NoOpLog,error,2,1,2
commons-logging - Replace Type,org.apache.commons.logging.impl,NoOpLog,fatal,2,1,1
commons-logging - Replace Type,org.apache.commons.logging.impl,NoOpLog,fatal,2,1,2
commons-logging - Replace Type,org.apache.commons.logging.impl,NoOpLog,isDebugEnabled,3,1,0
commons-logging - Replace Type,org.apache.commons.logging.impl,NoOpLog,isErrorEnabled,3,1,0
commons-logging - Replace Type,org.apache.commons.logging.impl,NoOpLog,isFatalEnabled,3,1,0
commons-logging - Replace Type,org.apache.commons.logging.impl,NoOpLog,isInfoEnabled,3,1,0
commons-logging - Replace Type,org.apache.commons.logging.impl,NoOpLog,isTraceEnabled,3,1,0
commons-logging - Replace Type,org.apache.commons.logging.impl,NoOpLog,isWarnEnabled,3,1,0
commons-logging - Replace Type,org.apache.commons.logging.impl,ServletContextCleaner,contextDestroyed,30,2,1
commons-logging - Replace Type,org.apache.commons.logging.impl,ServletContextCleaner,contextInitialized,2,1,1
commons-logging - Replace Type,org.apache.commons.logging.impl,SimpleLog,getStringProperty,9,1,1
commons-logging - Replace Type,org.apache.commons.logging.impl,SimpleLog,getStringProperty,4,1,2
commons-logging - Replace Type,org.apache.commons.logging.impl,SimpleLog,getBooleanProperty,4,1,2
commons-logging - Replace Type,org.apache.commons.logging.impl,SimpleLog,SimpleLog,38,11,1
commons-logging - Replace Type,org.apache.commons.logging.impl,SimpleLog,setLevel,3,1,1
commons-logging - Replace Type,org.apache.commons.logging.impl,SimpleLog,getLevel,3,1,0
commons-logging - Replace Type,org.apache.commons.logging.impl,SimpleLog,log,35,6,3
commons-logging - Replace Type,org.apache.commons.logging.impl,SimpleLog,write,3,1,1
commons-logging - Replace Type,org.apache.commons.logging.impl,SimpleLog,isLevelEnabled,3,1,1
commons-logging - Replace Type,org.apache.commons.logging.impl,SimpleLog,debug,5,2,1
commons-logging - Replace Type,org.apache.commons.logging.impl,SimpleLog,debug,5,2,2
commons-logging - Replace Type,org.apache.commons.logging.impl,SimpleLog,trace,5,2,1
commons-logging - Replace Type,org.apache.commons.logging.impl,SimpleLog,trace,5,2,2
commons-logging - Replace Type,org.apache.commons.logging.impl,SimpleLog,info,5,2,1
commons-logging - Replace Type,org.apache.commons.logging.impl,SimpleLog,info,5,2,2
commons-logging - Replace Type,org.apache.commons.logging.impl,SimpleLog,warn,5,2,1
commons-logging - Replace Type,org.apache.commons.logging.impl,SimpleLog,warn,5,2,2
commons-logging - Replace Type,org.apache.commons.logging.impl,SimpleLog,error,5,2,1
commons-logging - Replace Type,org.apache.commons.logging.impl,SimpleLog,error,5,2,2
commons-logging - Replace Type,org.apache.commons.logging.impl,SimpleLog,fatal,5,2,1
commons-logging - Replace Type,org.apache.commons.logging.impl,SimpleLog,fatal,5,2,2
commons-logging - Replace Type,org.apache.commons.logging.impl,SimpleLog,isDebugEnabled,3,1,0
commons-logging - Replace Type,org.apache.commons.logging.impl,SimpleLog,isErrorEnabled,3,1,0
commons-logging - Replace Type,org.apache.commons.logging.impl,SimpleLog,isFatalEnabled,3,1,0
commons-logging - Replace Type,org.apache.commons.logging.impl,SimpleLog,isInfoEnabled,3,1,0
commons-logging - Replace Type,org.apache.commons.logging.impl,SimpleLog,isTraceEnabled,3,1,0
commons-logging - Replace Type,org.apache.commons.logging.impl,SimpleLog,isWarnEnabled,3,1,0
commons-logging - Replace Type,org.apache.commons.logging.impl,SimpleLog,getContextClassLoader,24,3,0
commons-logging - Replace Type,org.apache.commons.logging.impl,SimpleLog,getResourceAsStream,14,2,1
commons-logging - Replace Type,org.apache.commons.logging.impl,SimpleLog,run,9,2,0
commons-logging - Replace Type,org.apache.commons.logging.impl,SimpleLog,getTypeRefactoredObject,17,7,1
commons-logging - Replace Type,org.apache.commons.logging.impl,TypeRefactored,log,0,1,1
commons-logging - Replace Type,org.apache.commons.logging.impl,WeakHashtable,WeakHashtable,2,1,0
commons-logging - Replace Type,org.apache.commons.logging.impl,WeakHashtable,containsKey,4,1,1
commons-logging - Replace Type,org.apache.commons.logging.impl,WeakHashtable,elements,4,1,0
commons-logging - Replace Type,org.apache.commons.logging.impl,WeakHashtable,entrySet,16,3,0
commons-logging - Replace Type,org.apache.commons.logging.impl,WeakHashtable,get,4,1,1
commons-logging - Replace Type,org.apache.commons.logging.impl,WeakHashtable,keys,14,1,0
commons-logging - Replace Type,org.apache.commons.logging.impl,WeakHashtable,hasMoreElements,3,1,0
commons-logging - Replace Type,org.apache.commons.logging.impl,WeakHashtable,nextElement,4,1,0
commons-logging - Replace Type,org.apache.commons.logging.impl,WeakHashtable,keySet,13,3,0
commons-logging - Replace Type,org.apache.commons.logging.impl,WeakHashtable,put,17,5,2
commons-logging - Replace Type,org.apache.commons.logging.impl,WeakHashtable,putAll,9,3,1
commons-logging - Replace Type,org.apache.commons.logging.impl,WeakHashtable,values,4,1,0
commons-logging - Replace Type,org.apache.commons.logging.impl,WeakHashtable,remove,10,3,1
commons-logging - Replace Type,org.apache.commons.logging.impl,WeakHashtable,isEmpty,4,1,0
commons-logging - Replace Type,org.apache.commons.logging.impl,WeakHashtable,size,4,1,0
commons-logging - Replace Type,org.apache.commons.logging.impl,WeakHashtable,toString,4,1,0
commons-logging - Replace Type,org.apache.commons.logging.impl,WeakHashtable,rehash,4,1,0
commons-logging - Replace Type,org.apache.commons.logging.impl,WeakHashtable,purge,13,3,0
commons-logging - Replace Type,org.apache.commons.logging.impl,WeakHashtable,purgeOne,8,2,0
commons-logging - Replace Type,org.apache.commons.logging.impl,WeakHashtable,Entry,4,1,2
commons-logging - Replace Type,org.apache.commons.logging.impl,WeakHashtable,equals,8,2,1
commons-logging - Replace Type,org.apache.commons.logging.impl,WeakHashtable,hashCode,3,1,0
commons-logging - Replace Type,org.apache.commons.logging.impl,WeakHashtable,setValue,3,1,1
commons-logging - Replace Type,org.apache.commons.logging.impl,WeakHashtable,getValue,3,1,0
commons-logging - Replace Type,org.apache.commons.logging.impl,WeakHashtable,getKey,3,1,0
commons-logging - Replace Type,org.apache.commons.logging.impl,WeakHashtable,Referenced,4,1,1
commons-logging - Replace Type,org.apache.commons.logging.impl,WeakHashtable,Referenced,4,1,2
commons-logging - Replace Type,org.apache.commons.logging.impl,WeakHashtable,hashCode,3,1,0
commons-logging - Replace Type,org.apache.commons.logging.impl,WeakHashtable,getValue,3,1,0
commons-logging - Replace Type,org.apache.commons.logging.impl,WeakHashtable,equals,16,3,1
commons-logging - Replace Type,org.apache.commons.logging.impl,WeakHashtable,WeakKey,4,1,3
commons-logging - Replace Type,org.apache.commons.logging.impl,WeakHashtable,getReferenced,3,1,0
commons-logging - Replace Type,org.apache.commons.logging.impl,Entry,Entry,4,1,2
commons-logging - Replace Type,org.apache.commons.logging.impl,Entry,equals,8,2,1
commons-logging - Replace Type,org.apache.commons.logging.impl,Entry,hashCode,3,1,0
commons-logging - Replace Type,org.apache.commons.logging.impl,Entry,setValue,3,1,1
commons-logging - Replace Type,org.apache.commons.logging.impl,Entry,getValue,3,1,0
commons-logging - Replace Type,org.apache.commons.logging.impl,Entry,getKey,3,1,0
commons-logging - Replace Type,org.apache.commons.logging.impl,Referenced,Referenced,4,1,1
commons-logging - Replace Type,org.apache.commons.logging.impl,Referenced,Referenced,4,1,2
commons-logging - Replace Type,org.apache.commons.logging.impl,Referenced,hashCode,3,1,0
commons-logging - Replace Type,org.apache.commons.logging.impl,Referenced,getValue,3,1,0
commons-logging - Replace Type,org.apache.commons.logging.impl,Referenced,equals,16,3,1
commons-logging - Replace Type,org.apache.commons.logging.impl,WeakKey,WeakKey,4,1,3
commons-logging - Replace Type,org.apache.commons.logging.impl,WeakKey,getReferenced,3,1,0
commons-logging - Replace Type,org.apache.commons.logging.impl,WeakHashtableTestCase,WeakHashtableTestCase,3,1,1
commons-logging - Replace Type,org.apache.commons.logging.impl,WeakHashtableTestCase,setUp,13,1,0
commons-logging - Replace Type,org.apache.commons.logging.impl,WeakHashtableTestCase,testContains,9,1,0
commons-logging - Replace Type,org.apache.commons.logging.impl,WeakHashtableTestCase,testContainsKey,9,1,0
commons-logging - Replace Type,org.apache.commons.logging.impl,WeakHashtableTestCase,testContainsValue,9,1,0
commons-logging - Replace Type,org.apache.commons.logging.impl,WeakHashtableTestCase,testElements,10,2,0
commons-logging - Replace Type,org.apache.commons.logging.impl,WeakHashtableTestCase,testEntrySet,19,5,0
commons-logging - Replace Type,org.apache.commons.logging.impl,WeakHashtableTestCase,testGet,6,1,0
commons-logging - Replace Type,org.apache.commons.logging.impl,WeakHashtableTestCase,testKeys,10,2,0
commons-logging - Replace Type,org.apache.commons.logging.impl,WeakHashtableTestCase,testKeySet,7,1,0
commons-logging - Replace Type,org.apache.commons.logging.impl,WeakHashtableTestCase,testPut,21,1,0
commons-logging - Replace Type,org.apache.commons.logging.impl,WeakHashtableTestCase,testPutAll,13,1,0
commons-logging - Replace Type,org.apache.commons.logging.impl,WeakHashtableTestCase,testRemove,5,1,0
commons-logging - Replace Type,org.apache.commons.logging.impl,WeakHashtableTestCase,testValues,7,1,0
commons-logging - Replace Type,org.apache.commons.logging.impl,WeakHashtableTestCase,xxxIgnoretestRelease,29,5,0
commons-logging - Replace Type,org.apache.commons.logging.impl,WeakHashtableTestCase,StupidThread,3,1,1
commons-logging - Replace Type,org.apache.commons.logging.impl,WeakHashtableTestCase,run,8,3,0
commons-logging - Replace Type,org.apache.commons.logging.impl,WeakHashtableTestCase,testLOGGING_119,26,8,0
commons-logging - Replace Type,org.apache.commons.logging.impl,StupidThread,StupidThread,3,1,1
commons-logging - Replace Type,org.apache.commons.logging.impl,StupidThread,run,8,3,0
commons-logging - Replace Type,org.apache.commons.logging,Log,debug,0,1,1
commons-logging - Replace Type,org.apache.commons.logging,Log,debug,0,1,2
commons-logging - Replace Type,org.apache.commons.logging,Log,error,0,1,1
commons-logging - Replace Type,org.apache.commons.logging,Log,error,0,1,2
commons-logging - Replace Type,org.apache.commons.logging,Log,fatal,0,1,1
commons-logging - Replace Type,org.apache.commons.logging,Log,fatal,0,1,2
commons-logging - Replace Type,org.apache.commons.logging,Log,info,0,1,1
commons-logging - Replace Type,org.apache.commons.logging,Log,info,0,1,2
commons-logging - Replace Type,org.apache.commons.logging,Log,isDebugEnabled,0,1,0
commons-logging - Replace Type,org.apache.commons.logging,Log,isErrorEnabled,0,1,0
commons-logging - Replace Type,org.apache.commons.logging,Log,isFatalEnabled,0,1,0
commons-logging - Replace Type,org.apache.commons.logging,Log,isInfoEnabled,0,1,0
commons-logging - Replace Type,org.apache.commons.logging,Log,isTraceEnabled,0,1,0
commons-logging - Replace Type,org.apache.commons.logging,Log,isWarnEnabled,0,1,0
commons-logging - Replace Type,org.apache.commons.logging,Log,trace,0,1,1
commons-logging - Replace Type,org.apache.commons.logging,Log,trace,0,1,2
commons-logging - Replace Type,org.apache.commons.logging,Log,warn,0,1,1
commons-logging - Replace Type,org.apache.commons.logging,Log,warn,0,1,2
commons-logging - Replace Type,org.apache.commons.logging,LogConfigurationException,LogConfigurationException,3,1,0
commons-logging - Replace Type,org.apache.commons.logging,LogConfigurationException,LogConfigurationException,3,1,1
commons-logging - Replace Type,org.apache.commons.logging,LogConfigurationException,LogConfigurationException,3,1,1
commons-logging - Replace Type,org.apache.commons.logging,LogConfigurationException,LogConfigurationException,4,1,2
commons-logging - Replace Type,org.apache.commons.logging,LogConfigurationException,getCause,3,1,0
commons-logging - Replace Type,org.apache.commons.logging,LogFactory,LogFactory,2,1,0
commons-logging - Replace Type,org.apache.commons.logging,LogFactory,getAttribute,0,1,1
commons-logging - Replace Type,org.apache.commons.logging,LogFactory,getAttributeNames,0,1,0
commons-logging - Replace Type,org.apache.commons.logging,LogFactory,getInstance,0,1,1
commons-logging - Replace Type,org.apache.commons.logging,LogFactory,getInstance,0,1,1
commons-logging - Replace Type,org.apache.commons.logging,LogFactory,release,0,1,0
commons-logging - Replace Type,org.apache.commons.logging,LogFactory,removeAttribute,0,1,1
commons-logging - Replace Type,org.apache.commons.logging,LogFactory,setAttribute,0,1,2
commons-logging - Replace Type,org.apache.commons.logging,LogFactory,createFactoryStore,32,5,0
commons-logging - Replace Type,org.apache.commons.logging,LogFactory,trim,6,2,1
commons-logging - Replace Type,org.apache.commons.logging,LogFactory,handleThrowable,8,3,1
commons-logging - Replace Type,org.apache.commons.logging,LogFactory,getFactory,136,33,0
commons-logging - Replace Type,org.apache.commons.logging,LogFactory,getLog,3,1,1
commons-logging - Replace Type,org.apache.commons.logging,LogFactory,getLog,3,1,1
commons-logging - Replace Type,org.apache.commons.logging,LogFactory,release,21,5,1
commons-logging - Replace Type,org.apache.commons.logging,LogFactory,releaseAll,18,4,0
commons-logging - Replace Type,org.apache.commons.logging,LogFactory,getClassLoader,11,2,1
commons-logging - Replace Type,org.apache.commons.logging,LogFactory,getContextClassLoader,3,1,0
commons-logging - Replace Type,org.apache.commons.logging,LogFactory,getContextClassLoaderInternal,8,1,0
commons-logging - Replace Type,org.apache.commons.logging,LogFactory,run,3,1,0
commons-logging - Replace Type,org.apache.commons.logging,LogFactory,directGetContextClassLoader,9,1,0
commons-logging - Replace Type,org.apache.commons.logging,LogFactory,getCachedFactory,8,2,1
commons-logging - Replace Type,org.apache.commons.logging,LogFactory,cacheFactory,10,3,2
commons-logging - Replace Type,org.apache.commons.logging,LogFactory,newFactory,19,4,3
commons-logging - Replace Type,org.apache.commons.logging,LogFactory,run,3,1,0
commons-logging - Replace Type,org.apache.commons.logging,LogFactory,newFactory,3,1,2
commons-logging - Replace Type,org.apache.commons.logging,LogFactory,createFactory,81,15,2
commons-logging - Replace Type,org.apache.commons.logging,LogFactory,implementsLogFactory,32,4,1
commons-logging - Replace Type,org.apache.commons.logging,LogFactory,getResourceAsStream,13,2,2
commons-logging - Replace Type,org.apache.commons.logging,LogFactory,run,8,2,0
commons-logging - Replace Type,org.apache.commons.logging,LogFactory,getResources,26,3,2
commons-logging - Replace Type,org.apache.commons.logging,LogFactory,run,19,3,0
commons-logging - Replace Type,org.apache.commons.logging,LogFactory,getProperties,39,5,1
commons-logging - Replace Type,org.apache.commons.logging,LogFactory,run,33,5,0
commons-logging - Replace Type,org.apache.commons.logging,LogFactory,getConfigurationFile,63,14,2
commons-logging - Replace Type,org.apache.commons.logging,LogFactory,getSystemProperty,8,1,2
commons-logging - Replace Type,org.apache.commons.logging,LogFactory,run,3,1,0
commons-logging - Replace Type,org.apache.commons.logging,LogFactory,initDiagnostics,27,4,0
commons-logging - Replace Type,org.apache.commons.logging,LogFactory,isDiagnosticsEnabled,3,1,0
commons-logging - Replace Type,org.apache.commons.logging,LogFactory,logDiagnostic,7,2,1
commons-logging - Replace Type,org.apache.commons.logging,LogFactory,logRawDiagnostic,6,2,1
commons-logging - Replace Type,org.apache.commons.logging,LogFactory,logClassLoaderEnvironment,23,2,1
commons-logging - Replace Type,org.apache.commons.logging,LogFactory,logHierarchy,39,7,2
commons-logging - Replace Type,org.apache.commons.logging,LogFactory,objectId,8,2,1
commons-logging - Replace Type,org.apache.commons.logging,LogSource,LogSource,2,1,0
commons-logging - Replace Type,org.apache.commons.logging,LogSource,setLogImplementation,11,1,1
commons-logging - Replace Type,org.apache.commons.logging,LogSource,setLogImplementation,5,1,1
commons-logging - Replace Type,org.apache.commons.logging,LogSource,getInstance,8,2,1
commons-logging - Replace Type,org.apache.commons.logging,LogSource,getInstance,3,1,1
commons-logging - Replace Type,org.apache.commons.logging,LogSource,makeNewLogInstance,14,2,1
commons-logging - Replace Type,org.apache.commons.logging,LogSource,getLogNames,3,1,0
commons-logging - Replace Type,org.apache.commons.logging,AbstractLogTest,getLogObject,0,1,0
commons-logging - Replace Type,org.apache.commons.logging,AbstractLogTest,testLoggingWithNullParameters,28,1,0
commons-logging - Replace Type,org.apache.commons.logging,AltHashtable,put,5,1,2
commons-logging - Replace Type,org.apache.commons.logging,AltHashtableTestCase,suite,10,1,0
commons-logging - Replace Type,org.apache.commons.logging,AltHashtableTestCase,setUp,3,1,0
commons-logging - Replace Type,org.apache.commons.logging,AltHashtableTestCase,testType,3,1,0
commons-logging - Replace Type,org.apache.commons.logging,AltHashtableTestCase,testPutCalled,8,1,0
commons-logging - Replace Type,org.apache.commons.logging,BadHashtablePropertyTestCase,testType,3,1,0
commons-logging - Replace Type,org.apache.commons.logging,BadHashtablePropertyTestCase,testPutCalled,3,1,0
commons-logging - Replace Type,org.apache.commons.logging,BasicOperationsTestCase,testIsEnabledClassLog,4,1,0
commons-logging - Replace Type,org.apache.commons.logging,BasicOperationsTestCase,testIsEnabledNamedLog,4,1,0
commons-logging - Replace Type,org.apache.commons.logging,BasicOperationsTestCase,executeIsEnabledTest,14,1,1
commons-logging - Replace Type,org.apache.commons.logging,BasicOperationsTestCase,testMessageWithoutExceptionClassLog,4,1,0
commons-logging - Replace Type,org.apache.commons.logging,BasicOperationsTestCase,testMessageWithoutExceptionNamedLog,4,1,0
commons-logging - Replace Type,org.apache.commons.logging,BasicOperationsTestCase,executeMessageWithoutExceptionTest,14,1,1
commons-logging - Replace Type,org.apache.commons.logging,BasicOperationsTestCase,testMessageWithExceptionClassLog,4,1,0
commons-logging - Replace Type,org.apache.commons.logging,BasicOperationsTestCase,testMessageWithExceptionNamedLog,4,1,0
commons-logging - Replace Type,org.apache.commons.logging,BasicOperationsTestCase,executeMessageWithExceptionTest,14,1,1
commons-logging - Replace Type,org.apache.commons.logging,DummyException,DummyException,2,1,0
commons-logging - Replace Type,org.apache.commons.logging,LoadTestCase,AppClassLoader,3,1,1
commons-logging - Replace Type,org.apache.commons.logging,LoadTestCase,def,22,3,1
commons-logging - Replace Type,org.apache.commons.logging,LoadTestCase,loadClass,8,3,1
commons-logging - Replace Type,org.apache.commons.logging,LoadTestCase,setAllowFlawedContext,5,1,2
commons-logging - Replace Type,org.apache.commons.logging,LoadTestCase,testInContainer,29,1,0
commons-logging - Replace Type,org.apache.commons.logging,LoadTestCase,reload,16,1,0
commons-logging - Replace Type,org.apache.commons.logging,LoadTestCase,execute,3,1,1
commons-logging - Replace Type,org.apache.commons.logging,LoadTestCase,setUp,3,1,0
commons-logging - Replace Type,org.apache.commons.logging,LoadTestCase,tearDown,3,1,0
commons-logging - Replace Type,org.apache.commons.logging,AppClassLoader,AppClassLoader,3,1,1
commons-logging - Replace Type,org.apache.commons.logging,AppClassLoader,def,22,3,1
commons-logging - Replace Type,org.apache.commons.logging,AppClassLoader,loadClass,8,3,1
commons-logging - Replace Type,org.apache.commons.logging,LogTestCase,getLogObject,3,1,0
commons-logging - Replace Type,org.apache.commons.logging,NullClassLoaderTestCase,testSameLogObject,2,1,0
commons-logging - Replace Type,org.apache.commons.logging,PathableClassLoader,PathableClassLoader,3,1,1
commons-logging - Replace Type,org.apache.commons.logging,PathableClassLoader,addURL,3,1,1
commons-logging - Replace Type,org.apache.commons.logging,PathableClassLoader,setParentFirst,3,1,1
commons-logging - Replace Type,org.apache.commons.logging,PathableClassLoader,useSystemLoader,3,1,1
commons-logging - Replace Type,org.apache.commons.logging,PathableClassLoader,useExplicitLoader,6,2,2
commons-logging - Replace Type,org.apache.commons.logging,PathableClassLoader,addLogicalLib,5,2,1
commons-logging - Replace Type,org.apache.commons.logging,PathableClassLoader,addLogicalLib,19,3,1
commons-logging - Replace Type,org.apache.commons.logging,PathableClassLoader,libFromClasspath,28,7,1
commons-logging - Replace Type,org.apache.commons.logging,PathableClassLoader,loadClass,34,8,2
commons-logging - Replace Type,org.apache.commons.logging,PathableClassLoader,getResource,12,3,1
commons-logging - Replace Type,org.apache.commons.logging,PathableClassLoader,getResourcesInOrder,17,3,1
commons-logging - Replace Type,org.apache.commons.logging,PathableClassLoader,toList,10,3,1
commons-logging - Replace Type,org.apache.commons.logging,PathableClassLoader,getResourceAsStream,17,3,1
commons-logging - Replace Type,org.apache.commons.logging,PathableTestSuite,PathableTestSuite,4,1,2
commons-logging - Replace Type,org.apache.commons.logging,PathableTestSuite,runTest,12,1,2
commons-logging - Replace Type,org.apache.commons.logging,SimpleLogTestCase,getLogObject,3,1,0
commons-logging - Replace Type,org.apache.commons.logging,UserClass,setAllowFlawedContext,4,1,1
commons-logging - Replace Type,org.apache.commons.logging,UserClass,UserClass,3,1,0
commons-logging - Replace Type,org.apache.commons.logging.avalon,AvalonLoggerTestCase,suite,5,1,0
commons-logging - Replace Type,org.apache.commons.logging.avalon,AvalonLoggerTestCase,getLogObject,4,1,0
commons-logging - Replace Type,org.apache.commons.logging.config,FirstPriorityConfigTestCase,suite,20,1,0
commons-logging - Replace Type,org.apache.commons.logging.config,FirstPriorityConfigTestCase,setUp,3,1,0
commons-logging - Replace Type,org.apache.commons.logging.config,FirstPriorityConfigTestCase,tearDown,3,1,0
commons-logging - Replace Type,org.apache.commons.logging.config,FirstPriorityConfigTestCase,testPriority,11,1,0
commons-logging - Replace Type,org.apache.commons.logging.config,PriorityConfigTestCase,suite,25,1,0
commons-logging - Replace Type,org.apache.commons.logging.config,PriorityConfigTestCase,setUp,3,1,0
commons-logging - Replace Type,org.apache.commons.logging.config,PriorityConfigTestCase,tearDown,3,1,0
commons-logging - Replace Type,org.apache.commons.logging.config,PriorityConfigTestCase,testPriority,5,1,0
commons-logging - Replace Type,org.apache.commons.logging.jdk14,CustomConfigAPITestCase,CustomConfigAPITestCase,3,1,1
commons-logging - Replace Type,org.apache.commons.logging.jdk14,CustomConfigAPITestCase,suite,13,1,0
commons-logging - Replace Type,org.apache.commons.logging.jdk14,CustomConfigFullTestCase,CustomConfigFullTestCase,3,1,1
commons-logging - Replace Type,org.apache.commons.logging.jdk14,CustomConfigFullTestCase,suite,12,1,0
commons-logging - Replace Type,org.apache.commons.logging.jdk14,CustomConfigTestCase,CustomConfigTestCase,3,1,1
commons-logging - Replace Type,org.apache.commons.logging.jdk14,CustomConfigTestCase,readClass,17,3,2
commons-logging - Replace Type,org.apache.commons.logging.jdk14,CustomConfigTestCase,loadTestHandler,25,1,2
commons-logging - Replace Type,org.apache.commons.logging.jdk14,CustomConfigTestCase,setUp,7,1,0
commons-logging - Replace Type,org.apache.commons.logging.jdk14,CustomConfigTestCase,suite,11,1,0
commons-logging - Replace Type,org.apache.commons.logging.jdk14,CustomConfigTestCase,tearDown,6,1,0
commons-logging - Replace Type,org.apache.commons.logging.jdk14,CustomConfigTestCase,testExceptionMessages,4,1,0
commons-logging - Replace Type,org.apache.commons.logging.jdk14,CustomConfigTestCase,testPlainMessages,4,1,0
commons-logging - Replace Type,org.apache.commons.logging.jdk14,CustomConfigTestCase,testPristineHandlers,6,1,0
commons-logging - Replace Type,org.apache.commons.logging.jdk14,CustomConfigTestCase,testPristineLogger,11,1,0
commons-logging - Replace Type,org.apache.commons.logging.jdk14,CustomConfigTestCase,testSerializable,4,1,0
commons-logging - Replace Type,org.apache.commons.logging.jdk14,CustomConfigTestCase,checkLog,10,1,0
commons-logging - Replace Type,org.apache.commons.logging.jdk14,CustomConfigTestCase,checkLogRecords,25,4,1
commons-logging - Replace Type,org.apache.commons.logging.jdk14,CustomConfigTestCase,logExceptionMessages,9,1,0
commons-logging - Replace Type,org.apache.commons.logging.jdk14,CustomConfigTestCase,logPlainMessages,8,1,0
commons-logging - Replace Type,org.apache.commons.logging.jdk14,CustomConfigTestCase,setUpHandlers,12,2,0
commons-logging - Replace Type,org.apache.commons.logging.jdk14,CustomConfigTestCase,setUpLogger,3,1,1
commons-logging - Replace Type,org.apache.commons.logging.jdk14,CustomConfigTestCase,setUpManager,6,1,1
commons-logging - Replace Type,org.apache.commons.logging.jdk14,DefaultConfigTestCase,DefaultConfigTestCase,3,1,1
commons-logging - Replace Type,org.apache.commons.logging.jdk14,DefaultConfigTestCase,setUp,4,1,0
commons-logging - Replace Type,org.apache.commons.logging.jdk14,DefaultConfigTestCase,suite,8,1,0
commons-logging - Replace Type,org.apache.commons.logging.jdk14,DefaultConfigTestCase,tearDown,5,1,0
commons-logging - Replace Type,org.apache.commons.logging.jdk14,DefaultConfigTestCase,testPristineLog,3,1,0
commons-logging - Replace Type,org.apache.commons.logging.jdk14,DefaultConfigTestCase,testPristineFactory,7,1,0
commons-logging - Replace Type,org.apache.commons.logging.jdk14,DefaultConfigTestCase,testSerializable,11,1,0
commons-logging - Replace Type,org.apache.commons.logging.jdk14,DefaultConfigTestCase,checkLog,10,1,0
commons-logging - Replace Type,org.apache.commons.logging.jdk14,DefaultConfigTestCase,setUpFactory,3,1,0
commons-logging - Replace Type,org.apache.commons.logging.jdk14,DefaultConfigTestCase,setUpLog,3,1,1
commons-logging - Replace Type,org.apache.commons.logging.jdk14,TestHandler,records,3,1,0
commons-logging - Replace Type,org.apache.commons.logging.jdk14,TestHandler,close,2,1,0
commons-logging - Replace Type,org.apache.commons.logging.jdk14,TestHandler,flush,3,1,0
commons-logging - Replace Type,org.apache.commons.logging.jdk14,TestHandler,publish,3,1,1
commons-logging - Replace Type,org.apache.commons.logging.log4j.log4j12,ApiClasspathStandardTestCase,suite,11,1,0
commons-logging - Replace Type,org.apache.commons.logging.log4j.log4j12,AppClasspathStandardTestCase,suite,9,1,0
commons-logging - Replace Type,org.apache.commons.logging.log4j.log4j12,ChildClasspathStandardTestCase,suite,10,1,0
commons-logging - Replace Type,org.apache.commons.logging.log4j.log4j12,Log4j12StandardTests,setUpTestAppender,7,1,1
commons-logging - Replace Type,org.apache.commons.logging.log4j.log4j12,ParentClasspathStandardTestCase,suite,10,1,0
commons-logging - Replace Type,org.apache.commons.logging.log4j.log4j12,TestAppender,TestAppender,3,1,1
commons-logging - Replace Type,org.apache.commons.logging.log4j.log4j12,TestAppender,append,17,3,1
commons-logging - Replace Type,org.apache.commons.logging.log4j.log4j12,TestAppender,close,2,1,0
commons-logging - Replace Type,org.apache.commons.logging.log4j.log4j12,TestAppender,requiresLayout,3,1,0
commons-logging - Replace Type,org.apache.commons.logging.log4j,StandardTests,setUp,3,1,0
commons-logging - Replace Type,org.apache.commons.logging.log4j,StandardTests,tearDown,3,1,0
commons-logging - Replace Type,org.apache.commons.logging.log4j,StandardTests,setUpTestAppender,0,1,1
commons-logging - Replace Type,org.apache.commons.logging.log4j,StandardTests,testCreateFactory,8,1,0
commons-logging - Replace Type,org.apache.commons.logging.log4j,StandardTests,testPlainMessages,7,1,0
commons-logging - Replace Type,org.apache.commons.logging.log4j,StandardTests,testExceptionMessages,7,1,0
commons-logging - Replace Type,org.apache.commons.logging.log4j,StandardTests,testSerializable,15,1,0
commons-logging - Replace Type,org.apache.commons.logging.log4j,StandardTests,checkLoggingEvents,20,1,2
commons-logging - Replace Type,org.apache.commons.logging.log4j,StandardTests,logPlainMessages,8,1,1
commons-logging - Replace Type,org.apache.commons.logging.log4j,StandardTests,logExceptionMessages,9,1,1
commons-logging - Replace Type,org.apache.commons.logging.logkit,StandardTestCase,suite,10,1,0
commons-logging - Replace Type,org.apache.commons.logging.logkit,StandardTestCase,setUp,6,1,0
commons-logging - Replace Type,org.apache.commons.logging.logkit,StandardTestCase,tearDown,5,1,0
commons-logging - Replace Type,org.apache.commons.logging.logkit,StandardTestCase,getLogObject,3,1,0
commons-logging - Replace Type,org.apache.commons.logging.logkit,StandardTestCase,testPristineFactory,7,1,0
commons-logging - Replace Type,org.apache.commons.logging.logkit,StandardTestCase,testPristineLog,3,1,0
commons-logging - Replace Type,org.apache.commons.logging.logkit,StandardTestCase,testSerializable,12,1,0
commons-logging - Replace Type,org.apache.commons.logging.logkit,StandardTestCase,checkStandard,10,1,0
commons-logging - Replace Type,org.apache.commons.logging.noop,NoOpLogTestCase,setUp,4,1,0
commons-logging - Replace Type,org.apache.commons.logging.noop,NoOpLogTestCase,tearDown,4,1,0
commons-logging - Replace Type,org.apache.commons.logging.noop,NoOpLogTestCase,getLogObject,3,1,0
commons-logging - Replace Type,org.apache.commons.logging.noop,NoOpLogTestCase,testSerializable,13,1,0
commons-logging - Replace Type,org.apache.commons.logging.noop,NoOpLogTestCase,checkLog,10,1,1
commons-logging - Replace Type,org.apache.commons.logging.pathable,ChildFirstTestCase,suite,16,1,0
commons-logging - Replace Type,org.apache.commons.logging.pathable,ChildFirstTestCase,getAncestorCLs,9,2,0
commons-logging - Replace Type,org.apache.commons.logging.pathable,ChildFirstTestCase,testPaths,34,1,0
commons-logging - Replace Type,org.apache.commons.logging.pathable,ChildFirstTestCase,testResource,14,1,0
commons-logging - Replace Type,org.apache.commons.logging.pathable,ChildFirstTestCase,testResources,27,1,0
commons-logging - Replace Type,org.apache.commons.logging.pathable,ChildFirstTestCase,toURLArray,9,2,1
commons-logging - Replace Type,org.apache.commons.logging.pathable,ChildFirstTestCase,testResourceAsStream,13,1,0
commons-logging - Replace Type,org.apache.commons.logging.pathable,GeneralTestCase,suite,9,1,0
commons-logging - Replace Type,org.apache.commons.logging.pathable,GeneralTestCase,checkAndSetProperties,7,1,0
commons-logging - Replace Type,org.apache.commons.logging.pathable,GeneralTestCase,testResetProps1,3,1,0
commons-logging - Replace Type,org.apache.commons.logging.pathable,GeneralTestCase,testResetProps2,3,1,0
commons-logging - Replace Type,org.apache.commons.logging.pathable,GeneralTestCase,checkAndSetContext,6,1,0
commons-logging - Replace Type,org.apache.commons.logging.pathable,GeneralTestCase,testResetContext1,3,1,0
commons-logging - Replace Type,org.apache.commons.logging.pathable,GeneralTestCase,testResetContext2,3,1,0
commons-logging - Replace Type,org.apache.commons.logging.pathable,ParentFirstTestCase,suite,13,1,0
commons-logging - Replace Type,org.apache.commons.logging.pathable,ParentFirstTestCase,getAncestorCLs,9,2,0
commons-logging - Replace Type,org.apache.commons.logging.pathable,ParentFirstTestCase,testPaths,34,1,0
commons-logging - Replace Type,org.apache.commons.logging.pathable,ParentFirstTestCase,testResource,14,1,0
commons-logging - Replace Type,org.apache.commons.logging.pathable,ParentFirstTestCase,testResources,27,1,0
commons-logging - Replace Type,org.apache.commons.logging.pathable,ParentFirstTestCase,toURLArray,9,2,1
commons-logging - Replace Type,org.apache.commons.logging.pathable,ParentFirstTestCase,testResourceAsStream,13,1,0
commons-logging - Replace Type,org.apache.commons.logging.security,DummyClass,DummyClass,4,1,0
commons-logging - Replace Type,org.apache.commons.logging.security,MockSecurityManager,MockSecurityManager,3,1,0
commons-logging - Replace Type,org.apache.commons.logging.security,MockSecurityManager,addPermission,3,1,1
commons-logging - Replace Type,org.apache.commons.logging.security,MockSecurityManager,getUntrustedCodeCount,3,1,0
commons-logging - Replace Type,org.apache.commons.logging.security,MockSecurityManager,checkPermission,49,12,1
commons-logging - Replace Type,org.apache.commons.logging.security,SecurityAllowedTestCase,suite,8,1,0
commons-logging - Replace Type,org.apache.commons.logging.security,SecurityAllowedTestCase,setUp,3,1,0
commons-logging - Replace Type,org.apache.commons.logging.security,SecurityAllowedTestCase,tearDown,3,1,0
commons-logging - Replace Type,org.apache.commons.logging.security,SecurityAllowedTestCase,testAllAllowed,27,1,0
commons-logging - Replace Type,org.apache.commons.logging.security,SecurityForbiddenTestCase,suite,8,1,0
commons-logging - Replace Type,org.apache.commons.logging.security,SecurityForbiddenTestCase,setUp,7,1,0
commons-logging - Replace Type,org.apache.commons.logging.security,SecurityForbiddenTestCase,tearDown,3,1,0
commons-logging - Replace Type,org.apache.commons.logging.security,SecurityForbiddenTestCase,testAllForbidden,26,1,0
commons-logging - Replace Type,org.apache.commons.logging.security,SecurityForbiddenTestCase,testContextClassLoader,17,1,0
commons-logging - Replace Type,org.apache.commons.logging.security,SecurityForbiddenTestCase,loadClass,14,1,2
commons-logging - Replace Type,org.apache.commons.logging.servlet,BasicServletTestCase,suite,15,1,0
commons-logging - Replace Type,org.apache.commons.logging.servlet,BasicServletTestCase,testBasics,4,1,0
commons-logging - Replace Type,org.apache.commons.logging.simple,CustomConfigTestCase,setProperties,4,1,0
commons-logging - Replace Type,org.apache.commons.logging.simple,CustomConfigTestCase,setUp,7,1,0
commons-logging - Replace Type,org.apache.commons.logging.simple,CustomConfigTestCase,suite,9,1,0
commons-logging - Replace Type,org.apache.commons.logging.simple,CustomConfigTestCase,tearDown,4,1,0
commons-logging - Replace Type,org.apache.commons.logging.simple,CustomConfigTestCase,testExceptionMessages,5,1,0
commons-logging - Replace Type,org.apache.commons.logging.simple,CustomConfigTestCase,testPlainMessages,5,1,0
commons-logging - Replace Type,org.apache.commons.logging.simple,CustomConfigTestCase,testSerializable,7,1,0
commons-logging - Replace Type,org.apache.commons.logging.simple,CustomConfigTestCase,checkDecorated,15,1,0
commons-logging - Replace Type,org.apache.commons.logging.simple,CustomConfigTestCase,checkShowDateTime,3,1,0
commons-logging - Replace Type,org.apache.commons.logging.simple,CustomConfigTestCase,checkDecoratedDateTime,3,1,0
commons-logging - Replace Type,org.apache.commons.logging.simple,CustomConfigTestCase,checkExpected,12,2,0
commons-logging - Replace Type,org.apache.commons.logging.simple,CustomConfigTestCase,checkStandard,3,1,0
commons-logging - Replace Type,org.apache.commons.logging.simple,CustomConfigTestCase,logExceptionMessages,14,1,0
commons-logging - Replace Type,org.apache.commons.logging.simple,CustomConfigTestCase,logPlainMessages,13,1,0
commons-logging - Replace Type,org.apache.commons.logging.simple,DateTimeCustomConfigTestCase,suite,9,1,0
commons-logging - Replace Type,org.apache.commons.logging.simple,DateTimeCustomConfigTestCase,setProperties,5,1,0
commons-logging - Replace Type,org.apache.commons.logging.simple,DateTimeCustomConfigTestCase,setUp,3,1,0
commons-logging - Replace Type,org.apache.commons.logging.simple,DateTimeCustomConfigTestCase,checkDecoratedDateTime,7,1,0
commons-logging - Replace Type,org.apache.commons.logging.simple,DateTimeCustomConfigTestCase,checkShowDateTime,3,1,0
commons-logging - Replace Type,org.apache.commons.logging.simple,DecoratedSimpleLog,DecoratedSimpleLog,3,1,1
commons-logging - Replace Type,org.apache.commons.logging.simple,DecoratedSimpleLog,getDateTimeFormatter,3,1,0
commons-logging - Replace Type,org.apache.commons.logging.simple,DecoratedSimpleLog,getDateTimeFormat,3,1,0
commons-logging - Replace Type,org.apache.commons.logging.simple,DecoratedSimpleLog,getLogName,3,1,0
commons-logging - Replace Type,org.apache.commons.logging.simple,DecoratedSimpleLog,getShowDateTime,3,1,0
commons-logging - Replace Type,org.apache.commons.logging.simple,DecoratedSimpleLog,getShowShortName,3,1,0
commons-logging - Replace Type,org.apache.commons.logging.simple,DecoratedSimpleLog,log,4,1,3
commons-logging - Replace Type,org.apache.commons.logging.simple,DecoratedSimpleLog,clearCache,3,1,0
commons-logging - Replace Type,org.apache.commons.logging.simple,DecoratedSimpleLog,getCache,3,1,0
commons-logging - Replace Type,org.apache.commons.logging.simple,DefaultConfigTestCase,suite,9,1,0
commons-logging - Replace Type,org.apache.commons.logging.simple,DefaultConfigTestCase,setProperties,3,1,0
commons-logging - Replace Type,org.apache.commons.logging.simple,DefaultConfigTestCase,setUp,6,1,0
commons-logging - Replace Type,org.apache.commons.logging.simple,DefaultConfigTestCase,tearDown,5,1,0
commons-logging - Replace Type,org.apache.commons.logging.simple,DefaultConfigTestCase,testPristineDecorated,4,1,0
commons-logging - Replace Type,org.apache.commons.logging.simple,DefaultConfigTestCase,testPristineLog,3,1,0
commons-logging - Replace Type,org.apache.commons.logging.simple,DefaultConfigTestCase,testPristineFactory,7,1,0
commons-logging - Replace Type,org.apache.commons.logging.simple,DefaultConfigTestCase,testSerializable,11,1,0
commons-logging - Replace Type,org.apache.commons.logging.simple,DefaultConfigTestCase,checkDecorated,15,1,0
commons-logging - Replace Type,org.apache.commons.logging.simple,DefaultConfigTestCase,checkStandard,11,1,0
commons-logging - Replace Type,org.apache.commons.logging.simple,DefaultConfigTestCase,setUpDecorated,3,1,1
commons-logging - Replace Type,org.apache.commons.logging.simple,DefaultConfigTestCase,setUpFactory,3,1,0
commons-logging - Replace Type,org.apache.commons.logging.simple,DefaultConfigTestCase,setUpLog,3,1,1
commons-logging - Replace Type,org.apache.commons.logging.simple,LogRecord,LogRecord,5,1,3
commons-logging - Replace Type,org.apache.commons.logging.tccl,BadTCCLTestCase,suite,6,1,0
commons-logging - Replace Type,org.apache.commons.logging.tccl,BadTCCLTestCase,testGetLog,4,1,0
commons-logging - Replace Type,org.apache.commons.logging.tccl,NullTCCLTestCase,suite,4,1,0
commons-logging - Replace Type,org.apache.commons.logging.tccl,NullTCCLTestCase,testGetLog,4,1,0
commons-logging - Replace Type,org.apache.commons.logging.tccl.custom,MyLog,MyLog,2,1,1
commons-logging - Replace Type,org.apache.commons.logging.tccl.custom,MyLog,isDebugEnabled,3,1,0
commons-logging - Replace Type,org.apache.commons.logging.tccl.custom,MyLog,isErrorEnabled,3,1,0
commons-logging - Replace Type,org.apache.commons.logging.tccl.custom,MyLog,isFatalEnabled,3,1,0
commons-logging - Replace Type,org.apache.commons.logging.tccl.custom,MyLog,isInfoEnabled,3,1,0
commons-logging - Replace Type,org.apache.commons.logging.tccl.custom,MyLog,isTraceEnabled,3,1,0
commons-logging - Replace Type,org.apache.commons.logging.tccl.custom,MyLog,isWarnEnabled,3,1,0
commons-logging - Replace Type,org.apache.commons.logging.tccl.custom,MyLog,trace,2,1,1
commons-logging - Replace Type,org.apache.commons.logging.tccl.custom,MyLog,trace,2,1,2
commons-logging - Replace Type,org.apache.commons.logging.tccl.custom,MyLog,debug,2,1,1
commons-logging - Replace Type,org.apache.commons.logging.tccl.custom,MyLog,debug,2,1,2
commons-logging - Replace Type,org.apache.commons.logging.tccl.custom,MyLog,info,2,1,1
commons-logging - Replace Type,org.apache.commons.logging.tccl.custom,MyLog,info,2,1,2
commons-logging - Replace Type,org.apache.commons.logging.tccl.custom,MyLog,warn,2,1,1
commons-logging - Replace Type,org.apache.commons.logging.tccl.custom,MyLog,warn,2,1,2
commons-logging - Replace Type,org.apache.commons.logging.tccl.custom,MyLog,error,2,1,1
commons-logging - Replace Type,org.apache.commons.logging.tccl.custom,MyLog,error,2,1,2
commons-logging - Replace Type,org.apache.commons.logging.tccl.custom,MyLog,fatal,2,1,1
commons-logging - Replace Type,org.apache.commons.logging.tccl.custom,MyLog,fatal,2,1,2
commons-logging - Replace Type,org.apache.commons.logging.tccl.custom,MyLogFactoryImpl,getAttribute,3,1,1
commons-logging - Replace Type,org.apache.commons.logging.tccl.custom,MyLogFactoryImpl,getAttributeNames,3,1,0
commons-logging - Replace Type,org.apache.commons.logging.tccl.custom,MyLogFactoryImpl,getInstance,3,1,1
commons-logging - Replace Type,org.apache.commons.logging.tccl.custom,MyLogFactoryImpl,getInstance,3,1,1
commons-logging - Replace Type,org.apache.commons.logging.tccl.custom,MyLogFactoryImpl,release,2,1,0
commons-logging - Replace Type,org.apache.commons.logging.tccl.custom,MyLogFactoryImpl,removeAttribute,2,1,1
commons-logging - Replace Type,org.apache.commons.logging.tccl.custom,MyLogFactoryImpl,setAttribute,2,1,2
commons-logging - Replace Type,org.apache.commons.logging.tccl.log,TcclDisabledTestCase,suite,21,1,0
commons-logging - Replace Type,org.apache.commons.logging.tccl.log,TcclDisabledTestCase,setUp,3,1,0
commons-logging - Replace Type,org.apache.commons.logging.tccl.log,TcclDisabledTestCase,tearDown,3,1,0
commons-logging - Replace Type,org.apache.commons.logging.tccl.log,TcclDisabledTestCase,testLoader,19,1,0
commons-logging - Replace Type,org.apache.commons.logging.tccl.log,TcclDisabledTestCase,testTcclLoading,13,1,0
commons-logging - Replace Type,org.apache.commons.logging.tccl.log,TcclEnabledTestCase,suite,21,1,0
commons-logging - Replace Type,org.apache.commons.logging.tccl.log,TcclEnabledTestCase,setUp,3,1,0
commons-logging - Replace Type,org.apache.commons.logging.tccl.log,TcclEnabledTestCase,tearDown,3,1,0
commons-logging - Replace Type,org.apache.commons.logging.tccl.log,TcclEnabledTestCase,testLoader,19,1,0
commons-logging - Replace Type,org.apache.commons.logging.tccl.log,TcclEnabledTestCase,testTcclLoading,6,1,0
commons-logging - Replace Type,org.apache.commons.logging.tccl.logfactory,TcclDisabledTestCase,suite,21,1,0
commons-logging - Replace Type,org.apache.commons.logging.tccl.logfactory,TcclDisabledTestCase,setUp,3,1,0
commons-logging - Replace Type,org.apache.commons.logging.tccl.logfactory,TcclDisabledTestCase,tearDown,3,1,0
commons-logging - Replace Type,org.apache.commons.logging.tccl.logfactory,TcclDisabledTestCase,testLoader,19,1,0
commons-logging - Replace Type,org.apache.commons.logging.tccl.logfactory,TcclDisabledTestCase,testTcclLoading,11,1,0
commons-logging - Replace Type,org.apache.commons.logging.tccl.logfactory,TcclEnabledTestCase,suite,21,1,0
commons-logging - Replace Type,org.apache.commons.logging.tccl.logfactory,TcclEnabledTestCase,setUp,3,1,0
commons-logging - Replace Type,org.apache.commons.logging.tccl.logfactory,TcclEnabledTestCase,tearDown,3,1,0
commons-logging - Replace Type,org.apache.commons.logging.tccl.logfactory,TcclEnabledTestCase,testLoader,19,1,0
commons-logging - Replace Type,org.apache.commons.logging.tccl.logfactory,TcclEnabledTestCase,testTcclLoading,4,1,0
