Project Name,Package Name,Type Name,NOF,NOPF,NOM,NOPM,LOC,WMC,NC,DIT,LCOM,FANIN,FANOUT
commons-logging - Replace Type,org.apache.commons.logging.impl,AvalonLogger,2,0,22,22,213,35,0,0,0.0,0,0
commons-logging - Replace Type,org.apache.commons.logging.impl,Jdk13LumberjackLogger,7,0,22,20,223,28,0,0,0.0,0,0
commons-logging - Replace Type,org.apache.commons.logging.impl,Jdk14Logger,4,0,21,20,196,25,0,0,0.0,0,0
commons-logging - Replace Type,org.apache.commons.logging.impl,Log4JLogger,5,0,22,22,209,25,0,0,0.0,0,0
commons-logging - Replace Type,org.apache.commons.logging.impl,LogFactoryImpl,24,4,37,11,791,119,0,0,0.16216216216216217,2,3
commons-logging - Replace Type,org.apache.commons.logging.impl,LogKitLogger,3,0,20,20,199,32,0,0,0.0,0,0
commons-logging - Replace Type,org.apache.commons.logging.impl,LogLevelDebugRefactored,0,0,1,1,8,1,0,1,-1.0,0,0
commons-logging - Replace Type,org.apache.commons.logging.impl,LogLevelErrorRefactored,0,0,1,1,8,1,0,1,-1.0,0,0
commons-logging - Replace Type,org.apache.commons.logging.impl,LogLevelFatalRefactored,0,0,1,1,8,1,0,1,-1.0,0,0
commons-logging - Replace Type,org.apache.commons.logging.impl,LogLevelInfoRefactored,0,0,1,1,8,1,0,1,-1.0,0,0
commons-logging - Replace Type,org.apache.commons.logging.impl,LogLevelTraceRefactored,0,0,1,1,8,1,0,1,-1.0,0,0
commons-logging - Replace Type,org.apache.commons.logging.impl,LogLevelWarnRefactored,0,0,1,1,8,1,0,1,-1.0,0,0
commons-logging - Replace Type,org.apache.commons.logging.impl,NoOpLog,1,0,20,20,122,20,0,0,1.0,0,0
commons-logging - Replace Type,org.apache.commons.logging.impl,ServletContextCleaner,1,0,2,2,46,3,0,0,1.0,1,1
commons-logging - Replace Type,org.apache.commons.logging.impl,SimpleLog,20,8,31,22,464,68,0,0,0.06451612903225806,3,1
commons-logging - Replace Type,org.apache.commons.logging.impl,TypeRefactored,0,0,1,1,3,1,6,0,-1.0,0,0
commons-logging - Replace Type,org.apache.commons.logging.impl,WeakHashtable,10,0,32,23,293,50,0,0,0.15625,1,3
commons-logging - Replace Type,org.apache.commons.logging.impl,Entry,2,0,6,5,31,7,0,0,0.0,1,0
commons-logging - Replace Type,org.apache.commons.logging.impl,Referenced,2,0,5,2,43,7,0,0,0.0,3,1
commons-logging - Replace Type,org.apache.commons.logging.impl,WeakKey,1,0,2,0,13,2,0,0,0.0,1,1
commons-logging - Replace Type,org.apache.commons.logging.impl,WeakHashtableTestCase,13,0,18,17,266,37,0,0,0.2222222222222222,0,1
commons-logging - Replace Type,org.apache.commons.logging.impl,StupidThread,0,0,2,2,13,4,0,0,-1.0,0,0
commons-logging - Replace Type,org.apache.commons.logging,Log,0,0,18,0,102,18,0,0,-1.0,18,0
commons-logging - Replace Type,org.apache.commons.logging,LogConfigurationException,2,0,5,5,49,5,0,0,0.6,1,0
commons-logging - Replace Type,org.apache.commons.logging,LogFactory,14,7,44,19,931,154,0,0,0.18181818181818182,25,2
commons-logging - Replace Type,org.apache.commons.logging,LogSource,4,0,7,6,143,9,0,0,0.2857142857142857,1,2
commons-logging - Replace Type,org.apache.commons.logging,AbstractLogTest,0,0,2,2,36,2,2,0,-1.0,0,1
commons-logging - Replace Type,org.apache.commons.logging,AltHashtable,3,2,1,1,13,1,0,0,0.0,1,0
commons-logging - Replace Type,org.apache.commons.logging,AltHashtableTestCase,0,0,4,4,38,4,0,0,-1.0,1,4
commons-logging - Replace Type,org.apache.commons.logging,BadHashtablePropertyTestCase,0,0,2,2,11,2,0,0,-1.0,1,2
commons-logging - Replace Type,org.apache.commons.logging,BasicOperationsTestCase,0,0,9,9,71,9,0,0,-1.0,1,3
commons-logging - Replace Type,org.apache.commons.logging,DummyException,1,0,1,1,8,1,0,0,0.0,0,0
commons-logging - Replace Type,org.apache.commons.logging,LoadTestCase,3,0,9,4,116,13,0,0,0.5555555555555556,1,1
commons-logging - Replace Type,org.apache.commons.logging,AppClassLoader,1,0,3,1,39,7,0,0,0.6666666666666666,1,0
commons-logging - Replace Type,org.apache.commons.logging,LogTestCase,0,0,1,1,5,1,0,1,-1.0,0,1
commons-logging - Replace Type,org.apache.commons.logging,NullClassLoaderTestCase,0,0,1,1,10,1,0,0,-1.0,0,0
commons-logging - Replace Type,org.apache.commons.logging,PathableClassLoader,3,0,13,10,215,38,0,0,0.3076923076923077,26,0
commons-logging - Replace Type,org.apache.commons.logging,PathableTestSuite,1,0,2,2,33,2,0,0,0.0,2,0
commons-logging - Replace Type,org.apache.commons.logging,SimpleLogTestCase,0,0,1,1,5,1,0,1,-1.0,0,0
commons-logging - Replace Type,org.apache.commons.logging,UserClass,0,0,2,2,12,2,0,0,-1.0,0,4
commons-logging - Replace Type,org.apache.commons.logging.avalon,AvalonLoggerTestCase,0,0,2,2,15,2,0,0,-1.0,1,2
commons-logging - Replace Type,org.apache.commons.logging.config,FirstPriorityConfigTestCase,0,0,4,4,54,4,0,0,-1.0,0,2
commons-logging - Replace Type,org.apache.commons.logging.config,PriorityConfigTestCase,0,0,4,4,53,4,0,0,-1.0,0,2
commons-logging - Replace Type,org.apache.commons.logging.jdk14,CustomConfigAPITestCase,0,0,2,2,24,2,0,2,-1.0,0,1
commons-logging - Replace Type,org.apache.commons.logging.jdk14,CustomConfigFullTestCase,0,0,2,2,23,2,0,2,-1.0,0,1
commons-logging - Replace Type,org.apache.commons.logging.jdk14,CustomConfigTestCase,7,0,18,9,222,24,2,1,0.2222222222222222,1,3
commons-logging - Replace Type,org.apache.commons.logging.jdk14,DefaultConfigTestCase,2,0,10,7,85,10,1,0,0.3,0,3
commons-logging - Replace Type,org.apache.commons.logging.jdk14,TestHandler,1,0,4,4,19,4,0,0,0.5,1,0
commons-logging - Replace Type,org.apache.commons.logging.log4j.log4j12,ApiClasspathStandardTestCase,0,0,1,1,19,1,0,0,-1.0,0,1
commons-logging - Replace Type,org.apache.commons.logging.log4j.log4j12,AppClasspathStandardTestCase,0,0,1,1,17,1,0,0,-1.0,0,1
commons-logging - Replace Type,org.apache.commons.logging.log4j.log4j12,ChildClasspathStandardTestCase,0,0,1,1,18,1,0,0,-1.0,0,1
commons-logging - Replace Type,org.apache.commons.logging.log4j.log4j12,Log4j12StandardTests,0,0,1,1,12,1,0,0,-1.0,0,1
commons-logging - Replace Type,org.apache.commons.logging.log4j.log4j12,ParentClasspathStandardTestCase,0,0,1,1,18,1,0,0,-1.0,0,1
commons-logging - Replace Type,org.apache.commons.logging.log4j.log4j12,TestAppender,1,0,4,3,34,6,0,0,0.75,1,1
commons-logging - Replace Type,org.apache.commons.logging.log4j,StandardTests,3,3,10,7,126,10,0,0,0.4,1,3
commons-logging - Replace Type,org.apache.commons.logging.log4j,LogEvent,3,3,0,0,8,0,0,0,-1.0,1,0
commons-logging - Replace Type,org.apache.commons.logging.logkit,StandardTestCase,2,0,8,7,81,8,0,0,0.375,0,3
commons-logging - Replace Type,org.apache.commons.logging.noop,NoOpLogTestCase,0,0,5,4,48,5,0,0,-1.0,0,2
commons-logging - Replace Type,org.apache.commons.logging.pathable,ChildFirstTestCase,0,0,7,5,148,9,0,0,-1.0,1,2
commons-logging - Replace Type,org.apache.commons.logging.pathable,GeneralTestCase,0,0,7,5,60,7,0,0,-1.0,1,2
commons-logging - Replace Type,org.apache.commons.logging.pathable,ParentFirstTestCase,0,0,7,5,145,9,0,0,-1.0,1,2
commons-logging - Replace Type,org.apache.commons.logging.security,DummyClass,0,0,1,1,6,1,0,0,-1.0,1,3
commons-logging - Replace Type,org.apache.commons.logging.security,MockSecurityManager,3,0,4,4,72,15,0,0,0.0,2,0
commons-logging - Replace Type,org.apache.commons.logging.security,SecurityAllowedTestCase,2,0,4,4,59,4,0,0,0.5,0,4
commons-logging - Replace Type,org.apache.commons.logging.security,CustomHashtable,1,0,0,0,6,0,0,0,-1.0,0,0
commons-logging - Replace Type,org.apache.commons.logging.security,SecurityForbiddenTestCase,3,0,6,5,100,6,0,0,0.3333333333333333,0,4
commons-logging - Replace Type,org.apache.commons.logging.security,CustomHashtable,1,0,0,0,6,0,0,0,-1.0,0,0
commons-logging - Replace Type,org.apache.commons.logging.servlet,BasicServletTestCase,0,0,2,2,30,2,0,0,-1.0,0,2
commons-logging - Replace Type,org.apache.commons.logging.simple,CustomConfigTestCase,2,0,14,7,137,15,1,1,0.21428571428571427,0,4
commons-logging - Replace Type,org.apache.commons.logging.simple,DateTimeCustomConfigTestCase,0,0,5,3,47,5,0,2,-1.0,0,1
commons-logging - Replace Type,org.apache.commons.logging.simple,DecoratedSimpleLog,2,0,9,8,38,9,0,0,0.7777777777777778,0,0
commons-logging - Replace Type,org.apache.commons.logging.simple,DefaultConfigTestCase,2,0,13,8,110,13,1,0,0.15384615384615385,0,4
commons-logging - Replace Type,org.apache.commons.logging.simple,LogRecord,4,3,1,1,14,1,0,0,0.0,1,0
commons-logging - Replace Type,org.apache.commons.logging.tccl,BadTCCLTestCase,0,0,2,2,18,2,0,0,-1.0,1,5
commons-logging - Replace Type,org.apache.commons.logging.tccl,NullTCCLTestCase,0,0,2,2,16,2,0,0,-1.0,1,4
commons-logging - Replace Type,org.apache.commons.logging.tccl.custom,MyLog,0,0,19,19,46,19,0,0,-1.0,0,0
commons-logging - Replace Type,org.apache.commons.logging.tccl.custom,MyLogFactoryImpl,0,0,7,7,20,7,0,0,-1.0,0,0
commons-logging - Replace Type,org.apache.commons.logging.tccl.log,TcclDisabledTestCase,2,2,5,5,81,5,0,0,0.8,0,3
commons-logging - Replace Type,org.apache.commons.logging.tccl.log,TcclEnabledTestCase,2,2,5,5,74,5,0,0,0.8,0,3
commons-logging - Replace Type,org.apache.commons.logging.tccl.logfactory,TcclDisabledTestCase,2,2,5,5,79,5,0,0,0.8,0,2
commons-logging - Replace Type,org.apache.commons.logging.tccl.logfactory,TcclEnabledTestCase,0,0,5,5,70,5,0,0,-1.0,0,2
