Project Name,Package Name,Type Name,NOF,NOPF,NOM,NOPM,LOC,WMC,NC,DIT,LCOM,FANIN,FANOUT
commons-codec - Replace Type,org.apache.commons.codec.binary,Base32,14,0,11,9,332,43,0,1,0.5454545454545454,1,2
commons-codec - Replace Type,org.apache.commons.codec.binary,Base32InputStream,0,0,3,3,33,3,0,1,-1.0,1,0
commons-codec - Replace Type,org.apache.commons.codec.binary,Base32OutputStream,0,0,3,3,33,3,0,1,-1.0,0,0
commons-codec - Replace Type,org.apache.commons.codec.binary,Base64,13,0,26,22,444,60,0,1,0.23076923076923078,5,3
commons-codec - Replace Type,org.apache.commons.codec.binary,Base64InputStream,0,0,3,3,33,3,0,1,-1.0,1,0
commons-codec - Replace Type,org.apache.commons.codec.binary,Base64OutputStream,0,0,3,3,33,3,0,1,-1.0,0,0
commons-codec - Replace Type,org.apache.commons.codec.binary,BaseNCodec,21,2,26,12,375,46,2,0,0.2692307692307692,11,3
commons-codec - Replace Type,org.apache.commons.codec.binary,Context,8,0,2,1,47,2,0,0,1.0,6,0
commons-codec - Replace Type,org.apache.commons.codec.binary,BaseNCodecInputStream,4,0,8,7,124,20,2,0,0.75,0,2
commons-codec - Replace Type,org.apache.commons.codec.binary,BaseNCodecOutputStream,4,0,7,6,101,16,2,0,0.0,0,2
commons-codec - Replace Type,org.apache.commons.codec.binary,BinaryCodec,11,0,11,10,214,33,0,0,0.18181818181818182,2,1
commons-codec - Replace Type,org.apache.commons.codec.binary,CharSequenceUtils,0,0,1,0,39,6,0,0,-1.0,1,0
commons-codec - Replace Type,org.apache.commons.codec.binary,Hex,5,2,25,22,311,34,0,0,0.36,8,3
commons-codec - Replace Type,org.apache.commons.codec.binary,StringUtils,0,0,20,16,250,27,0,0,-1.0,20,3
commons-codec - Replace Type,org.apache.commons.codec.binary,Base32InputStreamTest,4,0,19,16,310,27,0,0,0.15789473684210525,0,4
commons-codec - Replace Type,org.apache.commons.codec.binary,Base32OutputStreamTest,2,0,9,6,182,17,0,0,0.3333333333333333,0,3
commons-codec - Replace Type,org.apache.commons.codec.binary,Base32Test,6,0,17,16,133,33,0,0,0.4117647058823529,0,5
commons-codec - Replace Type,org.apache.commons.codec.binary,Base32TestData,4,0,6,0,83,13,0,0,0.5,4,2
commons-codec - Replace Type,org.apache.commons.codec.binary,Base64Codec13Test,3,0,12,8,433,28,0,0,0.0,1,7
commons-codec - Replace Type,org.apache.commons.codec.binary,Base64InputStreamTest,4,0,22,19,372,30,0,0,0.2727272727272727,0,4
commons-codec - Replace Type,org.apache.commons.codec.binary,Base64OutputStreamTest,3,0,10,7,221,18,0,0,0.4,0,3
commons-codec - Replace Type,org.apache.commons.codec.binary,Base64Test,2,0,62,57,953,70,0,0,0.6290322580645161,0,6
commons-codec - Replace Type,org.apache.commons.codec.binary,Base64TestData,8,3,6,0,87,13,0,0,0.5,4,2
commons-codec - Replace Type,org.apache.commons.codec.binary,BaseNCodecTest,1,0,14,8,66,14,0,0,0.5714285714285714,0,2
commons-codec - Replace Type,org.apache.commons.codec.binary,BinaryCodecTest,10,0,16,15,1063,18,0,0,0.0,0,2
commons-codec - Replace Type,org.apache.commons.codec.binary,Codec105ErrorInputStream,2,0,2,2,22,4,0,0,0.0,0,0
commons-codec - Replace Type,org.apache.commons.codec.binary,HexTest,2,0,50,44,324,58,0,0,0.84,0,3
commons-codec - Replace Type,org.apache.commons.codec.binary,StringUtilsTest,4,0,23,21,163,23,0,0,0.391304347826087,0,1
commons-codec - Replace Type,org.apache.commons.codec,BinaryDecoder,0,0,1,0,13,1,0,1,-1.0,1,0
commons-codec - Replace Type,org.apache.commons.codec,BinaryEncoder,0,0,1,0,13,1,0,1,-1.0,2,0
commons-codec - Replace Type,org.apache.commons.codec,CharEncoding,6,6,0,0,38,0,0,0,-1.0,11,0
commons-codec - Replace Type,org.apache.commons.codec,Charsets,6,6,2,2,55,2,0,0,1.0,22,1
commons-codec - Replace Type,org.apache.commons.codec,Decoder,0,0,1,0,13,1,2,0,-1.0,1,0
commons-codec - Replace Type,org.apache.commons.codec,DecoderException,1,0,4,4,42,4,0,0,1.0,1,0
commons-codec - Replace Type,org.apache.commons.codec,Encoder,0,0,1,0,13,1,2,0,-1.0,2,0
commons-codec - Replace Type,org.apache.commons.codec,EncoderException,1,0,4,4,42,4,0,0,1.0,1,0
commons-codec - Replace Type,org.apache.commons.codec,Resources,0,0,1,1,18,2,0,0,-1.0,3,0
commons-codec - Replace Type,org.apache.commons.codec,StringDecoder,0,0,1,0,13,1,0,1,-1.0,0,0
commons-codec - Replace Type,org.apache.commons.codec,StringEncoder,0,0,1,0,13,1,0,1,-1.0,3,0
commons-codec - Replace Type,org.apache.commons.codec,StringEncoderComparator,1,0,3,3,43,3,0,0,0.0,1,1
commons-codec - Replace Type,org.apache.commons.codec,BinaryEncoderAbstractTest,0,0,3,2,19,3,0,0,-1.0,0,1
commons-codec - Replace Type,org.apache.commons.codec,CharEncodingTest,0,0,7,7,30,7,0,0,-1.0,0,1
commons-codec - Replace Type,org.apache.commons.codec,CharsetsTest,0,0,7,7,30,7,0,0,-1.0,0,1
commons-codec - Replace Type,org.apache.commons.codec,DecoderExceptionTest,2,0,4,4,28,4,0,0,0.5,0,1
commons-codec - Replace Type,org.apache.commons.codec,EncoderExceptionTest,2,0,4,4,28,4,0,0,0.5,0,1
commons-codec - Replace Type,org.apache.commons.codec,StringEncoderAbstractTest,1,0,9,6,78,14,0,0,0.2222222222222222,0,2
commons-codec - Replace Type,org.apache.commons.codec,StringEncoderComparatorTest,0,0,3,3,26,4,0,0,-1.0,0,1
commons-codec - Replace Type,org.apache.commons.codec.cli,Digest,3,0,10,2,96,24,0,0,0.0,0,3
commons-codec - Replace Type,org.apache.commons.codec.digest,B64,2,0,3,0,52,5,0,0,0.6666666666666666,5,1
commons-codec - Replace Type,org.apache.commons.codec.digest,Crypt,0,0,4,4,63,8,0,0,-1.0,6,5
commons-codec - Replace Type,org.apache.commons.codec.digest,DigestUtils,2,0,103,103,1001,104,0,0,0.32038834951456313,6,4
commons-codec - Replace Type,org.apache.commons.codec.digest,HmacUtils,2,0,58,57,671,61,0,0,0.603448275862069,3,3
commons-codec - Replace Type,org.apache.commons.codec.digest,Md5Crypt,4,0,10,10,214,21,0,0,0.2,4,4
commons-codec - Replace Type,org.apache.commons.codec.digest,MessageDigestAlgorithms,11,11,2,1,76,2,0,0,1.0,5,0
commons-codec - Replace Type,org.apache.commons.codec.digest,PureJavaCrc32,2,0,6,5,57,14,0,0,0.0,1,0
commons-codec - Replace Type,org.apache.commons.codec.digest,PureJavaCrc32C,10,0,5,5,71,13,0,0,0.0,1,0
commons-codec - Replace Type,org.apache.commons.codec.digest,Sha2Crypt,9,0,7,6,277,28,0,0,0.0,4,5
commons-codec - Replace Type,org.apache.commons.codec.digest,UnixCrypt,6,0,12,4,215,24,0,0,0.5833333333333334,3,3
commons-codec - Replace Type,org.apache.commons.codec.digest,XXHash32,13,0,10,6,136,20,0,0,0.2,2,1
commons-codec - Replace Type,org.apache.commons.codec.digest,Apr1CryptTest,0,0,9,9,51,9,0,0,-1.0,0,2
commons-codec - Replace Type,org.apache.commons.codec.digest,B64Test,0,0,2,2,12,2,0,0,-1.0,0,1
commons-codec - Replace Type,org.apache.commons.codec.digest,CryptTest,0,0,4,4,20,4,0,0,-1.0,0,1
commons-codec - Replace Type,org.apache.commons.codec.digest,DigestUtilsTest,2,0,35,31,239,36,0,0,0.37142857142857144,2,4
commons-codec - Replace Type,org.apache.commons.codec.digest,HmacAlgorithmsTest,21,0,20,20,104,21,0,0,0.15,1,2
commons-codec - Replace Type,org.apache.commons.codec.digest,HmacUtilsTest,0,0,23,23,124,23,0,0,-1.0,0,4
commons-codec - Replace Type,org.apache.commons.codec.digest,Md5CryptTest,0,0,8,8,36,8,0,0,-1.0,0,3
commons-codec - Replace Type,org.apache.commons.codec.digest,MessageDigestAlgorithmsTest,2,0,15,11,92,22,0,0,0.2,1,4
commons-codec - Replace Type,org.apache.commons.codec.digest,PureJavaCrc32CTest,2,0,5,4,37,9,0,0,0.0,0,1
commons-codec - Replace Type,org.apache.commons.codec.digest,PureJavaCrc32Test,10,2,15,5,276,50,0,0,0.5333333333333333,0,4
commons-codec - Replace Type,org.apache.commons.codec.digest,Table,1,0,4,2,85,16,0,0,0.0,2,1
commons-codec - Replace Type,org.apache.commons.codec.digest,PerformanceTest,7,2,8,2,139,26,0,0,0.0,2,2
commons-codec - Replace Type,org.apache.commons.codec.digest,BenchResult,2,0,1,0,14,1,0,0,0.0,2,0
commons-codec - Replace Type,org.apache.commons.codec.digest,Sha256CryptTest,0,0,8,8,41,8,0,0,-1.0,0,3
commons-codec - Replace Type,org.apache.commons.codec.digest,Sha2CryptTest,0,0,1,1,5,1,0,0,-1.0,0,0
commons-codec - Replace Type,org.apache.commons.codec.digest,Sha512CryptTest,0,0,10,10,44,10,0,0,-1.0,0,3
commons-codec - Replace Type,org.apache.commons.codec.digest,UnixCryptTest,0,0,9,9,48,9,0,0,-1.0,0,3
commons-codec - Replace Type,org.apache.commons.codec.digest,XXHash32Test,2,0,5,3,45,7,0,0,0.4,1,2
commons-codec - Replace Type,org.apache.commons.codec.language,AbstractCaverphone,0,0,3,3,36,4,2,0,-1.0,0,0
commons-codec - Replace Type,org.apache.commons.codec.language,Caverphone,1,0,5,5,57,6,0,0,0.4,0,1
commons-codec - Replace Type,org.apache.commons.codec.language,Caverphone1,1,0,1,1,78,2,0,1,0.0,1,0
commons-codec - Replace Type,org.apache.commons.codec.language,Caverphone2,1,0,1,1,81,2,0,1,0.0,2,0
commons-codec - Replace Type,org.apache.commons.codec.language,ColognePhonetic,11,0,20,14,214,47,0,0,0.15,2,3
commons-codec - Replace Type,org.apache.commons.codec.language,CologneBuffer,2,0,5,4,22,5,2,0,0.0,0,0
commons-codec - Replace Type,org.apache.commons.codec.language,CologneOutputBuffer,0,0,3,2,14,3,0,1,-1.0,1,0
commons-codec - Replace Type,org.apache.commons.codec.language,CologneInputBuffer,0,0,6,4,25,6,0,1,-1.0,1,0
commons-codec - Replace Type,org.apache.commons.codec.language,DaitchMokotoffSoundex,16,0,23,16,364,63,0,0,0.43478260869565216,1,4
commons-codec - Replace Type,org.apache.commons.codec.language,Branch,3,0,7,6,66,13,0,0,0.0,2,1
commons-codec - Replace Type,org.apache.commons.codec.language,Rule,4,0,6,4,38,8,0,0,0.0,1,0
commons-codec - Replace Type,org.apache.commons.codec.language,DoubleMetaphone,9,0,50,21,869,181,0,0,0.1,1,2
commons-codec - Replace Type,org.apache.commons.codec.language,DoubleMetaphoneResult,3,0,12,12,64,16,0,0,0.16666666666666666,1,0
commons-codec - Replace Type,org.apache.commons.codec.language,MatchRatingApproachEncoder,14,0,11,3,240,35,0,0,0.18181818181818182,0,0
commons-codec - Replace Type,org.apache.commons.codec.language,Metaphone,4,0,12,7,329,82,0,0,0.16666666666666666,0,0
commons-codec - Replace Type,org.apache.commons.codec.language,Nysiis,19,0,8,6,178,29,0,0,0.25,2,2
commons-codec - Replace Type,org.apache.commons.codec.language,RefinedSoundex,4,2,8,7,119,15,0,0,0.25,2,2
commons-codec - Replace Type,org.apache.commons.codec.language,Soundex,9,5,12,10,195,22,0,0,0.25,2,2
commons-codec - Replace Type,org.apache.commons.codec.language,SoundexUtils,0,0,3,0,64,10,0,0,-1.0,5,2
commons-codec - Replace Type,org.apache.commons.codec.language,Caverphone1Test,0,0,6,5,46,6,0,0,-1.0,0,1
commons-codec - Replace Type,org.apache.commons.codec.language,Caverphone2Test,0,0,10,9,68,10,0,0,-1.0,0,1
commons-codec - Replace Type,org.apache.commons.codec.language,ColognePhoneticTest,2,0,16,14,84,22,0,0,0.6875,1,2
commons-codec - Replace Type,org.apache.commons.codec.language,DaitchMokotoffSoundexTest,0,0,13,10,99,13,0,0,-1.0,0,0
commons-codec - Replace Type,org.apache.commons.codec.language,DoubleMetaphone2Test,3,0,4,2,34,5,0,0,0.5,0,0
commons-codec - Replace Type,org.apache.commons.codec.language,DoubleMetaphoneTest,2,0,18,16,200,29,0,0,0.5555555555555556,0,1
commons-codec - Replace Type,org.apache.commons.codec.language,MatchRatingApproachEncoderTest,0,0,93,92,284,93,0,0,-1.0,0,0
commons-codec - Replace Type,org.apache.commons.codec.language,MetaphoneTest,0,0,34,33,199,41,0,0,-1.0,0,0
commons-codec - Replace Type,org.apache.commons.codec.language,NysiisTest,1,0,22,19,129,24,0,0,0.5909090909090909,0,1
commons-codec - Replace Type,org.apache.commons.codec.language,RefinedSoundexTest,0,0,7,6,50,7,0,0,-1.0,0,1
commons-codec - Replace Type,org.apache.commons.codec.language,SoundexTest,0,0,28,27,246,30,0,0,-1.0,0,2
commons-codec - Replace Type,org.apache.commons.codec.language.bm,BeiderMorseEncoder,1,0,9,9,72,11,0,0,0.2222222222222222,1,1
commons-codec - Replace Type,org.apache.commons.codec.language.bm,Lang,7,0,7,5,116,17,0,0,0.2857142857142857,3,3
commons-codec - Replace Type,org.apache.commons.codec.language.bm,LangRule,3,0,2,1,13,2,0,0,0.0,0,0
commons-codec - Replace Type,org.apache.commons.codec.language.bm,Languages,6,3,35,31,179,47,0,0,0.6857142857142857,9,4
commons-codec - Replace Type,org.apache.commons.codec.language.bm,LanguageSet,0,0,7,6,14,7,1,0,-1.0,7,1
commons-codec - Replace Type,org.apache.commons.codec.language.bm,SomeLanguages,1,0,9,8,61,16,0,1,0.0,2,2
commons-codec - Replace Type,org.apache.commons.codec.language.bm,PhoneticEngine,14,0,23,19,348,58,0,0,0.08695652173913043,5,7
commons-codec - Replace Type,org.apache.commons.codec.language.bm,PhonemeBuilder,1,0,7,5,76,15,0,0,0.2857142857142857,2,3
commons-codec - Replace Type,org.apache.commons.codec.language.bm,RulesApplication,6,0,5,5,56,10,0,0,0.0,1,1
commons-codec - Replace Type,org.apache.commons.codec.language.bm,ResourceConstants,4,0,0,0,11,0,0,0,-1.0,3,1
commons-codec - Replace Type,org.apache.commons.codec.language.bm,Rule,16,3,46,33,499,94,0,0,0.30434782608695654,5,8
commons-codec - Replace Type,org.apache.commons.codec.language.bm,Phoneme,3,1,11,11,67,15,0,1,0.18181818181818182,2,3
commons-codec - Replace Type,org.apache.commons.codec.language.bm,PhonemeExpr,0,0,1,0,3,1,2,0,-1.0,1,0
commons-codec - Replace Type,org.apache.commons.codec.language.bm,PhonemeList,1,0,2,2,9,2,0,1,0.0,0,0
commons-codec - Replace Type,org.apache.commons.codec.language.bm,RPattern,0,0,1,0,6,1,0,0,-1.0,1,0
commons-codec - Replace Type,org.apache.commons.codec.language.bm,BeiderMorseEncoderTest,1,0,21,18,141,30,0,0,0.5238095238095238,0,4
commons-codec - Replace Type,org.apache.commons.codec.language.bm,CacheSubSequencePerformanceTest,0,0,7,4,50,14,0,0,-1.0,0,0
commons-codec - Replace Type,org.apache.commons.codec.language.bm,LanguageGuessingTest,3,0,3,3,20,3,0,0,0.0,0,2
commons-codec - Replace Type,org.apache.commons.codec.language.bm,PhoneticEnginePerformanceTest,1,0,1,1,16,2,0,0,0.0,0,1
commons-codec - Replace Type,org.apache.commons.codec.language.bm,PhoneticEngineRegressionTest,0,0,5,4,154,7,0,0,-1.0,1,3
commons-codec - Replace Type,org.apache.commons.codec.language.bm,PhoneticEngineTest,7,0,3,3,40,5,0,0,0.0,0,1
commons-codec - Replace Type,org.apache.commons.codec.language.bm,RuleTest,0,0,6,5,99,13,0,0,-1.0,0,2
commons-codec - Replace Type,org.apache.commons.codec.language.bm,NegativeIntegerBaseMatcher,0,0,2,2,8,2,0,0,-1.0,0,0
commons-codec - Replace Type,org.apache.commons.codec.net,BCodec,1,0,14,11,163,24,0,1,0.5714285714285714,1,2
commons-codec - Replace Type,org.apache.commons.codec.net,PercentCodec,5,0,15,6,201,37,0,0,0.0,1,1
commons-codec - Replace Type,org.apache.commons.codec.net,QCodec,5,0,16,13,254,34,0,1,0.4375,1,2
commons-codec - Replace Type,org.apache.commons.codec.net,QuotedPrintableCodec,9,0,24,20,380,51,0,0,0.125,3,4
commons-codec - Replace Type,org.apache.commons.codec.net,RFC1522Codec,3,0,6,0,117,14,3,0,0.0,0,1
commons-codec - Replace Type,org.apache.commons.codec.net,URLCodec,4,0,14,14,256,34,0,0,0.14285714285714285,2,4
commons-codec - Replace Type,org.apache.commons.codec.net,Utils,1,0,2,0,32,3,0,0,0.0,3,0
commons-codec - Replace Type,org.apache.commons.codec.net,BCodecTest,2,0,10,9,88,12,0,0,0.9,0,2
commons-codec - Replace Type,org.apache.commons.codec.net,PercentCodecTest,0,0,12,12,94,12,0,0,-1.0,0,1
commons-codec - Replace Type,org.apache.commons.codec.net,QCodecTest,2,0,13,12,118,15,0,0,0.9230769230769231,0,2
commons-codec - Replace Type,org.apache.commons.codec.net,QuotedPrintableCodecTest,2,0,22,21,205,24,0,0,0.9545454545454546,0,3
commons-codec - Replace Type,org.apache.commons.codec.net,RFC1522CodecTest,0,0,6,2,45,6,0,0,-1.0,0,2
commons-codec - Replace Type,org.apache.commons.codec.net,RFC1522TestCodec,0,0,3,0,11,3,0,1,-1.0,1,0
commons-codec - Replace Type,org.apache.commons.codec.net,URLCodecTest,2,0,18,16,197,21,0,0,0.2222222222222222,0,3
commons-codec - Replace Type,org.apache.commons.codec.net,UtilsTest,0,0,1,1,13,1,0,0,-1.0,0,0
