Project Name,Package Name,Type Name,NOF,NOPF,NOM,NOPM,LOC,WMC,NC,DIT,LCOM,FANIN,FANOUT
quartz-1.8.3,org.quartz.examples.example1,HelloJob,1,0,2,2,19,2,0,0,1.0,0,1
quartz-1.8.3,org.quartz.examples.example1,SimpleExample,0,0,2,2,34,2,0,0,-1.0,1,6
quartz-1.8.3,org.quartz.examples.example10,PlugInExample,0,0,2,2,31,2,0,0,-1.0,1,4
quartz-1.8.3,org.quartz.examples.example10,SimpleJob,1,0,2,2,30,4,0,0,1.0,0,1
quartz-1.8.3,org.quartz.examples.example11,LoadExample,1,0,3,3,55,7,0,0,0.0,1,7
quartz-1.8.3,org.quartz.examples.example11,SimpleJob,2,1,2,2,28,2,0,0,1.0,1,1
quartz-1.8.3,org.quartz.examples.example12,RemoteClientExample,0,0,2,2,22,2,0,0,-1.0,1,6
quartz-1.8.3,org.quartz.examples.example12,RemoteServerExample,0,0,2,2,34,2,0,0,-1.0,1,4
quartz-1.8.3,org.quartz.examples.example12,SimpleJob,2,1,2,2,23,2,0,0,1.0,0,1
quartz-1.8.3,org.quartz.examples.example13,ClusterExample,1,0,3,3,98,12,0,0,0.0,1,5
quartz-1.8.3,org.quartz.examples.example13,SimpleRecoveryJob,2,0,2,2,43,4,1,0,1.0,0,2
quartz-1.8.3,org.quartz.examples.example13,SimpleRecoveryStatefulJob,0,0,1,1,9,1,0,1,-1.0,0,0
quartz-1.8.3,org.quartz.examples.example14,PriorityExample,0,0,2,2,42,2,0,0,-1.0,1,5
quartz-1.8.3,org.quartz.examples.example14,TriggerEchoJob,1,0,2,2,18,2,0,0,1.0,0,1
quartz-1.8.3,org.quartz.examples.example15,ClusterExample,1,0,3,3,97,12,0,0,0.0,1,5
quartz-1.8.3,org.quartz.examples.example15,SimpleRecoveryJob,2,0,2,2,43,4,1,0,1.0,0,2
quartz-1.8.3,org.quartz.examples.example15,SimpleRecoveryStatefulJob,0,0,1,1,9,1,0,1,-1.0,0,0
quartz-1.8.3,org.quartz.examples.example2,SimpleJob,1,0,2,2,20,2,0,0,1.0,0,1
quartz-1.8.3,org.quartz.examples.example2,SimpleTriggerExample,0,0,2,2,79,2,0,0,-1.0,1,7
quartz-1.8.3,org.quartz.examples.example3,CronTriggerExample,0,0,2,2,67,2,0,0,-1.0,1,6
quartz-1.8.3,org.quartz.examples.example3,SimpleJob,1,0,2,2,20,2,0,0,1.0,0,1
quartz-1.8.3,org.quartz.examples.example4,ColorJob,4,2,2,2,29,2,0,0,1.0,1,2
quartz-1.8.3,org.quartz.examples.example4,JobStateExample,0,0,2,2,45,2,0,0,-1.0,1,8
quartz-1.8.3,org.quartz.examples.example5,MisfireExample,0,0,2,2,43,2,0,0,-1.0,1,8
quartz-1.8.3,org.quartz.examples.example5,MisfireJob,3,2,2,2,33,3,0,0,1.0,1,2
quartz-1.8.3,org.quartz.examples.example5,StatefulDumbJob,2,2,2,2,34,4,0,0,1.0,0,2
quartz-1.8.3,org.quartz.examples.example6,BadJob1,1,0,2,2,31,2,0,0,1.0,0,2
quartz-1.8.3,org.quartz.examples.example6,BadJob2,1,0,2,2,31,2,0,0,1.0,0,2
quartz-1.8.3,org.quartz.examples.example6,JobExceptionExample,0,0,2,2,40,2,0,0,-1.0,1,7
quartz-1.8.3,org.quartz.examples.example7,DumbInterruptableJob,3,0,3,3,49,5,0,0,0.6666666666666666,0,1
quartz-1.8.3,org.quartz.examples.example7,InterruptExample,0,0,2,2,39,3,0,0,-1.0,1,7
quartz-1.8.3,org.quartz.examples.example8,CalendarExample,0,0,2,2,44,2,0,0,-1.0,1,8
quartz-1.8.3,org.quartz.examples.example8,SimpleJob,1,0,2,2,20,2,0,0,1.0,0,1
quartz-1.8.3,org.quartz.examples.example9,Job1Listener,1,0,4,4,27,4,0,0,0.5,0,5
quartz-1.8.3,org.quartz.examples.example9,ListenerExample,0,0,2,2,36,2,0,0,-1.0,1,7
quartz-1.8.3,org.quartz.examples.example9,SimpleJob1,1,0,2,2,20,2,0,0,1.0,0,1
quartz-1.8.3,org.quartz.examples.example9,SimpleJob2,1,0,2,2,20,2,0,0,1.0,0,1
quartz-1.8.3,org.quartz,Calendar,1,0,7,0,34,7,0,0,-1.0,30,1
quartz-1.8.3,org.quartz,CriticalSchedulerException,0,0,1,1,13,1,0,1,-1.0,0,0
quartz-1.8.3,org.quartz,CronExpression,28,0,31,12,1186,234,1,0,0.0967741935483871,4,2
quartz-1.8.3,org.quartz,ValueSet,2,2,0,0,4,0,0,0,-1.0,0,0
quartz-1.8.3,org.quartz,CronTrigger,10,2,38,35,430,78,0,1,0.10526315789473684,8,5
quartz-1.8.3,org.quartz,DateIntervalTrigger,12,2,31,29,453,93,0,1,0.06451612903225806,1,4
quartz-1.8.3,org.quartz,InterruptableJob,0,0,1,0,14,1,0,1,-1.0,0,0
quartz-1.8.3,org.quartz,Job,0,0,1,0,15,1,2,0,-1.0,4,1
quartz-1.8.3,org.quartz,JobDataMap,1,0,31,31,269,36,0,0,0.8387096774193549,35,0
quartz-1.8.3,org.quartz,JobDetail,10,0,31,31,282,49,0,0,0.0967741935483871,50,5
quartz-1.8.3,org.quartz,JobExecutionContext,15,0,21,21,159,21,0,0,0.19047619047619047,51,7
quartz-1.8.3,org.quartz,JobExecutionException,3,0,14,14,80,14,0,1,0.5,18,0
quartz-1.8.3,org.quartz,JobListener,0,0,4,0,29,4,0,0,-1.0,9,2
quartz-1.8.3,org.quartz,JobPersistenceException,0,0,4,4,32,4,1,1,-1.0,2,0
quartz-1.8.3,org.quartz,NthIncludedDayTrigger,18,5,33,29,586,92,0,1,0.15151515151515152,2,4
quartz-1.8.3,org.quartz,ObjectAlreadyExistsException,0,0,3,3,24,3,0,2,-1.0,0,2
quartz-1.8.3,org.quartz,Scheduler,7,0,67,0,400,67,0,0,-1.0,46,8
quartz-1.8.3,org.quartz,SchedulerConfigException,0,0,2,2,19,2,0,1,-1.0,0,0
quartz-1.8.3,org.quartz,SchedulerContext,0,0,2,2,20,2,0,0,-1.0,2,0
quartz-1.8.3,org.quartz,SchedulerException,21,20,16,16,113,17,5,0,0.375,18,0
quartz-1.8.3,org.quartz,SchedulerFactory,0,0,3,0,21,3,0,0,-1.0,17,0
quartz-1.8.3,org.quartz,SchedulerListener,0,0,14,0,65,14,0,0,-1.0,7,3
quartz-1.8.3,org.quartz,SchedulerMetaData,15,0,19,19,216,25,0,0,0.0,11,0
quartz-1.8.3,org.quartz,SimpleTrigger,16,6,37,36,510,95,0,1,0.13513513513513514,20,5
quartz-1.8.3,org.quartz,StatefulJob,0,0,0,0,10,0,1,1,-1.0,0,0
quartz-1.8.3,org.quartz,Trigger,29,15,54,53,499,79,4,0,0.3333333333333333,40,8
quartz-1.8.3,org.quartz,TriggerListener,0,0,5,0,38,5,0,0,-1.0,8,2
quartz-1.8.3,org.quartz,TriggerUtils,12,12,50,42,743,87,0,0,0.38,9,6
quartz-1.8.3,org.quartz,UnableToInterruptJobException,0,0,2,2,19,2,0,1,-1.0,0,0
quartz-1.8.3,org.quartz,AnnualCalendarTest,2,0,7,4,101,7,0,1,1.0,0,1
quartz-1.8.3,org.quartz,CronExpressionTest,2,0,8,5,121,8,0,1,1.0,0,1
quartz-1.8.3,org.quartz,CronTriggerTest,1,0,5,2,56,5,0,1,1.0,0,2
quartz-1.8.3,org.quartz,DateIntervalTriggerTest,0,0,9,9,191,9,0,0,-1.0,0,2
quartz-1.8.3,org.quartz,JobDataMapTest,1,0,3,0,31,3,0,1,1.0,0,1
quartz-1.8.3,org.quartz,JobDetailTest,0,0,2,2,37,5,0,0,-1.0,0,1
quartz-1.8.3,org.quartz,MonthlyCalendarTest,0,0,1,1,17,2,0,0,-1.0,0,1
quartz-1.8.3,org.quartz,NthIncludedDayTriggerTest,1,0,6,3,197,11,0,1,1.0,0,1
quartz-1.8.3,org.quartz,PriorityTest,2,0,4,3,49,4,0,0,0.0,0,5
quartz-1.8.3,org.quartz,TestJob,0,0,1,1,6,1,0,2,-1.0,0,1
quartz-1.8.3,org.quartz,Quartz601Test,0,0,10,9,48,12,0,0,-1.0,0,0
quartz-1.8.3,org.quartz,TestCronExpression,0,0,2,2,8,2,0,1,-1.0,0,0
quartz-1.8.3,org.quartz,SerializationTestSupport,0,0,7,2,59,8,6,0,-1.0,0,0
quartz-1.8.3,org.quartz,SimpleTriggerTest,4,0,8,5,132,10,0,1,1.0,0,3
quartz-1.8.3,org.quartz,VersionTest,1,0,2,1,28,3,0,0,0.0,0,1
quartz-1.8.3,org.quartz.core.jmx,JobDataMapSupport,5,1,3,3,50,5,0,0,0.6666666666666666,4,2
quartz-1.8.3,org.quartz.core.jmx,JobDetailSupport,10,0,3,3,66,5,0,0,0.0,2,3
quartz-1.8.3,org.quartz.core.jmx,JobExecutionContextSupport,10,0,3,2,59,6,0,0,0.0,2,4
quartz-1.8.3,org.quartz.core.jmx,QuartzSchedulerMBean,18,0,49,0,88,49,0,0,-1.0,1,0
quartz-1.8.3,org.quartz.core.jmx,TriggerSupport,10,0,2,2,40,4,0,0,0.0,2,3
quartz-1.8.3,org.quartz.core,JobRunShell,7,0,15,9,265,26,0,0,0.13333333333333333,4,11
quartz-1.8.3,org.quartz.core,VetoedException,0,0,1,1,4,1,0,0,-1.0,0,0
quartz-1.8.3,org.quartz.core,JobRunShellFactory,0,0,3,0,18,3,0,0,-1.0,5,3
quartz-1.8.3,org.quartz.core,NullSampledStatisticsImpl,0,0,4,4,13,4,0,1,-1.0,0,0
quartz-1.8.3,org.quartz.core,QuartzScheduler,26,0,120,107,1391,223,0,1,0.025,12,23
quartz-1.8.3,org.quartz.core,ErrorLogger,0,0,2,1,7,2,0,0,-1.0,0,1
quartz-1.8.3,org.quartz.core,ExecutingJobsManager,2,0,8,7,35,8,0,0,0.5,0,2
quartz-1.8.3,org.quartz.core,QuartzSchedulerMBeanImpl,7,0,76,75,360,85,0,0,0.05263157894736842,0,12
quartz-1.8.3,org.quartz.core,Emitter,0,0,1,1,11,1,0,0,-1.0,1,0
quartz-1.8.3,org.quartz.core,QuartzSchedulerResources,22,3,42,42,313,55,0,0,0.38095238095238093,5,5
quartz-1.8.3,org.quartz.core,QuartzSchedulerThread,14,0,19,9,354,50,0,0,0.0,2,6
quartz-1.8.3,org.quartz.core,RemotableQuartzScheduler,0,0,70,0,75,70,1,0,-1.0,2,8
quartz-1.8.3,org.quartz.core,SampledStatistics,0,0,4,0,6,4,2,0,-1.0,1,0
quartz-1.8.3,org.quartz.core,SampledStatisticsImpl,10,0,14,12,62,14,0,1,0.2857142857142857,0,10
quartz-1.8.3,org.quartz.core,SchedulerSignalerImpl,3,0,4,4,29,4,0,0,0.0,0,3
quartz-1.8.3,org.quartz.core,SchedulingContext,1,0,4,4,31,4,0,0,0.5,17,0
quartz-1.8.3,org.quartz.ee.jta,JTAJobRunShell,1,0,5,2,86,10,0,0,0.4,0,4
quartz-1.8.3,org.quartz.ee.jta,JTAJobRunShellFactory,2,0,4,4,29,4,0,0,0.75,0,3
quartz-1.8.3,org.quartz.ee.jta,UserTransactionHelper,5,1,15,12,115,20,0,0,0.26666666666666666,4,2
quartz-1.8.3,org.quartz.ee.jta,UserTransactionWithContext,2,0,10,8,75,13,0,0,0.0,2,1
quartz-1.8.3,org.quartz.ee.servlet,QuartzInitializerListener,4,1,2,2,84,15,0,0,0.0,0,2
quartz-1.8.3,org.quartz.ee.servlet,QuartzInitializerServlet,3,1,4,4,83,12,0,0,0.75,0,2
quartz-1.8.3,org.quartz.helpers,VersionPrinter,0,0,2,1,14,2,0,0,-1.0,0,1
quartz-1.8.3,org.quartz.impl.calendar,AnnualCalendar,3,0,13,12,153,33,0,1,0.6153846153846154,3,2
quartz-1.8.3,org.quartz.impl.calendar,CalendarComparator,0,0,2,2,28,6,0,0,-1.0,0,0
quartz-1.8.3,org.quartz.impl.calendar,BaseCalendar,4,0,17,13,150,24,6,0,0.17647058823529413,2,2
quartz-1.8.3,org.quartz.impl.calendar,CronCalendar,2,0,12,12,127,18,0,1,0.25,1,3
quartz-1.8.3,org.quartz.impl.calendar,DailyCalendar,18,0,24,22,410,46,0,1,0.3333333333333333,2,2
quartz-1.8.3,org.quartz.impl.calendar,HolidayCalendar,2,0,10,10,66,13,0,1,0.5,1,2
quartz-1.8.3,org.quartz.impl.calendar,MonthlyCalendar,4,0,12,12,117,24,0,1,0.3333333333333333,2,2
quartz-1.8.3,org.quartz.impl.calendar,WeeklyCalendar,3,0,12,12,103,19,0,1,0.3333333333333333,1,2
quartz-1.8.3,org.quartz.impl.calendar,BaseCalendarTest,0,0,1,1,9,1,0,0,-1.0,0,1
quartz-1.8.3,org.quartz.impl.calendar,DailyCalendarTest,1,0,5,2,46,5,0,0,1.0,0,1
quartz-1.8.3,org.quartz.impl,DirectSchedulerFactory,5,2,15,13,189,20,0,0,0.26666666666666666,3,13
quartz-1.8.3,org.quartz.impl,QuartzServer,1,0,5,4,68,11,0,0,0.6,1,4
quartz-1.8.3,org.quartz.impl,RemoteMBeanScheduler,2,0,77,72,472,77,0,0,0.3116883116883117,1,11
quartz-1.8.3,org.quartz.impl,RemoteScheduler,5,0,70,68,679,71,0,0,0.3,2,12
quartz-1.8.3,org.quartz.impl,SchedulerDetailsSetter,1,0,3,0,40,4,0,0,0.6666666666666666,4,1
quartz-1.8.3,org.quartz.impl,SchedulerRepository,2,0,6,5,32,8,0,0,0.3333333333333333,6,3
quartz-1.8.3,org.quartz.impl,StdJobRunShellFactory,2,0,3,3,27,3,0,0,0.6666666666666666,0,3
quartz-1.8.3,org.quartz.impl,StdScheduler,2,0,68,68,417,68,0,0,0.0,0,10
quartz-1.8.3,org.quartz.impl,StdSchedulerFactory,63,59,21,12,915,120,0,0,0.23809523809523808,6,27
quartz-1.8.3,org.quartz.impl,DirectSchedulerFactoryTest,0,0,4,4,24,4,0,0,-1.0,0,4
quartz-1.8.3,org.quartz.impl,SchedulerDetailsSetterTest,2,0,10,8,72,10,0,0,0.5,0,5
quartz-1.8.3,org.quartz.impl,MyThreadPool,0,0,3,3,12,3,0,0,-1.0,0,0
quartz-1.8.3,org.quartz.impl,MyJobStore,0,0,2,2,10,2,0,0,-1.0,0,0
quartz-1.8.3,org.quartz.impl.jdbcjobstore,AttributeRestoringConnectionInvocationHandler,5,0,8,7,94,17,0,0,0.0,1,0
quartz-1.8.3,org.quartz.impl.jdbcjobstore,CloudscapeDelegate,0,0,3,2,48,4,0,3,-1.0,0,0
quartz-1.8.3,org.quartz.impl.jdbcjobstore,Constants,64,0,0,0,74,0,3,0,-1.0,1,0
quartz-1.8.3,org.quartz.impl.jdbcjobstore,DB2v6Delegate,4,4,6,6,88,10,0,3,1.0,0,0
quartz-1.8.3,org.quartz.impl.jdbcjobstore,DB2v7Delegate,0,0,4,2,24,4,0,3,-1.0,0,0
quartz-1.8.3,org.quartz.impl.jdbcjobstore,DB2v8Delegate,0,0,3,2,18,3,0,3,-1.0,0,0
quartz-1.8.3,org.quartz.impl.jdbcjobstore,DBSemaphore,5,0,13,6,101,23,2,2,0.15384615384615385,0,1
quartz-1.8.3,org.quartz.impl.jdbcjobstore,DriverDelegate,0,0,91,0,649,91,1,0,-1.0,1,6
quartz-1.8.3,org.quartz.impl.jdbcjobstore,FiredTriggerRecord,10,0,20,20,76,20,0,0,0.5,2,1
quartz-1.8.3,org.quartz.impl.jdbcjobstore,HSQLDBDelegate,0,0,4,2,54,6,0,3,-1.0,0,0
quartz-1.8.3,org.quartz.impl.jdbcjobstore,InvalidConfigurationException,0,0,2,2,12,2,0,0,-1.0,0,0
quartz-1.8.3,org.quartz.impl.jdbcjobstore,JobStoreCMT,3,0,10,8,130,18,0,2,0.2,0,5
quartz-1.8.3,org.quartz.impl.jdbcjobstore,JobStoreSupport,47,1,214,142,2408,403,2,1,0.0514018691588785,1,23
quartz-1.8.3,org.quartz.impl.jdbcjobstore,RecoverMisfiredJobsResult,4,1,4,4,23,4,0,0,0.0,3,1
quartz-1.8.3,org.quartz.impl.jdbcjobstore,TransactionCallback,0,0,1,0,9,1,0,0,-1.0,3,0
quartz-1.8.3,org.quartz.impl.jdbcjobstore,VoidTransactionCallback,0,0,1,0,7,1,0,0,-1.0,1,0
quartz-1.8.3,org.quartz.impl.jdbcjobstore,ClusterManager,2,0,5,3,55,11,0,0,0.4,0,0
quartz-1.8.3,org.quartz.impl.jdbcjobstore,MisfireHandler,2,0,5,3,56,12,0,0,0.6,0,1
quartz-1.8.3,org.quartz.impl.jdbcjobstore,JobStoreTX,0,0,3,1,29,3,0,2,-1.0,0,3
quartz-1.8.3,org.quartz.impl.jdbcjobstore,JTANonClusteredSemaphore,6,1,12,8,161,28,0,1,0.25,0,0
quartz-1.8.3,org.quartz.impl.jdbcjobstore,SemaphoreSynchronization,1,0,3,3,18,3,0,0,0.6666666666666666,0,0
quartz-1.8.3,org.quartz.impl.jdbcjobstore,LockException,0,0,2,2,13,2,0,0,-1.0,0,0
quartz-1.8.3,org.quartz.impl.jdbcjobstore,MSSQLDelegate,0,0,4,2,47,6,0,3,-1.0,0,0
quartz-1.8.3,org.quartz.impl.jdbcjobstore,NoSuchDelegateException,0,0,1,1,9,1,0,0,-1.0,0,0
quartz-1.8.3,org.quartz.impl.jdbcjobstore,PointbaseDelegate,0,0,11,9,318,31,0,3,-1.0,0,3
quartz-1.8.3,org.quartz.impl.jdbcjobstore,PostgreSQLDelegate,0,0,4,2,59,7,0,3,-1.0,0,0
quartz-1.8.3,org.quartz.impl.jdbcjobstore,SchedulerStateRecord,3,0,6,6,39,6,0,0,0.5,2,0
quartz-1.8.3,org.quartz.impl.jdbcjobstore,Semaphore,0,0,4,0,29,4,3,0,-1.0,2,0
quartz-1.8.3,org.quartz.impl.jdbcjobstore,SimpleSemaphore,3,0,6,4,85,17,0,1,0.3333333333333333,0,0
quartz-1.8.3,org.quartz.impl.jdbcjobstore,StdJDBCConstants,102,0,0,0,108,0,2,1,-1.0,0,0
quartz-1.8.3,org.quartz.impl.jdbcjobstore,StdJDBCDelegate,4,0,110,93,2625,227,9,2,0.01818181818181818,1,13
quartz-1.8.3,org.quartz.impl.jdbcjobstore,StdRowLockSemaphore,1,1,5,3,62,10,0,3,0.8,0,1
quartz-1.8.3,org.quartz.impl.jdbcjobstore,TablePrefixAware,0,0,1,0,6,1,1,0,-1.0,0,0
quartz-1.8.3,org.quartz.impl.jdbcjobstore,UpdateLockRowSemaphore,1,1,4,2,47,8,0,3,1.0,0,1
quartz-1.8.3,org.quartz.impl.jdbcjobstore,Util,0,0,4,1,38,4,0,0,-1.0,4,0
quartz-1.8.3,org.quartz.impl.jdbcjobstore,StdJDBCDelegateTest,0,0,1,1,22,1,0,0,-1.0,0,2
quartz-1.8.3,org.quartz.impl.jdbcjobstore,WebLogicDelegate,0,0,4,2,69,8,0,3,-1.0,0,0
quartz-1.8.3,org.quartz.jobs.ee.ejb,EJBInvokerJob,8,8,3,2,128,12,0,0,0.6666666666666666,0,2
quartz-1.8.3,org.quartz.jobs.ee.jms,JmsHelper,11,11,6,5,97,12,0,0,1.0,4,3
quartz-1.8.3,org.quartz.jobs.ee.jms,JmsJobException,1,0,4,4,18,4,0,0,1.0,0,0
quartz-1.8.3,org.quartz.jobs.ee.jms,JmsMessageFactory,0,0,1,0,16,1,0,0,-1.0,4,1
quartz-1.8.3,org.quartz.jobs.ee.jms,SendDestinationMessageJob,0,0,1,1,45,2,0,0,-1.0,0,5
quartz-1.8.3,org.quartz.jobs.ee.jms,SendQueueMessageJob,0,0,1,1,53,2,0,0,-1.0,0,5
quartz-1.8.3,org.quartz.jobs.ee.jms,SendTopicMessageJob,0,0,1,1,44,2,0,0,-1.0,0,5
quartz-1.8.3,org.quartz.jobs.ee.jmx,JMXInvokerJob,1,0,4,1,113,24,0,0,0.0,0,2
quartz-1.8.3,org.quartz.jobs.ee.mail,SendMailJob,17,8,26,18,177,31,0,0,0.38461538461538464,0,3
quartz-1.8.3,org.quartz.jobs.ee.mail,MailInfo,8,0,17,17,61,17,0,0,0.4117647058823529,1,0
quartz-1.8.3,org.quartz.jobs,FileScanJob,4,2,3,2,72,12,0,0,0.6666666666666666,1,4
quartz-1.8.3,org.quartz.jobs,FileScanListener,0,0,1,0,8,1,0,0,-1.0,1,0
quartz-1.8.3,org.quartz.jobs,NativeJob,7,4,5,3,146,18,0,0,0.0,0,2
quartz-1.8.3,org.quartz.jobs,StreamConsumer,2,0,2,2,45,5,0,0,0.0,0,0
quartz-1.8.3,org.quartz.jobs,NoOpJob,0,0,2,2,13,2,0,0,-1.0,0,1
quartz-1.8.3,org.quartz.listeners,BroadcastSchedulerListener,1,0,19,19,127,33,0,0,0.0,0,4
quartz-1.8.3,org.quartz.listeners,FilterAndBroadcastJobListener,4,0,15,14,135,31,0,0,0.0,0,4
quartz-1.8.3,org.quartz.listeners,FilterAndBroadcastTriggerListener,4,0,16,15,147,35,0,0,0.0,0,3
quartz-1.8.3,org.quartz.listeners,JobChainingJobListener,2,0,4,4,54,9,0,1,0.0,0,3
quartz-1.8.3,org.quartz.listeners,JobListenerSupport,1,0,4,3,19,4,1,0,1.0,0,2
quartz-1.8.3,org.quartz.listeners,SchedulerListenerSupport,1,0,15,14,41,15,0,0,1.0,0,3
quartz-1.8.3,org.quartz.listeners,TriggerListenerSupport,1,0,5,4,22,5,0,0,1.0,0,2
quartz-1.8.3,org.quartz.plugins.history,LoggingJobHistoryPlugin,6,0,17,16,132,22,0,0,0.29411764705882354,0,4
quartz-1.8.3,org.quartz.plugins.history,LoggingTriggerHistoryPlugin,5,0,16,15,116,24,0,0,0.375,0,3
quartz-1.8.3,org.quartz.plugins.management,ShutdownHookPlugin,4,0,8,7,59,8,0,0,0.5,0,1
quartz-1.8.3,org.quartz.plugins,SchedulerPluginWithUserTransactionSupport,4,0,12,5,119,15,0,0,0.0,0,2
quartz-1.8.3,org.quartz.plugins.xml,XMLSchedulingDataProcessorPlugin,14,0,20,12,233,36,0,0,0.15,0,6
quartz-1.8.3,org.quartz.plugins.xml,JobFile,4,0,6,0,76,11,0,0,0.0,0,0
quartz-1.8.3,org.quartz.simpl,CascadingClassLoadHelper,2,0,5,5,119,18,0,0,0.0,0,1
quartz-1.8.3,org.quartz.simpl,HostnameInstanceIdGenerator,0,0,1,1,15,1,0,0,-1.0,0,0
quartz-1.8.3,org.quartz.simpl,InitThreadContextClassLoadHelper,1,0,5,5,48,5,0,0,0.0,0,0
quartz-1.8.3,org.quartz.simpl,LoadingLoaderClassLoadHelper,0,0,5,5,45,5,0,0,-1.0,0,0
quartz-1.8.3,org.quartz.simpl,PropertySettingJobFactory,2,0,9,5,201,47,0,1,0.0,1,3
quartz-1.8.3,org.quartz.simpl,RAMJobStore,15,0,55,47,942,174,0,0,0.16363636363636364,0,10
quartz-1.8.3,org.quartz.simpl,TriggerComparator,0,0,2,2,21,4,0,0,-1.0,0,0
quartz-1.8.3,org.quartz.simpl,JobWrapper,2,2,6,2,30,8,0,0,0.3333333333333333,3,2
quartz-1.8.3,org.quartz.simpl,TriggerWrapper,12,12,6,3,40,8,0,0,0.3333333333333333,2,3
quartz-1.8.3,org.quartz.simpl,SimpleClassLoadHelper,0,0,5,5,53,5,0,0,-1.0,0,0
quartz-1.8.3,org.quartz.simpl,SimpleInstanceIdGenerator,0,0,1,1,15,1,0,0,-1.0,0,0
quartz-1.8.3,org.quartz.simpl,SimpleJobFactory,1,0,2,1,26,3,1,0,0.0,0,3
quartz-1.8.3,org.quartz.simpl,SimpleThreadPool,19,0,31,25,364,60,0,0,0.0967741935483871,3,1
quartz-1.8.3,org.quartz.simpl,WorkerThread,4,0,5,2,106,13,0,0,0.0,0,1
quartz-1.8.3,org.quartz.simpl,SimpleTimeBroker,0,0,3,3,17,3,0,0,-1.0,0,0
quartz-1.8.3,org.quartz.simpl,ThreadContextClassLoadHelper,0,0,5,5,46,5,0,0,-1.0,0,0
quartz-1.8.3,org.quartz.simpl,ZeroSizeThreadPool,1,0,10,10,36,10,0,0,0.8,0,0
quartz-1.8.3,org.quartz.simpl,PropertySettingJobFactoryTest,11,0,30,29,196,30,0,0,0.36666666666666664,0,3
quartz-1.8.3,org.quartz.simpl,TestBean,10,0,20,20,72,20,0,0,0.5,1,0
quartz-1.8.3,org.quartz.simpl,RAMJobStoreTest,4,0,8,7,105,8,0,0,0.375,0,4
quartz-1.8.3,org.quartz.simpl,SampleSignaler,1,0,3,3,10,3,0,0,1.0,1,1
quartz-1.8.3,org.quartz.spi,ClassLoadHelper,0,0,5,0,35,5,0,0,-1.0,12,0
quartz-1.8.3,org.quartz.spi,InstanceIdGenerator,0,0,1,0,11,1,0,0,-1.0,1,0
quartz-1.8.3,org.quartz.spi,JobFactory,0,0,1,0,16,1,0,0,-1.0,6,1
quartz-1.8.3,org.quartz.spi,JobStore,0,0,44,0,238,44,0,0,-1.0,4,6
quartz-1.8.3,org.quartz.spi,SchedulerPlugin,0,0,3,0,21,3,0,0,-1.0,4,1
quartz-1.8.3,org.quartz.spi,SchedulerSignaler,0,0,3,0,9,3,0,0,-1.0,6,1
quartz-1.8.3,org.quartz.spi,ThreadPool,0,0,7,0,39,7,0,0,-1.0,5,0
quartz-1.8.3,org.quartz.spi,TimeBroker,0,0,3,0,21,3,0,0,-1.0,0,0
quartz-1.8.3,org.quartz.spi,TriggerFiredBundle,8,0,9,9,61,9,0,0,0.0,7,3
quartz-1.8.3,org.quartz.utils,CircularLossyQueue,3,0,8,6,78,12,0,0,0.0,1,0
quartz-1.8.3,org.quartz.utils,ConnectionProvider,0,0,2,0,16,2,2,0,-1.0,2,0
quartz-1.8.3,org.quartz.utils,DBConnectionManager,3,1,5,4,53,7,0,0,0.6,4,2
quartz-1.8.3,org.quartz.utils,DirtyFlagMap,6,0,52,50,272,64,1,0,0.11538461538461539,2,1
quartz-1.8.3,org.quartz.utils,DirtyFlagCollection,1,0,15,14,66,19,1,0,0.0,0,0
quartz-1.8.3,org.quartz.utils,DirtyFlagSet,0,0,2,1,11,2,1,1,-1.0,0,0
quartz-1.8.3,org.quartz.utils,DirtyFlagIterator,1,0,4,4,19,4,1,0,0.0,0,0
quartz-1.8.3,org.quartz.utils,DirtyFlagMapEntrySet,0,0,4,4,29,7,0,2,-1.0,0,0
quartz-1.8.3,org.quartz.utils,DirtyFlagMapEntryIterator,0,0,2,2,11,2,0,1,-1.0,0,0
quartz-1.8.3,org.quartz.utils,DirtyFlagMapEntry,1,0,4,4,19,4,0,0,0.0,0,0
quartz-1.8.3,org.quartz.utils,JNDIConnectionProvider,5,0,8,6,108,16,0,1,0.25,1,0
quartz-1.8.3,org.quartz.utils,Key,0,0,4,4,37,4,0,1,-1.0,7,0
quartz-1.8.3,org.quartz.utils,Pair,2,0,8,8,70,15,2,0,0.25,2,1
quartz-1.8.3,org.quartz.utils,PoolingConnectionProvider,8,7,6,4,85,10,0,1,0.0,1,1
quartz-1.8.3,org.quartz.utils,PropertiesParser,1,0,28,28,293,56,0,0,0.0,3,0
quartz-1.8.3,org.quartz.utils,StringKeyDirtyFlagMap,2,0,24,24,232,39,0,1,0.8333333333333334,0,0
quartz-1.8.3,org.quartz.utils,TriggerStatus,2,0,8,8,50,8,0,1,0.5,2,1
quartz-1.8.3,org.quartz.utils,UpdateChecker,6,0,13,3,139,22,0,0,0.0,0,1
quartz-1.8.3,org.quartz.utils,DirtyFlagMapTest,0,0,12,12,145,12,0,0,-1.0,0,1
quartz-1.8.3,org.quartz.utils,PairTest,0,0,2,2,35,2,0,0,-1.0,0,1
quartz-1.8.3,org.quartz.utils,PropertiesParserTest,0,0,1,1,15,1,0,0,-1.0,0,1
quartz-1.8.3,org.quartz.utils.counter,Counter,0,0,7,0,45,7,1,0,-1.0,2,0
quartz-1.8.3,org.quartz.utils.counter,CounterConfig,1,0,3,3,29,3,0,0,0.0,3,0
quartz-1.8.3,org.quartz.utils.counter,CounterImpl,1,0,9,9,63,9,0,1,0.2222222222222222,0,0
quartz-1.8.3,org.quartz.utils.counter,CounterManager,0,0,3,0,22,3,1,0,-1.0,1,2
quartz-1.8.3,org.quartz.utils.counter,CounterManagerImpl,3,0,4,4,65,13,0,1,0.0,0,4
quartz-1.8.3,org.quartz.utils.counter.sampled,SampledCounter,0,0,4,0,26,4,2,0,-1.0,2,0
quartz-1.8.3,org.quartz.utils.counter.sampled,SampledCounterConfig,3,0,5,5,55,7,1,0,0.4,2,0
quartz-1.8.3,org.quartz.utils.counter.sampled,SampledCounterImpl,5,0,9,8,90,11,1,1,0.0,1,3
quartz-1.8.3,org.quartz.utils.counter.sampled,SampledRateCounter,0,0,5,5,35,5,1,1,-1.0,0,0
quartz-1.8.3,org.quartz.utils.counter.sampled,SampledRateCounterConfig,2,0,3,3,39,3,0,1,0.6666666666666666,2,1
quartz-1.8.3,org.quartz.utils.counter.sampled,SampledRateCounterImpl,3,0,16,16,112,16,0,2,0.1875,1,1
quartz-1.8.3,org.quartz.utils.counter.sampled,TimeStampedCounterValue,2,0,4,4,38,4,0,0,0.0,1,0
quartz-1.8.3,org.quartz.xml,ValidationException,1,0,6,6,66,9,0,0,0.5,0,0
quartz-1.8.3,org.quartz.xml,XMLSchedulingDataProcessor,22,5,43,20,744,138,0,0,0.06976744186046512,1,5
quartz-1.8.3,org.quartz.ee.jmx.jboss,JBoss4RMIRemoteMBeanScheduler,4,0,7,3,76,8,0,0,0.2857142857142857,0,0
quartz-1.8.3,org.quartz.ee.jmx.jboss,QuartzService,8,0,16,14,187,25,0,1,0.0,0,2
quartz-1.8.3,org.quartz.ee.jmx.jboss,QuartzServiceMBean,0,0,5,0,12,5,1,0,-1.0,0,0
quartz-1.8.3,org.quartz.impl.jdbcjobstore.oracle,OracleDelegate,11,11,12,9,425,44,0,0,0.3333333333333333,0,3
quartz-1.8.3,org.quartz.impl.jdbcjobstore.oracle.weblogic,WebLogicOracleDelegate,0,0,3,2,57,6,0,0,-1.0,0,0
quartz-1.8.3,org.quartz.utils.weblogic,WeblogicConnectionProvider,2,0,3,3,29,4,0,0,0.6666666666666666,0,0
