Project Name,Package Name,Type Name,Method Name,Code Smell
squirrel_sql-3.1.2,net.sourceforge.squirrel_sql.plugins.graph,AddToGraphAction,actionPerformed,Complex Method
squirrel_sql-3.1.2,net.sourceforge.squirrel_sql.plugins.graph,AddToGraphAction,actionPerformed,Long Statement
squirrel_sql-3.1.2,net.sourceforge.squirrel_sql.plugins.graph,ColumnInfo,ColumnInfo,Long Parameter List
squirrel_sql-3.1.2,net.sourceforge.squirrel_sql.plugins.graph,ColumnInfo,ColumnInfo,Long Statement
squirrel_sql-3.1.2,net.sourceforge.squirrel_sql.plugins.graph,ColumnInfo,ColumnInfo,Long Statement
squirrel_sql-3.1.2,net.sourceforge.squirrel_sql.plugins.graph,ColumnInfo,ColumnInfo,Long Statement
squirrel_sql-3.1.2,net.sourceforge.squirrel_sql.plugins.graph,ColumnInfo,setImportData,Complex Conditional
squirrel_sql-3.1.2,net.sourceforge.squirrel_sql.plugins.graph,ConfigureNonDbConstraintDlg,ConfigureNonDbConstraintDlg,Long Statement
squirrel_sql-3.1.2,net.sourceforge.squirrel_sql.plugins.graph,ConfigureNonDbConstraintDlg,ConfigureNonDbConstraintDlg,Long Statement
squirrel_sql-3.1.2,net.sourceforge.squirrel_sql.plugins.graph,ConfigureNonDbConstraintDlg,ConfigureNonDbConstraintDlg,Long Statement
squirrel_sql-3.1.2,net.sourceforge.squirrel_sql.plugins.graph,ConfigureNonDbConstraintDlg,ConfigureNonDbConstraintDlg,Long Statement
squirrel_sql-3.1.2,net.sourceforge.squirrel_sql.plugins.graph,ConfigureNonDbConstraintDlg,ConfigureNonDbConstraintDlg,Magic Number
squirrel_sql-3.1.2,net.sourceforge.squirrel_sql.plugins.graph,ConfigureNonDbConstraintDlg,ConfigureNonDbConstraintDlg,Magic Number
squirrel_sql-3.1.2,net.sourceforge.squirrel_sql.plugins.graph,ConfigureNonDbConstraintDlg,ConfigureNonDbConstraintDlg,Magic Number
squirrel_sql-3.1.2,net.sourceforge.squirrel_sql.plugins.graph,ConfigureNonDbConstraintDlg,ConfigureNonDbConstraintDlg,Magic Number
squirrel_sql-3.1.2,net.sourceforge.squirrel_sql.plugins.graph,ConfigureNonDbConstraintDlg,ConfigureNonDbConstraintDlg,Magic Number
squirrel_sql-3.1.2,net.sourceforge.squirrel_sql.plugins.graph,ConfigureNonDbConstraintDlg,ConfigureNonDbConstraintDlg,Magic Number
squirrel_sql-3.1.2,net.sourceforge.squirrel_sql.plugins.graph,ConfigureNonDbConstraintDlg,ConfigureNonDbConstraintDlg,Magic Number
squirrel_sql-3.1.2,net.sourceforge.squirrel_sql.plugins.graph,ConfigureNonDbConstraintDlg,ConfigureNonDbConstraintDlg,Magic Number
squirrel_sql-3.1.2,net.sourceforge.squirrel_sql.plugins.graph,ConfigureNonDbConstraintDlg,ConfigureNonDbConstraintDlg,Magic Number
squirrel_sql-3.1.2,net.sourceforge.squirrel_sql.plugins.graph,ConfigureNonDbConstraintDlg,ConfigureNonDbConstraintDlg,Magic Number
squirrel_sql-3.1.2,net.sourceforge.squirrel_sql.plugins.graph,ConfigureNonDbConstraintDlg,ConfigureNonDbConstraintDlg,Magic Number
squirrel_sql-3.1.2,net.sourceforge.squirrel_sql.plugins.graph,ConfigureNonDbConstraintDlg,ConfigureNonDbConstraintDlg,Magic Number
squirrel_sql-3.1.2,net.sourceforge.squirrel_sql.plugins.graph,ConfigureNonDbConstraintDlg,ConfigureNonDbConstraintDlg,Magic Number
squirrel_sql-3.1.2,net.sourceforge.squirrel_sql.plugins.graph,ConfigureNonDbConstraintDlg,ConfigureNonDbConstraintDlg,Magic Number
squirrel_sql-3.1.2,net.sourceforge.squirrel_sql.plugins.graph,ConfigureNonDbConstraintDlg,ConfigureNonDbConstraintDlg,Magic Number
squirrel_sql-3.1.2,net.sourceforge.squirrel_sql.plugins.graph,ConfigureNonDbConstraintDlg,ConfigureNonDbConstraintDlg,Magic Number
squirrel_sql-3.1.2,net.sourceforge.squirrel_sql.plugins.graph,ConfigureNonDbConstraintDlg,ConfigureNonDbConstraintDlg,Magic Number
squirrel_sql-3.1.2,net.sourceforge.squirrel_sql.plugins.graph,ConfigureNonDbConstraintDlg,ConfigureNonDbConstraintDlg,Magic Number
squirrel_sql-3.1.2,net.sourceforge.squirrel_sql.plugins.graph,ConfigureNonDbConstraintDlg,ConfigureNonDbConstraintDlg,Magic Number
squirrel_sql-3.1.2,net.sourceforge.squirrel_sql.plugins.graph,ConfigureNonDbConstraintDlg,ConfigureNonDbConstraintDlg,Magic Number
squirrel_sql-3.1.2,net.sourceforge.squirrel_sql.plugins.graph,ConfigureNonDbConstraintDlg,ConfigureNonDbConstraintDlg,Magic Number
squirrel_sql-3.1.2,net.sourceforge.squirrel_sql.plugins.graph,ConfigureNonDbConstraintDlg,ConfigureNonDbConstraintDlg,Magic Number
squirrel_sql-3.1.2,net.sourceforge.squirrel_sql.plugins.graph,ConfigureNonDbConstraintDlg,ConfigureNonDbConstraintDlg,Magic Number
squirrel_sql-3.1.2,net.sourceforge.squirrel_sql.plugins.graph,ConfigureNonDbConstraintDlg,ConfigureNonDbConstraintDlg,Magic Number
squirrel_sql-3.1.2,net.sourceforge.squirrel_sql.plugins.graph,ConfigureNonDbConstraintDlg,ConfigureNonDbConstraintDlg,Magic Number
squirrel_sql-3.1.2,net.sourceforge.squirrel_sql.plugins.graph,ConfigureNonDbConstraintDlg,ConfigureNonDbConstraintDlg,Magic Number
squirrel_sql-3.1.2,net.sourceforge.squirrel_sql.plugins.graph,ConfigureNonDbConstraintDlg,ConfigureNonDbConstraintDlg,Magic Number
squirrel_sql-3.1.2,net.sourceforge.squirrel_sql.plugins.graph,ConfigureNonDbConstraintDlg,ConfigureNonDbConstraintDlg,Magic Number
squirrel_sql-3.1.2,net.sourceforge.squirrel_sql.plugins.graph,ConfigureNonDbConstraintDlg,ConfigureNonDbConstraintDlg,Magic Number
squirrel_sql-3.1.2,net.sourceforge.squirrel_sql.plugins.graph,ConfigureNonDbConstraintDlg,createNamePanel,Long Statement
squirrel_sql-3.1.2,net.sourceforge.squirrel_sql.plugins.graph,ConfigureNonDbConstraintDlg,createNamePanel,Magic Number
squirrel_sql-3.1.2,net.sourceforge.squirrel_sql.plugins.graph,ConfigureNonDbConstraintDlg,createNamePanel,Magic Number
squirrel_sql-3.1.2,net.sourceforge.squirrel_sql.plugins.graph,ConfigureNonDbConstraintDlg,createNamePanel,Magic Number
squirrel_sql-3.1.2,net.sourceforge.squirrel_sql.plugins.graph,ConfigureNonDbConstraintDlg,createNamePanel,Magic Number
squirrel_sql-3.1.2,net.sourceforge.squirrel_sql.plugins.graph,ConfigureNonDbConstraintDlg,createNamePanel,Magic Number
squirrel_sql-3.1.2,net.sourceforge.squirrel_sql.plugins.graph,ConfigureNonDbConstraintDlg,createNamePanel,Magic Number
squirrel_sql-3.1.2,net.sourceforge.squirrel_sql.plugins.graph,ConfigureNonDbConstraintDlg,createNamePanel,Magic Number
squirrel_sql-3.1.2,net.sourceforge.squirrel_sql.plugins.graph,ConfigureNonDbConstraintDlg,createNamePanel,Magic Number
squirrel_sql-3.1.2,net.sourceforge.squirrel_sql.plugins.graph,ConfigureNonDbConstraintDlg,createButtonsPanel,Magic Number
squirrel_sql-3.1.2,net.sourceforge.squirrel_sql.plugins.graph,ConfigureNonDbConstraintDlg,createButtonsPanel,Magic Number
squirrel_sql-3.1.2,net.sourceforge.squirrel_sql.plugins.graph,ConfigureNonDbConstraintDlg,createButtonsPanel,Magic Number
squirrel_sql-3.1.2,net.sourceforge.squirrel_sql.plugins.graph,ConfigureNonDbConstraintDlg,createButtonsPanel,Magic Number
squirrel_sql-3.1.2,net.sourceforge.squirrel_sql.plugins.graph,ConfigureNonDbConstraintDlg,createButtonsPanel,Magic Number
squirrel_sql-3.1.2,net.sourceforge.squirrel_sql.plugins.graph,ConfigureNonDbConstraintDlg,createButtonsPanel,Magic Number
squirrel_sql-3.1.2,net.sourceforge.squirrel_sql.plugins.graph,ConfigureNonDbConstraintDlg,createButtonsPanel,Magic Number
squirrel_sql-3.1.2,net.sourceforge.squirrel_sql.plugins.graph,ConfigureNonDbConstraintDlg,createButtonsPanel,Magic Number
squirrel_sql-3.1.2,net.sourceforge.squirrel_sql.plugins.graph,ConfigureNonDbConstraintDlg,createControlsPanel,Long Statement
squirrel_sql-3.1.2,net.sourceforge.squirrel_sql.plugins.graph,ConfigureNonDbConstraintDlg,createControlsPanel,Long Statement
squirrel_sql-3.1.2,net.sourceforge.squirrel_sql.plugins.graph,ConfigureNonDbConstraintDlg,createControlsPanel,Long Statement
squirrel_sql-3.1.2,net.sourceforge.squirrel_sql.plugins.graph,ConfigureNonDbConstraintDlg,createControlsPanel,Magic Number
squirrel_sql-3.1.2,net.sourceforge.squirrel_sql.plugins.graph,ConfigureNonDbConstraintDlg,createControlsPanel,Magic Number
squirrel_sql-3.1.2,net.sourceforge.squirrel_sql.plugins.graph,ConfigureNonDbConstraintDlg,createControlsPanel,Magic Number
squirrel_sql-3.1.2,net.sourceforge.squirrel_sql.plugins.graph,ConfigureNonDbConstraintDlg,createControlsPanel,Magic Number
squirrel_sql-3.1.2,net.sourceforge.squirrel_sql.plugins.graph,ConfigureNonDbConstraintDlg,createControlsPanel,Magic Number
squirrel_sql-3.1.2,net.sourceforge.squirrel_sql.plugins.graph,ConfigureNonDbConstraintDlg,createControlsPanel,Magic Number
squirrel_sql-3.1.2,net.sourceforge.squirrel_sql.plugins.graph,ConfigureNonDbConstraintDlg,createControlsPanel,Magic Number
squirrel_sql-3.1.2,net.sourceforge.squirrel_sql.plugins.graph,ConfigureNonDbConstraintDlg,createControlsPanel,Magic Number
squirrel_sql-3.1.2,net.sourceforge.squirrel_sql.plugins.graph,ConfigureNonDbConstraintDlg,createControlsPanel,Magic Number
squirrel_sql-3.1.2,net.sourceforge.squirrel_sql.plugins.graph,ConfigureNonDbConstraintDlg,createControlsPanel,Magic Number
squirrel_sql-3.1.2,net.sourceforge.squirrel_sql.plugins.graph,ConfigureNonDbConstraintDlg,createControlsPanel,Magic Number
squirrel_sql-3.1.2,net.sourceforge.squirrel_sql.plugins.graph,ConfigureNonDbConstraintDlg,createControlsPanel,Magic Number
squirrel_sql-3.1.2,net.sourceforge.squirrel_sql.plugins.graph,ConfigureNonDbConstraintDlg,createControlsPanel,Magic Number
squirrel_sql-3.1.2,net.sourceforge.squirrel_sql.plugins.graph,ConfigureNonDbConstraintDlg,createControlsPanel,Magic Number
squirrel_sql-3.1.2,net.sourceforge.squirrel_sql.plugins.graph,ConfigureNonDbConstraintDlg,createControlsPanel,Magic Number
squirrel_sql-3.1.2,net.sourceforge.squirrel_sql.plugins.graph,ConfigureNonDbConstraintDlg,createControlsPanel,Magic Number
squirrel_sql-3.1.2,net.sourceforge.squirrel_sql.plugins.graph,ConfigureNonDbConstraintDlg,createControlsPanel,Magic Number
squirrel_sql-3.1.2,net.sourceforge.squirrel_sql.plugins.graph,ConfigureNonDbConstraintDlg,createControlsPanel,Magic Number
squirrel_sql-3.1.2,net.sourceforge.squirrel_sql.plugins.graph,ConfigureNonDbConstraintDlg,createControlsPanel,Magic Number
squirrel_sql-3.1.2,net.sourceforge.squirrel_sql.plugins.graph,ConfigureNonDbConstraintDlg,createControlsPanel,Magic Number
squirrel_sql-3.1.2,net.sourceforge.squirrel_sql.plugins.graph,ConfigureNonDbConstraintDlg,createControlsPanel,Magic Number
squirrel_sql-3.1.2,net.sourceforge.squirrel_sql.plugins.graph,ConfigureNonDbConstraintDlg,createAddButtonsPanel,Magic Number
squirrel_sql-3.1.2,net.sourceforge.squirrel_sql.plugins.graph,ConfigureNonDbConstraintDlg,createAddButtonsPanel,Magic Number
squirrel_sql-3.1.2,net.sourceforge.squirrel_sql.plugins.graph,ConfigureNonDbConstraintDlg,createAddButtonsPanel,Magic Number
squirrel_sql-3.1.2,net.sourceforge.squirrel_sql.plugins.graph,ConfigureNonDbConstraintDlg,createAddButtonsPanel,Magic Number
squirrel_sql-3.1.2,net.sourceforge.squirrel_sql.plugins.graph,ConstraintData,getDDL,Complex Method
squirrel_sql-3.1.2,net.sourceforge.squirrel_sql.plugins.graph,ConstraintData,replaceCopiedColsByReferences,Long Statement
squirrel_sql-3.1.2,net.sourceforge.squirrel_sql.plugins.graph,ConstraintData,hasOverlap,Long Statement
squirrel_sql-3.1.2,net.sourceforge.squirrel_sql.plugins.graph,ConstraintDataSet,ConstraintDataSet,Long Statement
squirrel_sql-3.1.2,net.sourceforge.squirrel_sql.plugins.graph,ConstraintDataSet,get,Missing default
squirrel_sql-3.1.2,net.sourceforge.squirrel_sql.plugins.graph,ConstraintDataSet,addRow,Long Statement
squirrel_sql-3.1.2,net.sourceforge.squirrel_sql.plugins.graph,ConstraintDataSet,writeConstraintView,Long Statement
squirrel_sql-3.1.2,net.sourceforge.squirrel_sql.plugins.graph,ConstraintView,onRemoveNonDbConstraint,Long Statement
squirrel_sql-3.1.2,net.sourceforge.squirrel_sql.plugins.graph,ConstraintView,onShowDDL,Magic Number
squirrel_sql-3.1.2,net.sourceforge.squirrel_sql.plugins.graph,ConstraintView,onShowDDL,Magic Number
squirrel_sql-3.1.2,net.sourceforge.squirrel_sql.plugins.graph,ConstraintView,recalculateDDLFrameSize,Magic Number
squirrel_sql-3.1.2,net.sourceforge.squirrel_sql.plugins.graph,ConstraintView,recalculateDDLFrameSize,Magic Number
squirrel_sql-3.1.2,net.sourceforge.squirrel_sql.plugins.graph,ConstraintView,onAddFoldingPoint,Long Statement
squirrel_sql-3.1.2,net.sourceforge.squirrel_sql.plugins.graph,ConstraintView,onAddFoldingPoint,Magic Number
squirrel_sql-3.1.2,net.sourceforge.squirrel_sql.plugins.graph,ConstraintView,onAddFoldingPoint,Magic Number
squirrel_sql-3.1.2,net.sourceforge.squirrel_sql.plugins.graph,ConstraintView,setConnectionPoints,Long Parameter List
squirrel_sql-3.1.2,net.sourceforge.squirrel_sql.plugins.graph,ConstraintView,setConnectionPoints,Magic Number
squirrel_sql-3.1.2,net.sourceforge.squirrel_sql.plugins.graph,ConstraintView,setConnectionPoints,Magic Number
squirrel_sql-3.1.2,net.sourceforge.squirrel_sql.plugins.graph,ConstraintView,paint,Long Statement
squirrel_sql-3.1.2,net.sourceforge.squirrel_sql.plugins.graph,ConstraintView,drawConstraintNameOnLine,Long Statement
squirrel_sql-3.1.2,net.sourceforge.squirrel_sql.plugins.graph,ConstraintView,drawConstraintNameOnLine,Magic Number
squirrel_sql-3.1.2,net.sourceforge.squirrel_sql.plugins.graph,ConstraintView,drawConstraintNameOnLine,Magic Number
squirrel_sql-3.1.2,net.sourceforge.squirrel_sql.plugins.graph,ConstraintView,getRequiredSize,Magic Number
squirrel_sql-3.1.2,net.sourceforge.squirrel_sql.plugins.graph,ConstraintView,getRequiredSize,Magic Number
squirrel_sql-3.1.2,net.sourceforge.squirrel_sql.plugins.graph,ConstraintView,paintArrow,Long Parameter List
squirrel_sql-3.1.2,net.sourceforge.squirrel_sql.plugins.graph,ConstraintView,paintArrow,Magic Number
squirrel_sql-3.1.2,net.sourceforge.squirrel_sql.plugins.graph,ConstraintView,paintArrow,Magic Number
squirrel_sql-3.1.2,net.sourceforge.squirrel_sql.plugins.graph,ConstraintView,drawFoldingPoint,Magic Number
squirrel_sql-3.1.2,net.sourceforge.squirrel_sql.plugins.graph,ConstraintView,drawFoldingPoint,Magic Number
squirrel_sql-3.1.2,net.sourceforge.squirrel_sql.plugins.graph,ConstraintView,drawFoldingPoint,Magic Number
squirrel_sql-3.1.2,net.sourceforge.squirrel_sql.plugins.graph,ConstraintView,drawFoldingPoint,Magic Number
squirrel_sql-3.1.2,net.sourceforge.squirrel_sql.plugins.graph,ConstraintView,drawFoldingPoint,Magic Number
squirrel_sql-3.1.2,net.sourceforge.squirrel_sql.plugins.graph,ConstraintView,drawFoldingPoint,Magic Number
squirrel_sql-3.1.2,net.sourceforge.squirrel_sql.plugins.graph,ConstraintView,createPolygon,Long Parameter List
squirrel_sql-3.1.2,net.sourceforge.squirrel_sql.plugins.graph,ConstraintView,hitMe,Long Statement
squirrel_sql-3.1.2,net.sourceforge.squirrel_sql.plugins.graph,ConstraintView,hitMe,Magic Number
squirrel_sql-3.1.2,net.sourceforge.squirrel_sql.plugins.graph,ConstraintView,hitMe,Magic Number
squirrel_sql-3.1.2,net.sourceforge.squirrel_sql.plugins.graph,ConstraintView,mouseDragged,Long Statement
squirrel_sql-3.1.2,net.sourceforge.squirrel_sql.plugins.graph,ConstraintView,mouseDragged,Magic Number
squirrel_sql-3.1.2,net.sourceforge.squirrel_sql.plugins.graph,ConstraintView,mouseDragged,Magic Number
squirrel_sql-3.1.2,net.sourceforge.squirrel_sql.plugins.graph,ConstraintViewCreator,createConstraintView,Complex Conditional
squirrel_sql-3.1.2,net.sourceforge.squirrel_sql.plugins.graph,ConstraintViewCreator,createConstraintView,Long Parameter List
squirrel_sql-3.1.2,net.sourceforge.squirrel_sql.plugins.graph,ConstraintViewCreator,createConstraintView,Long Statement
squirrel_sql-3.1.2,net.sourceforge.squirrel_sql.plugins.graph,ConstraintViewCreator,createConstraintView,Long Statement
squirrel_sql-3.1.2,net.sourceforge.squirrel_sql.plugins.graph,DndCallback,createDndEvent,Long Identifier
squirrel_sql-3.1.2,net.sourceforge.squirrel_sql.plugins.graph,DndHandler,DndHandler,Complex Conditional
squirrel_sql-3.1.2,net.sourceforge.squirrel_sql.plugins.graph,DndHandler,DndHandler,Complex Conditional
squirrel_sql-3.1.2,net.sourceforge.squirrel_sql.plugins.graph,DndHandler,mousePressed,Complex Conditional
squirrel_sql-3.1.2,net.sourceforge.squirrel_sql.plugins.graph,DndHandler,mousePressed,Complex Conditional
squirrel_sql-3.1.2,net.sourceforge.squirrel_sql.plugins.graph,FoldingPoint,getZoomedPoint,Magic Number
squirrel_sql-3.1.2,net.sourceforge.squirrel_sql.plugins.graph,FoldingPoint,getZoomedPoint,Magic Number
squirrel_sql-3.1.2,net.sourceforge.squirrel_sql.plugins.graph,FormatController,getDefaultFormats,Long Statement
squirrel_sql-3.1.2,net.sourceforge.squirrel_sql.plugins.graph,FormatController,getDefaultFormats,Magic Number
squirrel_sql-3.1.2,net.sourceforge.squirrel_sql.plugins.graph,FormatController,getDefaultFormats,Magic Number
squirrel_sql-3.1.2,net.sourceforge.squirrel_sql.plugins.graph,FormatController,getDefaultFormats,Magic Number
squirrel_sql-3.1.2,net.sourceforge.squirrel_sql.plugins.graph,FormatController,getDefaultFormats,Magic Number
squirrel_sql-3.1.2,net.sourceforge.squirrel_sql.plugins.graph,FormatController,getDefaultFormats,Magic Number
squirrel_sql-3.1.2,net.sourceforge.squirrel_sql.plugins.graph,FormatController,getDefaultFormats,Magic Number
squirrel_sql-3.1.2,net.sourceforge.squirrel_sql.plugins.graph,FormatDlg,FormatDlg,Magic Number
squirrel_sql-3.1.2,net.sourceforge.squirrel_sql.plugins.graph,FormatDlg,FormatDlg,Magic Number
squirrel_sql-3.1.2,net.sourceforge.squirrel_sql.plugins.graph,FormatDlg,FormatDlg,Magic Number
squirrel_sql-3.1.2,net.sourceforge.squirrel_sql.plugins.graph,FormatDlg,FormatDlg,Magic Number
squirrel_sql-3.1.2,net.sourceforge.squirrel_sql.plugins.graph,FormatDlg,FormatDlg,Magic Number
squirrel_sql-3.1.2,net.sourceforge.squirrel_sql.plugins.graph,FormatDlg,FormatDlg,Magic Number
squirrel_sql-3.1.2,net.sourceforge.squirrel_sql.plugins.graph,GraphController,addTableIntern,Long Parameter List
squirrel_sql-3.1.2,net.sourceforge.squirrel_sql.plugins.graph,GraphController,calcPosition,Complex Conditional
squirrel_sql-3.1.2,net.sourceforge.squirrel_sql.plugins.graph,GraphController,calcPosition,Complex Method
squirrel_sql-3.1.2,net.sourceforge.squirrel_sql.plugins.graph,GraphController,isRectangleOccupied,Long Statement
squirrel_sql-3.1.2,net.sourceforge.squirrel_sql.plugins.graph,GraphController,isInDesktop,Long Statement
squirrel_sql-3.1.2,net.sourceforge.squirrel_sql.plugins.graph,GraphDesktopController,onRenameGraph,Long Statement
squirrel_sql-3.1.2,net.sourceforge.squirrel_sql.plugins.graph,GraphDesktopPane,initPrint,Magic Number
squirrel_sql-3.1.2,net.sourceforge.squirrel_sql.plugins.graph,GraphPlugin,patchName,Complex Method
squirrel_sql-3.1.2,net.sourceforge.squirrel_sql.plugins.graph,GraphSelectionDialog,GraphSelectionDialog,Long Statement
squirrel_sql-3.1.2,net.sourceforge.squirrel_sql.plugins.graph,GraphSelectionDialog,GraphSelectionDialog,Magic Number
squirrel_sql-3.1.2,net.sourceforge.squirrel_sql.plugins.graph,GraphSelectionDialog,GraphSelectionDialog,Magic Number
squirrel_sql-3.1.2,net.sourceforge.squirrel_sql.plugins.graph,GraphSelectionDialog,GraphSelectionDialog,Magic Number
squirrel_sql-3.1.2,net.sourceforge.squirrel_sql.plugins.graph,GraphSelectionDialog,GraphSelectionDialog,Magic Number
squirrel_sql-3.1.2,net.sourceforge.squirrel_sql.plugins.graph,GraphSelectionDialog,GraphSelectionDialog,Magic Number
squirrel_sql-3.1.2,net.sourceforge.squirrel_sql.plugins.graph,GraphSelectionDialog,GraphSelectionDialog,Magic Number
squirrel_sql-3.1.2,net.sourceforge.squirrel_sql.plugins.graph,GraphSelectionDialog,GraphSelectionDialog,Magic Number
squirrel_sql-3.1.2,net.sourceforge.squirrel_sql.plugins.graph,GraphSelectionDialog,GraphSelectionDialog,Magic Number
squirrel_sql-3.1.2,net.sourceforge.squirrel_sql.plugins.graph,GraphSelectionDialog,GraphSelectionDialog,Magic Number
squirrel_sql-3.1.2,net.sourceforge.squirrel_sql.plugins.graph,GraphSelectionDialog,GraphSelectionDialog,Magic Number
squirrel_sql-3.1.2,net.sourceforge.squirrel_sql.plugins.graph,GraphSelectionDialog,GraphSelectionDialog,Magic Number
squirrel_sql-3.1.2,net.sourceforge.squirrel_sql.plugins.graph,GraphSelectionDialog,GraphSelectionDialog,Magic Number
squirrel_sql-3.1.2,net.sourceforge.squirrel_sql.plugins.graph,GraphSelectionDialog,GraphSelectionDialog,Magic Number
squirrel_sql-3.1.2,net.sourceforge.squirrel_sql.plugins.graph,GraphSelectionDialog,createButtonPanel,Magic Number
squirrel_sql-3.1.2,net.sourceforge.squirrel_sql.plugins.graph,GraphSelectionDialog,createButtonPanel,Magic Number
squirrel_sql-3.1.2,net.sourceforge.squirrel_sql.plugins.graph,GraphSelectionDialog,createButtonPanel,Magic Number
squirrel_sql-3.1.2,net.sourceforge.squirrel_sql.plugins.graph,GraphSelectionDialog,createButtonPanel,Magic Number
squirrel_sql-3.1.2,net.sourceforge.squirrel_sql.plugins.graph,GraphSelectionDialog,createButtonPanel,Magic Number
squirrel_sql-3.1.2,net.sourceforge.squirrel_sql.plugins.graph,GraphSelectionDialog,createButtonPanel,Magic Number
squirrel_sql-3.1.2,net.sourceforge.squirrel_sql.plugins.graph,GraphSelectionDialog,createButtonPanel,Magic Number
squirrel_sql-3.1.2,net.sourceforge.squirrel_sql.plugins.graph,GraphSelectionDialog,createButtonPanel,Magic Number
squirrel_sql-3.1.2,net.sourceforge.squirrel_sql.plugins.graph,GraphSelectionDialog,createButtonPanel,Magic Number
squirrel_sql-3.1.2,net.sourceforge.squirrel_sql.plugins.graph,GraphSelectionDialog,createButtonPanel,Magic Number
squirrel_sql-3.1.2,net.sourceforge.squirrel_sql.plugins.graph,GraphTextAreaFactory,GraphTextAreaFactory,Magic Number
squirrel_sql-3.1.2,net.sourceforge.squirrel_sql.plugins.graph,GraphTextAreaFactory,GraphTextAreaFactory,Magic Number
squirrel_sql-3.1.2,net.sourceforge.squirrel_sql.plugins.graph,GraphTextAreaFactory,GraphTextAreaFactory,Magic Number
squirrel_sql-3.1.2,net.sourceforge.squirrel_sql.plugins.graph,GraphTextAreaFactory,GraphTextAreaFactory,Magic Number
squirrel_sql-3.1.2,net.sourceforge.squirrel_sql.plugins.graph,GraphTextAreaFactory,GraphTextAreaFactory,Magic Number
squirrel_sql-3.1.2,net.sourceforge.squirrel_sql.plugins.graph,GraphTextAreaFactory,GraphTextAreaFactory,Magic Number
squirrel_sql-3.1.2,net.sourceforge.squirrel_sql.plugins.graph,GraphTextAreaFactory,getBestReadyComponent,Complex Conditional
squirrel_sql-3.1.2,net.sourceforge.squirrel_sql.plugins.graph,GraphTextAreaFactory,getBestReadyComponent,Complex Conditional
squirrel_sql-3.1.2,net.sourceforge.squirrel_sql.plugins.graph,GraphTextAreaFactory,getBestReadyComponent,Long Statement
squirrel_sql-3.1.2,net.sourceforge.squirrel_sql.plugins.graph,PixelCalculater,getPixelWidth,Magic Number
squirrel_sql-3.1.2,net.sourceforge.squirrel_sql.plugins.graph,PixelCalculater,getPixelWidth,Magic Number
squirrel_sql-3.1.2,net.sourceforge.squirrel_sql.plugins.graph,PixelCalculater,getPixelHeight,Magic Number
squirrel_sql-3.1.2,net.sourceforge.squirrel_sql.plugins.graph,PixelCalculater,getPixelHeight,Magic Number
squirrel_sql-3.1.2,net.sourceforge.squirrel_sql.plugins.graph,SqlScriptAcessor,scriptTablesToSQLEntryArea,Long Statement
squirrel_sql-3.1.2,net.sourceforge.squirrel_sql.plugins.graph,TableFrame,TableFrame,Long Parameter List
squirrel_sql-3.1.2,net.sourceforge.squirrel_sql.plugins.graph,TableFrame,TableFrame,Magic Number
squirrel_sql-3.1.2,net.sourceforge.squirrel_sql.plugins.graph,TableFrame,TableFrame,Magic Number
squirrel_sql-3.1.2,net.sourceforge.squirrel_sql.plugins.graph,TableFrame,TableFrame,Magic Number
squirrel_sql-3.1.2,net.sourceforge.squirrel_sql.plugins.graph,TableFrame,TableFrame,Magic Number
squirrel_sql-3.1.2,net.sourceforge.squirrel_sql.plugins.graph,TableFrame,TableFrame,Magic Number
squirrel_sql-3.1.2,net.sourceforge.squirrel_sql.plugins.graph,TableFrame,TableFrame,Magic Number
squirrel_sql-3.1.2,net.sourceforge.squirrel_sql.plugins.graph,TableFrame,TableFrame,Magic Number
squirrel_sql-3.1.2,net.sourceforge.squirrel_sql.plugins.graph,TableFrame,getXmlBean,Magic Number
squirrel_sql-3.1.2,net.sourceforge.squirrel_sql.plugins.graph,TableFrame,getXmlBean,Magic Number
squirrel_sql-3.1.2,net.sourceforge.squirrel_sql.plugins.graph,TableFrame,getXmlBean,Magic Number
squirrel_sql-3.1.2,net.sourceforge.squirrel_sql.plugins.graph,TableFrame,getXmlBean,Magic Number
squirrel_sql-3.1.2,net.sourceforge.squirrel_sql.plugins.graph,TableFrame,installDefaults,Long Statement
squirrel_sql-3.1.2,net.sourceforge.squirrel_sql.plugins.graph,TableFrame,paintTitleBackground,Magic Number
squirrel_sql-3.1.2,net.sourceforge.squirrel_sql.plugins.graph,TableFrame,paintTitleBackground,Magic Number
squirrel_sql-3.1.2,net.sourceforge.squirrel_sql.plugins.graph,TableFrame,paintTitleBackground,Magic Number
squirrel_sql-3.1.2,net.sourceforge.squirrel_sql.plugins.graph,TableFrame,paintComponent,Magic Number
squirrel_sql-3.1.2,net.sourceforge.squirrel_sql.plugins.graph,TableFrame,paintComponent,Magic Number
squirrel_sql-3.1.2,net.sourceforge.squirrel_sql.plugins.graph,TableFrame,paintComponent,Magic Number
squirrel_sql-3.1.2,net.sourceforge.squirrel_sql.plugins.graph,TableFrame,paintComponent,Magic Number
squirrel_sql-3.1.2,net.sourceforge.squirrel_sql.plugins.graph,TableFrame,getPreferredSize,Magic Number
squirrel_sql-3.1.2,net.sourceforge.squirrel_sql.plugins.graph,MyTitlePaneUI,installDefaults,Long Statement
squirrel_sql-3.1.2,net.sourceforge.squirrel_sql.plugins.graph,MyTitlePaneUI,paintTitleBackground,Magic Number
squirrel_sql-3.1.2,net.sourceforge.squirrel_sql.plugins.graph,MyTitlePaneUI,paintTitleBackground,Magic Number
squirrel_sql-3.1.2,net.sourceforge.squirrel_sql.plugins.graph,MyTitlePaneUI,paintTitleBackground,Magic Number
squirrel_sql-3.1.2,net.sourceforge.squirrel_sql.plugins.graph,MyTitlePaneUI,paintComponent,Magic Number
squirrel_sql-3.1.2,net.sourceforge.squirrel_sql.plugins.graph,MyTitlePaneUI,paintComponent,Magic Number
squirrel_sql-3.1.2,net.sourceforge.squirrel_sql.plugins.graph,MyTitlePaneUI,paintComponent,Magic Number
squirrel_sql-3.1.2,net.sourceforge.squirrel_sql.plugins.graph,MyTitlePaneUI,paintComponent,Magic Number
squirrel_sql-3.1.2,net.sourceforge.squirrel_sql.plugins.graph,MyTitlePaneUI,getPreferredSize,Magic Number
squirrel_sql-3.1.2,net.sourceforge.squirrel_sql.plugins.graph,TableFrameController,TableFrameController,Long Parameter List
squirrel_sql-3.1.2,net.sourceforge.squirrel_sql.plugins.graph,TableFrameController,TableFrameController,Long Statement
squirrel_sql-3.1.2,net.sourceforge.squirrel_sql.plugins.graph,TableFrameController,TableFrameController,Long Statement
squirrel_sql-3.1.2,net.sourceforge.squirrel_sql.plugins.graph,TableFrameController,createDndEvent,Long Identifier
squirrel_sql-3.1.2,net.sourceforge.squirrel_sql.plugins.graph,TableFrameController,onCreateDndEvent,Long Identifier
squirrel_sql-3.1.2,net.sourceforge.squirrel_sql.plugins.graph,TableFrameController,onDndImportDone,Long Statement
squirrel_sql-3.1.2,net.sourceforge.squirrel_sql.plugins.graph,TableFrameController,initFromDB,Complex Method
squirrel_sql-3.1.2,net.sourceforge.squirrel_sql.plugins.graph,TableFrameController,initFromDB,Empty catch clause
squirrel_sql-3.1.2,net.sourceforge.squirrel_sql.plugins.graph,TableFrameController,initFromDB,Long Identifier
squirrel_sql-3.1.2,net.sourceforge.squirrel_sql.plugins.graph,TableFrameController,initFromDB,Magic Number
squirrel_sql-3.1.2,net.sourceforge.squirrel_sql.plugins.graph,TableFrameController,initFromDB,Magic Number
squirrel_sql-3.1.2,net.sourceforge.squirrel_sql.plugins.graph,TableFrameController,initFromDB,Magic Number
squirrel_sql-3.1.2,net.sourceforge.squirrel_sql.plugins.graph,TableFrameController,initFromDB,Magic Number
squirrel_sql-3.1.2,net.sourceforge.squirrel_sql.plugins.graph,TableFrameController,onZoomChanged,Magic Number
squirrel_sql-3.1.2,net.sourceforge.squirrel_sql.plugins.graph,TableFrameController,onZoomChanged,Magic Number
squirrel_sql-3.1.2,net.sourceforge.squirrel_sql.plugins.graph,TableFrameController,onZoomChanged,Magic Number
squirrel_sql-3.1.2,net.sourceforge.squirrel_sql.plugins.graph,TableFrameController,onZoomChanged,Magic Number
squirrel_sql-3.1.2,net.sourceforge.squirrel_sql.plugins.graph,TableFrameController,getColumnInfoForPoint,Magic Number
squirrel_sql-3.1.2,net.sourceforge.squirrel_sql.plugins.graph,TableFrameController,createPopUp,Long Method
squirrel_sql-3.1.2,net.sourceforge.squirrel_sql.plugins.graph,TableFrameController,getTableInfo,Long Statement
squirrel_sql-3.1.2,net.sourceforge.squirrel_sql.plugins.graph,TableFrameController,orderColumns,Complex Method
squirrel_sql-3.1.2,net.sourceforge.squirrel_sql.plugins.graph,TableFrameController,orderColumns,Missing default
squirrel_sql-3.1.2,net.sourceforge.squirrel_sql.plugins.graph,TableFrameController,maybeShowPopup,Magic Number
squirrel_sql-3.1.2,net.sourceforge.squirrel_sql.plugins.graph,TableFrameController,onClose,Long Identifier
squirrel_sql-3.1.2,net.sourceforge.squirrel_sql.plugins.graph,TableFrameController,tableFrameOpen,Long Identifier
squirrel_sql-3.1.2,net.sourceforge.squirrel_sql.plugins.graph,TableFrameController,tableFrameRemoved,Long Identifier
squirrel_sql-3.1.2,net.sourceforge.squirrel_sql.plugins.graph,TableFrameController,getConnectionPoints,Magic Number
squirrel_sql-3.1.2,net.sourceforge.squirrel_sql.plugins.graph,TableFrameController,getConnectionPoints,Magic Number
squirrel_sql-3.1.2,net.sourceforge.squirrel_sql.plugins.graph,TableFrameController,getConnectionPoints,Magic Number
squirrel_sql-3.1.2,net.sourceforge.squirrel_sql.plugins.graph,TableFrameController,calculateRelativeConnectionPointHeights,Magic Number
squirrel_sql-3.1.2,net.sourceforge.squirrel_sql.plugins.graph,TableFrameController,calculateRelativeConnectionPointHeights,Magic Number
squirrel_sql-3.1.2,net.sourceforge.squirrel_sql.plugins.graph,TableFrameController,calculateRelativeConnectionPointHeights,Magic Number
squirrel_sql-3.1.2,net.sourceforge.squirrel_sql.plugins.graph,TableFrameController,calculateStartSize,Magic Number
squirrel_sql-3.1.2,net.sourceforge.squirrel_sql.plugins.graph,TableFrameController,calculateStartSize,Magic Number
squirrel_sql-3.1.2,net.sourceforge.squirrel_sql.plugins.graph,TableFrameController,calculateStartSize,Magic Number
squirrel_sql-3.1.2,net.sourceforge.squirrel_sql.plugins.graph,ZoomableColumnTextArea,paint,Magic Number
squirrel_sql-3.1.2,net.sourceforge.squirrel_sql.plugins.graph,ZoomableColumnTextArea,getTextHeight,Magic Number
squirrel_sql-3.1.2,net.sourceforge.squirrel_sql.plugins.graph,ZoomableColumnTextArea,getMaxTextWidht,Magic Number
squirrel_sql-3.1.2,net.sourceforge.squirrel_sql.plugins.graph,ZoomableColumnTextArea,getPreferredSize,Magic Number
squirrel_sql-3.1.2,net.sourceforge.squirrel_sql.plugins.graph,ZoomPrintController,ZoomPrintController,Long Parameter List
squirrel_sql-3.1.2,net.sourceforge.squirrel_sql.plugins.graph,ZoomPrintController,initPrint,Magic Number
squirrel_sql-3.1.2,net.sourceforge.squirrel_sql.plugins.graph,ZoomPrintController,fireEdgesGraphComponentChanged,Magic Number
squirrel_sql-3.1.2,net.sourceforge.squirrel_sql.plugins.graph,ZoomPrintController,onSldZoomChanged,Magic Number
squirrel_sql-3.1.2,net.sourceforge.squirrel_sql.plugins.graph,ZoomPrintController,setVisible,Magic Number
squirrel_sql-3.1.2,net.sourceforge.squirrel_sql.plugins.graph,ZoomPrintController,setVisible,Magic Number
squirrel_sql-3.1.2,net.sourceforge.squirrel_sql.plugins.graph,ZoomPrintPanel,ZoomPrintPanel,Magic Number
squirrel_sql-3.1.2,net.sourceforge.squirrel_sql.plugins.graph,ZoomPrintPanel,ZoomPrintPanel,Magic Number
squirrel_sql-3.1.2,net.sourceforge.squirrel_sql.plugins.graph,ZoomPrintPanel,createPrintPanel,Magic Number
squirrel_sql-3.1.2,net.sourceforge.squirrel_sql.plugins.graph,ZoomPrintPanel,createPrintPanel,Magic Number
squirrel_sql-3.1.2,net.sourceforge.squirrel_sql.plugins.graph,ZoomPrintPanel,createZoomPanel,Magic Number
squirrel_sql-3.1.2,net.sourceforge.squirrel_sql.plugins.graph.graphtofiles,GraphToFilesDlg,GraphToFilesDlg,Magic Number
squirrel_sql-3.1.2,net.sourceforge.squirrel_sql.plugins.graph.graphtofiles,GraphToFilesDlg,GraphToFilesDlg,Magic Number
squirrel_sql-3.1.2,net.sourceforge.squirrel_sql.plugins.graph.graphtofiles,GraphToFilesDlg,buildGui,Magic Number
squirrel_sql-3.1.2,net.sourceforge.squirrel_sql.plugins.graph.graphtofiles,GraphToFilesDlg,buildGui,Magic Number
squirrel_sql-3.1.2,net.sourceforge.squirrel_sql.plugins.graph.graphtofiles,GraphToFilesDlg,buildGui,Magic Number
squirrel_sql-3.1.2,net.sourceforge.squirrel_sql.plugins.graph.graphtofiles,GraphToFilesDlg,buildGui,Magic Number
squirrel_sql-3.1.2,net.sourceforge.squirrel_sql.plugins.graph.graphtofiles,GraphToFilesDlg,buildGui,Magic Number
squirrel_sql-3.1.2,net.sourceforge.squirrel_sql.plugins.graph.graphtofiles,GraphToFilesDlg,buildGui,Magic Number
squirrel_sql-3.1.2,net.sourceforge.squirrel_sql.plugins.graph.graphtofiles,GraphToFilesDlg,buildGui,Magic Number
squirrel_sql-3.1.2,net.sourceforge.squirrel_sql.plugins.graph.graphtofiles,GraphToFilesDlg,buildGui,Magic Number
squirrel_sql-3.1.2,net.sourceforge.squirrel_sql.plugins.graph.graphtofiles,GraphToFilesDlg,createButtonPanel,Magic Number
squirrel_sql-3.1.2,net.sourceforge.squirrel_sql.plugins.graph.graphtofiles,GraphToFilesDlg,createButtonPanel,Magic Number
squirrel_sql-3.1.2,net.sourceforge.squirrel_sql.plugins.graph.graphtofiles,GraphToFilesDlg,createButtonPanel,Magic Number
squirrel_sql-3.1.2,net.sourceforge.squirrel_sql.plugins.graph.graphtofiles,GraphToFilesDlg,createButtonPanel,Magic Number
squirrel_sql-3.1.2,net.sourceforge.squirrel_sql.plugins.graph.graphtofiles,GraphToFilesDlg,createButtonPanel,Magic Number
squirrel_sql-3.1.2,net.sourceforge.squirrel_sql.plugins.graph.graphtofiles,GraphToFilesDlg,createButtonPanel,Magic Number
squirrel_sql-3.1.2,net.sourceforge.squirrel_sql.plugins.graph.graphtofiles,GraphToFilesDlg,createButtonPanel,Magic Number
squirrel_sql-3.1.2,net.sourceforge.squirrel_sql.plugins.graph.graphtofiles,GraphToFilesDlg,createButtonPanel,Magic Number
squirrel_sql-3.1.2,net.sourceforge.squirrel_sql.plugins.graph.graphtofiles,GraphToFilesDlg,createButtonPanel,Magic Number
squirrel_sql-3.1.2,net.sourceforge.squirrel_sql.plugins.graph.graphtofiles,GraphToFilesDlg,createButtonPanel,Magic Number
squirrel_sql-3.1.2,net.sourceforge.squirrel_sql.plugins.graph.graphtofiles,GraphToFilesDlg,createButtonPanel,Magic Number
squirrel_sql-3.1.2,net.sourceforge.squirrel_sql.plugins.graph.graphtofiles,GraphToFilesDlg,createButtonPanel,Magic Number
squirrel_sql-3.1.2,net.sourceforge.squirrel_sql.plugins.graph.graphtofiles,GraphToFilesDlg,createButtonPanel,Magic Number
squirrel_sql-3.1.2,net.sourceforge.squirrel_sql.plugins.graph.graphtofiles,ImageSelection,importData,Empty catch clause
squirrel_sql-3.1.2,net.sourceforge.squirrel_sql.plugins.graph.graphtofiles,ImageSelection,importData,Empty catch clause
squirrel_sql-3.1.2,net.sourceforge.squirrel_sql.plugins.graph.xmlbeans,FormatXmlBean,FormatXmlBean,Long Parameter List
