Project Name,Package Name,Type Name,MethodName,LOC,CC,PC
squirrel_sql-3.1.2,net.sourceforge.squirrel_sql.plugins.graph,AddTableListener,addTablesRequest,0,1,3
squirrel_sql-3.1.2,net.sourceforge.squirrel_sql.plugins.graph,AddToGraphAction,AddToGraphAction,4,1,3
squirrel_sql-3.1.2,net.sourceforge.squirrel_sql.plugins.graph,AddToGraphAction,actionPerformed,32,8,1
squirrel_sql-3.1.2,net.sourceforge.squirrel_sql.plugins.graph,AddToGraphAction,setSession,3,1,1
squirrel_sql-3.1.2,net.sourceforge.squirrel_sql.plugins.graph,ColumnInfo,ColumnInfo,9,1,5
squirrel_sql-3.1.2,net.sourceforge.squirrel_sql.plugins.graph,ColumnInfo,ColumnInfo,10,3,1
squirrel_sql-3.1.2,net.sourceforge.squirrel_sql.plugins.graph,ColumnInfo,getXmlBean,15,1,0
squirrel_sql-3.1.2,net.sourceforge.squirrel_sql.plugins.graph,ColumnInfo,toString,3,1,0
squirrel_sql-3.1.2,net.sourceforge.squirrel_sql.plugins.graph,ColumnInfo,getName,3,1,0
squirrel_sql-3.1.2,net.sourceforge.squirrel_sql.plugins.graph,ColumnInfo,setImportData,10,2,4
squirrel_sql-3.1.2,net.sourceforge.squirrel_sql.plugins.graph,ColumnInfo,clearImportData,3,1,0
squirrel_sql-3.1.2,net.sourceforge.squirrel_sql.plugins.graph,ColumnInfo,isImportedFrom,3,1,1
squirrel_sql-3.1.2,net.sourceforge.squirrel_sql.plugins.graph,ColumnInfo,getConstraintName,3,1,0
squirrel_sql-3.1.2,net.sourceforge.squirrel_sql.plugins.graph,ColumnInfo,getIndex,3,1,0
squirrel_sql-3.1.2,net.sourceforge.squirrel_sql.plugins.graph,ColumnInfo,getImportedColumnName,3,1,0
squirrel_sql-3.1.2,net.sourceforge.squirrel_sql.plugins.graph,ColumnInfo,markPrimaryKey,4,1,0
squirrel_sql-3.1.2,net.sourceforge.squirrel_sql.plugins.graph,ColumnInfo,isPrimaryKey,3,1,0
squirrel_sql-3.1.2,net.sourceforge.squirrel_sql.plugins.graph,ColumnInfo,setIndex,3,1,1
squirrel_sql-3.1.2,net.sourceforge.squirrel_sql.plugins.graph,ColumnInfo,getConstraintToolTipText,6,2,0
squirrel_sql-3.1.2,net.sourceforge.squirrel_sql.plugins.graph,ColumnInfo,getImportedTableName,3,1,0
squirrel_sql-3.1.2,net.sourceforge.squirrel_sql.plugins.graph,ColumnInfo,isNonDbConstraint,3,1,0
squirrel_sql-3.1.2,net.sourceforge.squirrel_sql.plugins.graph,ColumnSortListener,columnOrderChanged,0,1,0
squirrel_sql-3.1.2,net.sourceforge.squirrel_sql.plugins.graph,ColumnTextArea,ColumnTextArea,5,1,3
squirrel_sql-3.1.2,net.sourceforge.squirrel_sql.plugins.graph,ColumnTextArea,getToolTipText,3,1,1
squirrel_sql-3.1.2,net.sourceforge.squirrel_sql.plugins.graph,ColumnTextArea,setGraphColumns,8,2,1
squirrel_sql-3.1.2,net.sourceforge.squirrel_sql.plugins.graph,ColumnTextArea,getDndEvent,3,1,0
squirrel_sql-3.1.2,net.sourceforge.squirrel_sql.plugins.graph,ColumnTextArea,setDndEvent,3,1,1
squirrel_sql-3.1.2,net.sourceforge.squirrel_sql.plugins.graph,ConfigureNonDbConstraintController,ConfigureNonDbConstraintController,42,1,4
squirrel_sql-3.1.2,net.sourceforge.squirrel_sql.plugins.graph,ConfigureNonDbConstraintController,actionPerformed,3,1,1
squirrel_sql-3.1.2,net.sourceforge.squirrel_sql.plugins.graph,ConfigureNonDbConstraintController,actionPerformed,3,1,1
squirrel_sql-3.1.2,net.sourceforge.squirrel_sql.plugins.graph,ConfigureNonDbConstraintController,actionPerformed,3,1,1
squirrel_sql-3.1.2,net.sourceforge.squirrel_sql.plugins.graph,ConfigureNonDbConstraintController,actionPerformed,3,1,1
squirrel_sql-3.1.2,net.sourceforge.squirrel_sql.plugins.graph,ConfigureNonDbConstraintController,onOk,13,3,0
squirrel_sql-3.1.2,net.sourceforge.squirrel_sql.plugins.graph,ConfigureNonDbConstraintController,close,4,1,0
squirrel_sql-3.1.2,net.sourceforge.squirrel_sql.plugins.graph,ConfigureNonDbConstraintController,onAddColumns,12,2,0
squirrel_sql-3.1.2,net.sourceforge.squirrel_sql.plugins.graph,ConfigureNonDbConstraintController,onRemoveSelectedRow,10,2,0
squirrel_sql-3.1.2,net.sourceforge.squirrel_sql.plugins.graph,ConfigureNonDbConstraintController,initCbos,4,1,3
squirrel_sql-3.1.2,net.sourceforge.squirrel_sql.plugins.graph,ConfigureNonDbConstraintController,getCleanedFkColumnInfos,22,6,2
squirrel_sql-3.1.2,net.sourceforge.squirrel_sql.plugins.graph,ConfigureNonDbConstraintDlg,ConfigureNonDbConstraintDlg,37,1,3
squirrel_sql-3.1.2,net.sourceforge.squirrel_sql.plugins.graph,ConfigureNonDbConstraintDlg,actionPerformed,4,1,1
squirrel_sql-3.1.2,net.sourceforge.squirrel_sql.plugins.graph,ConfigureNonDbConstraintDlg,createNamePanel,10,1,0
squirrel_sql-3.1.2,net.sourceforge.squirrel_sql.plugins.graph,ConfigureNonDbConstraintDlg,createButtonsPanel,11,1,0
squirrel_sql-3.1.2,net.sourceforge.squirrel_sql.plugins.graph,ConfigureNonDbConstraintDlg,createControlsPanel,23,1,2
squirrel_sql-3.1.2,net.sourceforge.squirrel_sql.plugins.graph,ConfigureNonDbConstraintDlg,createAddButtonsPanel,8,1,0
squirrel_sql-3.1.2,net.sourceforge.squirrel_sql.plugins.graph,ConstraintData,ConstraintData,3,1,3
squirrel_sql-3.1.2,net.sourceforge.squirrel_sql.plugins.graph,ConstraintData,ConstraintData,11,2,1
squirrel_sql-3.1.2,net.sourceforge.squirrel_sql.plugins.graph,ConstraintData,ConstraintData,6,1,4
squirrel_sql-3.1.2,net.sourceforge.squirrel_sql.plugins.graph,ConstraintData,getXmlBean,14,2,0
squirrel_sql-3.1.2,net.sourceforge.squirrel_sql.plugins.graph,ConstraintData,addColumnInfo,6,1,1
squirrel_sql-3.1.2,net.sourceforge.squirrel_sql.plugins.graph,ConstraintData,getPkTableName,3,1,0
squirrel_sql-3.1.2,net.sourceforge.squirrel_sql.plugins.graph,ConstraintData,getColumnInfos,3,1,0
squirrel_sql-3.1.2,net.sourceforge.squirrel_sql.plugins.graph,ConstraintData,getTitle,3,1,0
squirrel_sql-3.1.2,net.sourceforge.squirrel_sql.plugins.graph,ConstraintData,isNonDbConstraint,3,1,0
squirrel_sql-3.1.2,net.sourceforge.squirrel_sql.plugins.graph,ConstraintData,getDDL,47,8,0
squirrel_sql-3.1.2,net.sourceforge.squirrel_sql.plugins.graph,ConstraintData,replaceCopiedColsByReferences,13,5,2
squirrel_sql-3.1.2,net.sourceforge.squirrel_sql.plugins.graph,ConstraintData,getConstraintName,3,1,0
squirrel_sql-3.1.2,net.sourceforge.squirrel_sql.plugins.graph,ConstraintData,clearColumnImportData,5,2,0
squirrel_sql-3.1.2,net.sourceforge.squirrel_sql.plugins.graph,ConstraintData,hasOverlap,13,5,1
squirrel_sql-3.1.2,net.sourceforge.squirrel_sql.plugins.graph,ConstraintData,removeAllColumns,4,1,0
squirrel_sql-3.1.2,net.sourceforge.squirrel_sql.plugins.graph,ConstraintData,setConstraintName,3,1,1
squirrel_sql-3.1.2,net.sourceforge.squirrel_sql.plugins.graph,ConstraintData,isShowThisConstraintName,3,1,0
squirrel_sql-3.1.2,net.sourceforge.squirrel_sql.plugins.graph,ConstraintData,setShowThisConstraintName,3,1,1
squirrel_sql-3.1.2,net.sourceforge.squirrel_sql.plugins.graph,ConstraintDataSet,ConstraintDataSet,7,2,3
squirrel_sql-3.1.2,net.sourceforge.squirrel_sql.plugins.graph,ConstraintDataSet,getColumnCount,3,1,0
squirrel_sql-3.1.2,net.sourceforge.squirrel_sql.plugins.graph,ConstraintDataSet,getDataSetDefinition,3,1,0
squirrel_sql-3.1.2,net.sourceforge.squirrel_sql.plugins.graph,ConstraintDataSet,next,3,1,1
squirrel_sql-3.1.2,net.sourceforge.squirrel_sql.plugins.graph,ConstraintDataSet,get,10,3,1
squirrel_sql-3.1.2,net.sourceforge.squirrel_sql.plugins.graph,ConstraintDataSet,removeRows,14,4,1
squirrel_sql-3.1.2,net.sourceforge.squirrel_sql.plugins.graph,ConstraintDataSet,addRow,10,3,2
squirrel_sql-3.1.2,net.sourceforge.squirrel_sql.plugins.graph,ConstraintDataSet,writeConstraintView,9,2,3
squirrel_sql-3.1.2,net.sourceforge.squirrel_sql.plugins.graph,ConstraintDataSet,findColumnByName,8,3,2
squirrel_sql-3.1.2,net.sourceforge.squirrel_sql.plugins.graph,ConstraintDataSet,isEmpty,3,1,0
squirrel_sql-3.1.2,net.sourceforge.squirrel_sql.plugins.graph,ConstraintDataSet,ContraintDisplayData,4,1,2
squirrel_sql-3.1.2,net.sourceforge.squirrel_sql.plugins.graph,ConstraintDataSet,getColumnName,3,1,0
squirrel_sql-3.1.2,net.sourceforge.squirrel_sql.plugins.graph,ConstraintDataSet,getImportedColumnName,3,1,0
squirrel_sql-3.1.2,net.sourceforge.squirrel_sql.plugins.graph,ContraintDisplayData,ContraintDisplayData,4,1,2
squirrel_sql-3.1.2,net.sourceforge.squirrel_sql.plugins.graph,ContraintDisplayData,getColumnName,3,1,0
squirrel_sql-3.1.2,net.sourceforge.squirrel_sql.plugins.graph,ContraintDisplayData,getImportedColumnName,3,1,0
squirrel_sql-3.1.2,net.sourceforge.squirrel_sql.plugins.graph,ConstraintGraph,ConstraintGraph,2,1,0
squirrel_sql-3.1.2,net.sourceforge.squirrel_sql.plugins.graph,ConstraintGraph,ConstraintGraph,8,2,2
squirrel_sql-3.1.2,net.sourceforge.squirrel_sql.plugins.graph,ConstraintGraph,getXmlBean,12,2,0
squirrel_sql-3.1.2,net.sourceforge.squirrel_sql.plugins.graph,ConstraintGraph,setFkStubLines,3,1,1
squirrel_sql-3.1.2,net.sourceforge.squirrel_sql.plugins.graph,ConstraintGraph,setPkStubLines,3,1,1
squirrel_sql-3.1.2,net.sourceforge.squirrel_sql.plugins.graph,ConstraintGraph,setFkGatherPoint,3,1,1
squirrel_sql-3.1.2,net.sourceforge.squirrel_sql.plugins.graph,ConstraintGraph,setPkGatherPoint,3,1,1
squirrel_sql-3.1.2,net.sourceforge.squirrel_sql.plugins.graph,ConstraintGraph,getAllLines,7,1,0
squirrel_sql-3.1.2,net.sourceforge.squirrel_sql.plugins.graph,ConstraintGraph,getLinesToArrow,3,1,0
squirrel_sql-3.1.2,net.sourceforge.squirrel_sql.plugins.graph,ConstraintGraph,getConnectLines,12,3,0
squirrel_sql-3.1.2,net.sourceforge.squirrel_sql.plugins.graph,ConstraintGraph,setHitConnectLine,4,1,1
squirrel_sql-3.1.2,net.sourceforge.squirrel_sql.plugins.graph,ConstraintGraph,addFoldingPointToHitConnectLine,14,4,1
squirrel_sql-3.1.2,net.sourceforge.squirrel_sql.plugins.graph,ConstraintGraph,getFoldingPoints,3,1,0
squirrel_sql-3.1.2,net.sourceforge.squirrel_sql.plugins.graph,ConstraintGraph,setHitFoldingPoint,4,1,1
squirrel_sql-3.1.2,net.sourceforge.squirrel_sql.plugins.graph,ConstraintGraph,isHitOnConnectLine,3,1,0
squirrel_sql-3.1.2,net.sourceforge.squirrel_sql.plugins.graph,ConstraintGraph,removeHitFoldingPoint,3,1,0
squirrel_sql-3.1.2,net.sourceforge.squirrel_sql.plugins.graph,ConstraintGraph,moveLastHitFoldingPointTo,5,1,1
squirrel_sql-3.1.2,net.sourceforge.squirrel_sql.plugins.graph,ConstraintGraph,removeAllFoldingPoints,3,1,0
squirrel_sql-3.1.2,net.sourceforge.squirrel_sql.plugins.graph,ConstraintGraph,getFirstFoldingPoint,8,2,0
squirrel_sql-3.1.2,net.sourceforge.squirrel_sql.plugins.graph,ConstraintGraph,getLastFoldingPoint,8,2,0
squirrel_sql-3.1.2,net.sourceforge.squirrel_sql.plugins.graph,ConstraintGraph,getMainLine,8,2,0
squirrel_sql-3.1.2,net.sourceforge.squirrel_sql.plugins.graph,ConstraintView,ConstraintView,6,1,3
squirrel_sql-3.1.2,net.sourceforge.squirrel_sql.plugins.graph,ConstraintView,ConstraintView,7,1,3
squirrel_sql-3.1.2,net.sourceforge.squirrel_sql.plugins.graph,ConstraintView,getXmlBean,6,1,0
squirrel_sql-3.1.2,net.sourceforge.squirrel_sql.plugins.graph,ConstraintView,createPopup,63,2,0
squirrel_sql-3.1.2,net.sourceforge.squirrel_sql.plugins.graph,ConstraintView,actionPerformed,3,1,1
squirrel_sql-3.1.2,net.sourceforge.squirrel_sql.plugins.graph,ConstraintView,actionPerformed,3,1,1
squirrel_sql-3.1.2,net.sourceforge.squirrel_sql.plugins.graph,ConstraintView,actionPerformed,3,1,1
squirrel_sql-3.1.2,net.sourceforge.squirrel_sql.plugins.graph,ConstraintView,actionPerformed,3,1,1
squirrel_sql-3.1.2,net.sourceforge.squirrel_sql.plugins.graph,ConstraintView,actionPerformed,3,1,1
squirrel_sql-3.1.2,net.sourceforge.squirrel_sql.plugins.graph,ConstraintView,actionPerformed,3,1,1
squirrel_sql-3.1.2,net.sourceforge.squirrel_sql.plugins.graph,ConstraintView,actionPerformed,3,1,1
squirrel_sql-3.1.2,net.sourceforge.squirrel_sql.plugins.graph,ConstraintView,onShowThisConstraintName,4,1,0
squirrel_sql-3.1.2,net.sourceforge.squirrel_sql.plugins.graph,ConstraintView,onConfigureNonDbConstraint,4,1,0
squirrel_sql-3.1.2,net.sourceforge.squirrel_sql.plugins.graph,ConstraintView,onRemoveNonDbConstraint,6,2,0
squirrel_sql-3.1.2,net.sourceforge.squirrel_sql.plugins.graph,ConstraintView,onRemoveFoldingPoint,4,1,0
squirrel_sql-3.1.2,net.sourceforge.squirrel_sql.plugins.graph,ConstraintView,onScriptDDL,9,2,0
squirrel_sql-3.1.2,net.sourceforge.squirrel_sql.plugins.graph,ConstraintView,onShowDDL,22,2,0
squirrel_sql-3.1.2,net.sourceforge.squirrel_sql.plugins.graph,ConstraintView,run,3,1,0
squirrel_sql-3.1.2,net.sourceforge.squirrel_sql.plugins.graph,ConstraintView,recalculateDDLFrameSize,11,2,3
squirrel_sql-3.1.2,net.sourceforge.squirrel_sql.plugins.graph,ConstraintView,onAddFoldingPoint,6,1,0
squirrel_sql-3.1.2,net.sourceforge.squirrel_sql.plugins.graph,ConstraintView,setConnectionPoints,27,4,5
squirrel_sql-3.1.2,net.sourceforge.squirrel_sql.plugins.graph,ConstraintView,paint,28,7,2
squirrel_sql-3.1.2,net.sourceforge.squirrel_sql.plugins.graph,ConstraintView,drawConstraintNameOnLine,56,7,2
squirrel_sql-3.1.2,net.sourceforge.squirrel_sql.plugins.graph,ConstraintView,getRequiredSize,15,4,0
squirrel_sql-3.1.2,net.sourceforge.squirrel_sql.plugins.graph,ConstraintView,paintArrow,15,1,5
squirrel_sql-3.1.2,net.sourceforge.squirrel_sql.plugins.graph,ConstraintView,drawFoldingPoint,7,2,2
squirrel_sql-3.1.2,net.sourceforge.squirrel_sql.plugins.graph,ConstraintView,drawLine,8,2,2
squirrel_sql-3.1.2,net.sourceforge.squirrel_sql.plugins.graph,ConstraintView,createPolygon,22,3,5
squirrel_sql-3.1.2,net.sourceforge.squirrel_sql.plugins.graph,ConstraintView,getCenterY,7,2,1
squirrel_sql-3.1.2,net.sourceforge.squirrel_sql.plugins.graph,ConstraintView,hitMe,20,5,1
squirrel_sql-3.1.2,net.sourceforge.squirrel_sql.plugins.graph,ConstraintView,setSelected,4,1,1
squirrel_sql-3.1.2,net.sourceforge.squirrel_sql.plugins.graph,ConstraintView,isSelected,3,1,0
squirrel_sql-3.1.2,net.sourceforge.squirrel_sql.plugins.graph,ConstraintView,removeAllFoldingPoints,3,1,0
squirrel_sql-3.1.2,net.sourceforge.squirrel_sql.plugins.graph,ConstraintView,equals,8,2,1
squirrel_sql-3.1.2,net.sourceforge.squirrel_sql.plugins.graph,ConstraintView,hashCode,3,1,0
squirrel_sql-3.1.2,net.sourceforge.squirrel_sql.plugins.graph,ConstraintView,getData,3,1,0
squirrel_sql-3.1.2,net.sourceforge.squirrel_sql.plugins.graph,ConstraintView,mouseClicked,2,1,1
squirrel_sql-3.1.2,net.sourceforge.squirrel_sql.plugins.graph,ConstraintView,mouseReleased,3,1,1
squirrel_sql-3.1.2,net.sourceforge.squirrel_sql.plugins.graph,ConstraintView,maybeShowPopup,11,3,1
squirrel_sql-3.1.2,net.sourceforge.squirrel_sql.plugins.graph,ConstraintView,mousePressed,3,1,1
squirrel_sql-3.1.2,net.sourceforge.squirrel_sql.plugins.graph,ConstraintView,mouseDragged,13,3,1
squirrel_sql-3.1.2,net.sourceforge.squirrel_sql.plugins.graph,ConstraintView,getFirstFoldingPoint,3,1,0
squirrel_sql-3.1.2,net.sourceforge.squirrel_sql.plugins.graph,ConstraintView,getLastFoldingPoint,3,1,0
squirrel_sql-3.1.2,net.sourceforge.squirrel_sql.plugins.graph,ConstraintView,getPkFramePointingTo,3,1,0
squirrel_sql-3.1.2,net.sourceforge.squirrel_sql.plugins.graph,ConstraintView,replaceCopiedColsByReferences,3,1,2
squirrel_sql-3.1.2,net.sourceforge.squirrel_sql.plugins.graph,ConstraintView,addConstraintViewListener,4,1,1
squirrel_sql-3.1.2,net.sourceforge.squirrel_sql.plugins.graph,ConstraintView,setData,3,1,1
squirrel_sql-3.1.2,net.sourceforge.squirrel_sql.plugins.graph,ConstraintView,clearColumnImportData,3,1,0
squirrel_sql-3.1.2,net.sourceforge.squirrel_sql.plugins.graph,ConstraintView,hasOverlap,3,1,1
squirrel_sql-3.1.2,net.sourceforge.squirrel_sql.plugins.graph,ConstraintViewAdapter,foldingPointMoved,2,1,1
squirrel_sql-3.1.2,net.sourceforge.squirrel_sql.plugins.graph,ConstraintViewAdapter,removeNonDbConstraint,2,1,1
squirrel_sql-3.1.2,net.sourceforge.squirrel_sql.plugins.graph,ConstraintViewCreator,createConstraintView,17,3,5
squirrel_sql-3.1.2,net.sourceforge.squirrel_sql.plugins.graph,ConstraintViewListener,foldingPointMoved,0,1,1
squirrel_sql-3.1.2,net.sourceforge.squirrel_sql.plugins.graph,ConstraintViewListener,removeNonDbConstraint,0,1,1
squirrel_sql-3.1.2,net.sourceforge.squirrel_sql.plugins.graph,DndCallback,dndImportDone,0,1,2
squirrel_sql-3.1.2,net.sourceforge.squirrel_sql.plugins.graph,DndCallback,createDndEvent,0,1,1
squirrel_sql-3.1.2,net.sourceforge.squirrel_sql.plugins.graph,DndColumn,getDndEvent,0,1,0
squirrel_sql-3.1.2,net.sourceforge.squirrel_sql.plugins.graph,DndColumn,setDndEvent,0,1,1
squirrel_sql-3.1.2,net.sourceforge.squirrel_sql.plugins.graph,DndEvent,DndEvent,4,1,2
squirrel_sql-3.1.2,net.sourceforge.squirrel_sql.plugins.graph,DndEvent,getTableFrameController,3,1,0
squirrel_sql-3.1.2,net.sourceforge.squirrel_sql.plugins.graph,DndEvent,getColumnInfo,3,1,0
squirrel_sql-3.1.2,net.sourceforge.squirrel_sql.plugins.graph,DndHandler,DndHandler,17,3,3
squirrel_sql-3.1.2,net.sourceforge.squirrel_sql.plugins.graph,DndHandler,mousePressed,10,3,1
squirrel_sql-3.1.2,net.sourceforge.squirrel_sql.plugins.graph,DndHandler,createTransferHandler,26,3,0
squirrel_sql-3.1.2,net.sourceforge.squirrel_sql.plugins.graph,DndHandler,importData,4,1,1
squirrel_sql-3.1.2,net.sourceforge.squirrel_sql.plugins.graph,DndHandler,canImport,8,2,2
squirrel_sql-3.1.2,net.sourceforge.squirrel_sql.plugins.graph,DndHandler,createTransferable,9,2,1
squirrel_sql-3.1.2,net.sourceforge.squirrel_sql.plugins.graph,DndHandler,getDndEvent,3,1,0
squirrel_sql-3.1.2,net.sourceforge.squirrel_sql.plugins.graph,DndHandler,setDndEvent,8,1,1
squirrel_sql-3.1.2,net.sourceforge.squirrel_sql.plugins.graph,EdgesGraphComponent,init,5,1,3
squirrel_sql-3.1.2,net.sourceforge.squirrel_sql.plugins.graph,EdgesGraphComponent,setBounds,4,1,2
squirrel_sql-3.1.2,net.sourceforge.squirrel_sql.plugins.graph,EdgesGraphComponent,paint,21,4,2
squirrel_sql-3.1.2,net.sourceforge.squirrel_sql.plugins.graph,EdgesGraphComponent,getRequiredSize,3,1,0
squirrel_sql-3.1.2,net.sourceforge.squirrel_sql.plugins.graph,EdgesListener,edgesGraphComponentChanged,0,1,2
squirrel_sql-3.1.2,net.sourceforge.squirrel_sql.plugins.graph,FoldingPoint,FoldingPoint,10,3,2
squirrel_sql-3.1.2,net.sourceforge.squirrel_sql.plugins.graph,FoldingPoint,FoldingPoint,4,1,1
squirrel_sql-3.1.2,net.sourceforge.squirrel_sql.plugins.graph,FoldingPoint,getZoomedPoint,12,2,0
squirrel_sql-3.1.2,net.sourceforge.squirrel_sql.plugins.graph,FoldingPoint,equals,4,1,1
squirrel_sql-3.1.2,net.sourceforge.squirrel_sql.plugins.graph,FoldingPoint,hashCode,3,1,0
squirrel_sql-3.1.2,net.sourceforge.squirrel_sql.plugins.graph,FoldingPoint,getUnZoomedPoint,3,1,0
squirrel_sql-3.1.2,net.sourceforge.squirrel_sql.plugins.graph,FormatController,FormatController,21,3,3
squirrel_sql-3.1.2,net.sourceforge.squirrel_sql.plugins.graph,FormatController,onSave,47,3,0
squirrel_sql-3.1.2,net.sourceforge.squirrel_sql.plugins.graph,FormatController,saveFormats,13,2,0
squirrel_sql-3.1.2,net.sourceforge.squirrel_sql.plugins.graph,FormatController,onNew,3,1,0
squirrel_sql-3.1.2,net.sourceforge.squirrel_sql.plugins.graph,FormatController,onListSelectionChanged,5,2,1
squirrel_sql-3.1.2,net.sourceforge.squirrel_sql.plugins.graph,FormatController,updateRightSideControls,21,3,0
squirrel_sql-3.1.2,net.sourceforge.squirrel_sql.plugins.graph,FormatController,getDefaultFormats,3,1,0
squirrel_sql-3.1.2,net.sourceforge.squirrel_sql.plugins.graph,FormatController,setVisible,72,3,1
squirrel_sql-3.1.2,net.sourceforge.squirrel_sql.plugins.graph,FormatController,valueChanged,3,1,1
squirrel_sql-3.1.2,net.sourceforge.squirrel_sql.plugins.graph,FormatController,mousePressed,3,1,1
squirrel_sql-3.1.2,net.sourceforge.squirrel_sql.plugins.graph,FormatController,mouseReleased,3,1,1
squirrel_sql-3.1.2,net.sourceforge.squirrel_sql.plugins.graph,FormatController,actionPerformed,3,1,1
squirrel_sql-3.1.2,net.sourceforge.squirrel_sql.plugins.graph,FormatController,actionPerformed,3,1,1
squirrel_sql-3.1.2,net.sourceforge.squirrel_sql.plugins.graph,FormatController,actionPerformed,3,1,1
squirrel_sql-3.1.2,net.sourceforge.squirrel_sql.plugins.graph,FormatController,actionPerformed,3,1,1
squirrel_sql-3.1.2,net.sourceforge.squirrel_sql.plugins.graph,FormatController,windowClosing,3,1,1
squirrel_sql-3.1.2,net.sourceforge.squirrel_sql.plugins.graph,FormatController,itemStateChanged,3,1,1
squirrel_sql-3.1.2,net.sourceforge.squirrel_sql.plugins.graph,FormatController,onLandscape,15,2,0
squirrel_sql-3.1.2,net.sourceforge.squirrel_sql.plugins.graph,FormatController,onDeleteSeletedListItems,24,6,0
squirrel_sql-3.1.2,net.sourceforge.squirrel_sql.plugins.graph,FormatController,maybeShowListPopUp,5,2,1
squirrel_sql-3.1.2,net.sourceforge.squirrel_sql.plugins.graph,FormatController,onUnitChanged,29,3,1
squirrel_sql-3.1.2,net.sourceforge.squirrel_sql.plugins.graph,FormatController,run,3,1,0
squirrel_sql-3.1.2,net.sourceforge.squirrel_sql.plugins.graph,FormatController,onWindowClosing,4,1,0
squirrel_sql-3.1.2,net.sourceforge.squirrel_sql.plugins.graph,FormatController,getFormats,6,2,0
squirrel_sql-3.1.2,net.sourceforge.squirrel_sql.plugins.graph,FormatController,close,7,2,0
squirrel_sql-3.1.2,net.sourceforge.squirrel_sql.plugins.graph,FormatController,Unit,4,1,2
squirrel_sql-3.1.2,net.sourceforge.squirrel_sql.plugins.graph,FormatController,getName,3,1,0
squirrel_sql-3.1.2,net.sourceforge.squirrel_sql.plugins.graph,FormatController,getInCm,3,1,0
squirrel_sql-3.1.2,net.sourceforge.squirrel_sql.plugins.graph,FormatController,toString,3,1,0
squirrel_sql-3.1.2,net.sourceforge.squirrel_sql.plugins.graph,Unit,Unit,4,1,2
squirrel_sql-3.1.2,net.sourceforge.squirrel_sql.plugins.graph,Unit,getName,3,1,0
squirrel_sql-3.1.2,net.sourceforge.squirrel_sql.plugins.graph,Unit,getInCm,3,1,0
squirrel_sql-3.1.2,net.sourceforge.squirrel_sql.plugins.graph,Unit,toString,3,1,0
squirrel_sql-3.1.2,net.sourceforge.squirrel_sql.plugins.graph,FormatControllerListener,formatsChanged,0,1,1
squirrel_sql-3.1.2,net.sourceforge.squirrel_sql.plugins.graph,FormatDlg,FormatDlg,50,1,1
squirrel_sql-3.1.2,net.sourceforge.squirrel_sql.plugins.graph,GraphComponent,paint,0,1,2
squirrel_sql-3.1.2,net.sourceforge.squirrel_sql.plugins.graph,GraphComponent,getRequiredSize,0,1,0
squirrel_sql-3.1.2,net.sourceforge.squirrel_sql.plugins.graph,GraphController,GraphController,73,5,3
squirrel_sql-3.1.2,net.sourceforge.squirrel_sql.plugins.graph,GraphController,saveGraphRequested,3,1,0
squirrel_sql-3.1.2,net.sourceforge.squirrel_sql.plugins.graph,GraphController,renameRequest,3,1,1
squirrel_sql-3.1.2,net.sourceforge.squirrel_sql.plugins.graph,GraphController,removeRequest,3,1,0
squirrel_sql-3.1.2,net.sourceforge.squirrel_sql.plugins.graph,GraphController,refreshAllTablesRequested,3,1,0
squirrel_sql-3.1.2,net.sourceforge.squirrel_sql.plugins.graph,GraphController,scriptAllTablesRequested,3,1,0
squirrel_sql-3.1.2,net.sourceforge.squirrel_sql.plugins.graph,GraphController,allTablesPkConstOrderRequested,3,1,0
squirrel_sql-3.1.2,net.sourceforge.squirrel_sql.plugins.graph,GraphController,allTablesByNameOrderRequested,3,1,0
squirrel_sql-3.1.2,net.sourceforge.squirrel_sql.plugins.graph,GraphController,allTablesDbOrderRequested,3,1,0
squirrel_sql-3.1.2,net.sourceforge.squirrel_sql.plugins.graph,GraphController,showQualifiedTableNamesRequested,3,1,0
squirrel_sql-3.1.2,net.sourceforge.squirrel_sql.plugins.graph,GraphController,closed,3,1,1
squirrel_sql-3.1.2,net.sourceforge.squirrel_sql.plugins.graph,GraphController,addTablesRequest,3,1,3
squirrel_sql-3.1.2,net.sourceforge.squirrel_sql.plugins.graph,GraphController,refreshTableNames,5,2,0
squirrel_sql-3.1.2,net.sourceforge.squirrel_sql.plugins.graph,GraphController,allTablesDbOrder,5,2,0
squirrel_sql-3.1.2,net.sourceforge.squirrel_sql.plugins.graph,GraphController,allTablesByNameOrder,5,2,0
squirrel_sql-3.1.2,net.sourceforge.squirrel_sql.plugins.graph,GraphController,allTablesPkConstOrder,5,2,0
squirrel_sql-3.1.2,net.sourceforge.squirrel_sql.plugins.graph,GraphController,scriptAllTables,8,2,0
squirrel_sql-3.1.2,net.sourceforge.squirrel_sql.plugins.graph,GraphController,refreshAllTables,6,2,0
squirrel_sql-3.1.2,net.sourceforge.squirrel_sql.plugins.graph,GraphController,removeGraph,5,1,0
squirrel_sql-3.1.2,net.sourceforge.squirrel_sql.plugins.graph,GraphController,renameGraph,11,2,1
squirrel_sql-3.1.2,net.sourceforge.squirrel_sql.plugins.graph,GraphController,saveGraph,14,2,0
squirrel_sql-3.1.2,net.sourceforge.squirrel_sql.plugins.graph,GraphController,onAddTablesRequest,6,2,3
squirrel_sql-3.1.2,net.sourceforge.squirrel_sql.plugins.graph,GraphController,onTableFrameControllerClosed,7,2,1
squirrel_sql-3.1.2,net.sourceforge.squirrel_sql.plugins.graph,GraphController,addTable,6,1,2
squirrel_sql-3.1.2,net.sourceforge.squirrel_sql.plugins.graph,GraphController,addTableIntern,21,3,5
squirrel_sql-3.1.2,net.sourceforge.squirrel_sql.plugins.graph,GraphController,run,5,1,0
squirrel_sql-3.1.2,net.sourceforge.squirrel_sql.plugins.graph,GraphController,getOpenTableFrameControllers,3,1,0
squirrel_sql-3.1.2,net.sourceforge.squirrel_sql.plugins.graph,GraphController,calcPosition,32,8,2
squirrel_sql-3.1.2,net.sourceforge.squirrel_sql.plugins.graph,GraphController,isRectangleOccupied,15,4,3
squirrel_sql-3.1.2,net.sourceforge.squirrel_sql.plugins.graph,GraphController,isInDesktop,6,2,1
squirrel_sql-3.1.2,net.sourceforge.squirrel_sql.plugins.graph,GraphController,initsAfterFrameAdded,15,4,3
squirrel_sql-3.1.2,net.sourceforge.squirrel_sql.plugins.graph,GraphController,getTitle,3,1,0
squirrel_sql-3.1.2,net.sourceforge.squirrel_sql.plugins.graph,GraphController,toString,3,1,0
squirrel_sql-3.1.2,net.sourceforge.squirrel_sql.plugins.graph,GraphController,sessionEnding,3,1,0
squirrel_sql-3.1.2,net.sourceforge.squirrel_sql.plugins.graph,GraphControllerAccessor,getOpenTableFrameControllers,0,1,0
squirrel_sql-3.1.2,net.sourceforge.squirrel_sql.plugins.graph,GraphDesktopController,GraphDesktopController,29,1,3
squirrel_sql-3.1.2,net.sourceforge.squirrel_sql.plugins.graph,GraphDesktopController,mouseClicked,3,1,1
squirrel_sql-3.1.2,net.sourceforge.squirrel_sql.plugins.graph,GraphDesktopController,mousePressed,3,1,1
squirrel_sql-3.1.2,net.sourceforge.squirrel_sql.plugins.graph,GraphDesktopController,mouseReleased,3,1,1
squirrel_sql-3.1.2,net.sourceforge.squirrel_sql.plugins.graph,GraphDesktopController,mouseDragged,3,1,1
squirrel_sql-3.1.2,net.sourceforge.squirrel_sql.plugins.graph,GraphDesktopController,initZoomer,12,1,2
squirrel_sql-3.1.2,net.sourceforge.squirrel_sql.plugins.graph,GraphDesktopController,edgesGraphComponentChanged,3,1,2
squirrel_sql-3.1.2,net.sourceforge.squirrel_sql.plugins.graph,GraphDesktopController,onEdgesGraphComponentChanged,9,2,2
squirrel_sql-3.1.2,net.sourceforge.squirrel_sql.plugins.graph,GraphDesktopController,createPopUp,95,1,0
squirrel_sql-3.1.2,net.sourceforge.squirrel_sql.plugins.graph,GraphDesktopController,actionPerformed,3,1,1
squirrel_sql-3.1.2,net.sourceforge.squirrel_sql.plugins.graph,GraphDesktopController,actionPerformed,3,1,1
squirrel_sql-3.1.2,net.sourceforge.squirrel_sql.plugins.graph,GraphDesktopController,actionPerformed,3,1,1
squirrel_sql-3.1.2,net.sourceforge.squirrel_sql.plugins.graph,GraphDesktopController,actionPerformed,3,1,1
squirrel_sql-3.1.2,net.sourceforge.squirrel_sql.plugins.graph,GraphDesktopController,actionPerformed,3,1,1
squirrel_sql-3.1.2,net.sourceforge.squirrel_sql.plugins.graph,GraphDesktopController,actionPerformed,3,1,1
squirrel_sql-3.1.2,net.sourceforge.squirrel_sql.plugins.graph,GraphDesktopController,actionPerformed,3,1,1
squirrel_sql-3.1.2,net.sourceforge.squirrel_sql.plugins.graph,GraphDesktopController,actionPerformed,3,1,1
squirrel_sql-3.1.2,net.sourceforge.squirrel_sql.plugins.graph,GraphDesktopController,actionPerformed,3,1,1
squirrel_sql-3.1.2,net.sourceforge.squirrel_sql.plugins.graph,GraphDesktopController,actionPerformed,3,1,1
squirrel_sql-3.1.2,net.sourceforge.squirrel_sql.plugins.graph,GraphDesktopController,actionPerformed,3,1,1
squirrel_sql-3.1.2,net.sourceforge.squirrel_sql.plugins.graph,GraphDesktopController,onShowQualifiedTableNames,3,1,0
squirrel_sql-3.1.2,net.sourceforge.squirrel_sql.plugins.graph,GraphDesktopController,onAllTablesPkConstOrder,3,1,0
squirrel_sql-3.1.2,net.sourceforge.squirrel_sql.plugins.graph,GraphDesktopController,onAllTablesByNameOrder,3,1,0
squirrel_sql-3.1.2,net.sourceforge.squirrel_sql.plugins.graph,GraphDesktopController,onAllTablesDbOrder,3,1,0
squirrel_sql-3.1.2,net.sourceforge.squirrel_sql.plugins.graph,GraphDesktopController,onScriptAllTables,3,1,0
squirrel_sql-3.1.2,net.sourceforge.squirrel_sql.plugins.graph,GraphDesktopController,onRefreshAllTables,3,1,0
squirrel_sql-3.1.2,net.sourceforge.squirrel_sql.plugins.graph,GraphDesktopController,onZoomPrint,3,1,0
squirrel_sql-3.1.2,net.sourceforge.squirrel_sql.plugins.graph,GraphDesktopController,onRemoveGraph,6,2,0
squirrel_sql-3.1.2,net.sourceforge.squirrel_sql.plugins.graph,GraphDesktopController,onRenameGraph,6,2,0
squirrel_sql-3.1.2,net.sourceforge.squirrel_sql.plugins.graph,GraphDesktopController,onSaveGraph,3,1,0
squirrel_sql-3.1.2,net.sourceforge.squirrel_sql.plugins.graph,GraphDesktopController,maybeShowPopup,5,2,1
squirrel_sql-3.1.2,net.sourceforge.squirrel_sql.plugins.graph,GraphDesktopController,putConstraintViews,3,1,1
squirrel_sql-3.1.2,net.sourceforge.squirrel_sql.plugins.graph,GraphDesktopController,removeConstraintViews,8,3,2
squirrel_sql-3.1.2,net.sourceforge.squirrel_sql.plugins.graph,GraphDesktopController,refreshSelection,18,6,2
squirrel_sql-3.1.2,net.sourceforge.squirrel_sql.plugins.graph,GraphDesktopController,onMouseReleased,10,2,1
squirrel_sql-3.1.2,net.sourceforge.squirrel_sql.plugins.graph,GraphDesktopController,onMousePressed,21,3,1
squirrel_sql-3.1.2,net.sourceforge.squirrel_sql.plugins.graph,GraphDesktopController,run,3,1,0
squirrel_sql-3.1.2,net.sourceforge.squirrel_sql.plugins.graph,GraphDesktopController,onMouseClicked,12,2,1
squirrel_sql-3.1.2,net.sourceforge.squirrel_sql.plugins.graph,GraphDesktopController,run,3,1,0
squirrel_sql-3.1.2,net.sourceforge.squirrel_sql.plugins.graph,GraphDesktopController,onMouseDragged,5,2,1
squirrel_sql-3.1.2,net.sourceforge.squirrel_sql.plugins.graph,GraphDesktopController,findHit,13,4,1
squirrel_sql-3.1.2,net.sourceforge.squirrel_sql.plugins.graph,GraphDesktopController,repaint,3,1,0
squirrel_sql-3.1.2,net.sourceforge.squirrel_sql.plugins.graph,GraphDesktopController,getGraphPanel,3,1,0
squirrel_sql-3.1.2,net.sourceforge.squirrel_sql.plugins.graph,GraphDesktopController,addFrame,3,1,1
squirrel_sql-3.1.2,net.sourceforge.squirrel_sql.plugins.graph,GraphDesktopController,getDesktopPane,3,1,0
squirrel_sql-3.1.2,net.sourceforge.squirrel_sql.plugins.graph,GraphDesktopController,isShowConstraintNames,3,1,0
squirrel_sql-3.1.2,net.sourceforge.squirrel_sql.plugins.graph,GraphDesktopController,setShowConstraintNames,3,1,1
squirrel_sql-3.1.2,net.sourceforge.squirrel_sql.plugins.graph,GraphDesktopController,getZoomer,3,1,0
squirrel_sql-3.1.2,net.sourceforge.squirrel_sql.plugins.graph,GraphDesktopController,getZoomPrintController,3,1,0
squirrel_sql-3.1.2,net.sourceforge.squirrel_sql.plugins.graph,GraphDesktopController,sessionEnding,3,1,0
squirrel_sql-3.1.2,net.sourceforge.squirrel_sql.plugins.graph,GraphDesktopController,setShowQualifiedTableNames,3,1,1
squirrel_sql-3.1.2,net.sourceforge.squirrel_sql.plugins.graph,GraphDesktopController,isShowQualifiedTableNames,3,1,0
squirrel_sql-3.1.2,net.sourceforge.squirrel_sql.plugins.graph,GraphDesktopListener,saveGraphRequested,0,1,0
squirrel_sql-3.1.2,net.sourceforge.squirrel_sql.plugins.graph,GraphDesktopListener,renameRequest,0,1,1
squirrel_sql-3.1.2,net.sourceforge.squirrel_sql.plugins.graph,GraphDesktopListener,removeRequest,0,1,0
squirrel_sql-3.1.2,net.sourceforge.squirrel_sql.plugins.graph,GraphDesktopListener,refreshAllTablesRequested,0,1,0
squirrel_sql-3.1.2,net.sourceforge.squirrel_sql.plugins.graph,GraphDesktopListener,scriptAllTablesRequested,0,1,0
squirrel_sql-3.1.2,net.sourceforge.squirrel_sql.plugins.graph,GraphDesktopListener,allTablesPkConstOrderRequested,0,1,0
squirrel_sql-3.1.2,net.sourceforge.squirrel_sql.plugins.graph,GraphDesktopListener,allTablesByNameOrderRequested,0,1,0
squirrel_sql-3.1.2,net.sourceforge.squirrel_sql.plugins.graph,GraphDesktopListener,allTablesDbOrderRequested,0,1,0
squirrel_sql-3.1.2,net.sourceforge.squirrel_sql.plugins.graph,GraphDesktopListener,showQualifiedTableNamesRequested,0,1,0
squirrel_sql-3.1.2,net.sourceforge.squirrel_sql.plugins.graph,GraphDesktopPane,GraphDesktopPane,9,1,1
squirrel_sql-3.1.2,net.sourceforge.squirrel_sql.plugins.graph,GraphDesktopPane,foldingPointMoved,3,1,1
squirrel_sql-3.1.2,net.sourceforge.squirrel_sql.plugins.graph,GraphDesktopPane,paint,6,1,1
squirrel_sql-3.1.2,net.sourceforge.squirrel_sql.plugins.graph,GraphDesktopPane,paintGraphComponents,9,3,1
squirrel_sql-3.1.2,net.sourceforge.squirrel_sql.plugins.graph,GraphDesktopPane,putGraphComponents,10,4,1
squirrel_sql-3.1.2,net.sourceforge.squirrel_sql.plugins.graph,GraphDesktopPane,removeGraphComponents,3,1,1
squirrel_sql-3.1.2,net.sourceforge.squirrel_sql.plugins.graph,GraphDesktopPane,getGraphComponents,3,1,0
squirrel_sql-3.1.2,net.sourceforge.squirrel_sql.plugins.graph,GraphDesktopPane,getRequiredSize,14,4,0
squirrel_sql-3.1.2,net.sourceforge.squirrel_sql.plugins.graph,GraphDesktopPane,initPrint,6,1,3
squirrel_sql-3.1.2,net.sourceforge.squirrel_sql.plugins.graph,GraphDesktopPane,initPrintNoScaleSinglePage,7,1,0
squirrel_sql-3.1.2,net.sourceforge.squirrel_sql.plugins.graph,GraphDesktopPane,print,30,2,3
squirrel_sql-3.1.2,net.sourceforge.squirrel_sql.plugins.graph,GraphDesktopPane,getPageHeightInPixel,3,1,1
squirrel_sql-3.1.2,net.sourceforge.squirrel_sql.plugins.graph,GraphDesktopPane,getPageWidthInPixel,3,1,1
squirrel_sql-3.1.2,net.sourceforge.squirrel_sql.plugins.graph,GraphDesktopPane,getPageCountHorizontal,3,1,1
squirrel_sql-3.1.2,net.sourceforge.squirrel_sql.plugins.graph,GraphDesktopPane,getPageCountVertical,3,1,1
squirrel_sql-3.1.2,net.sourceforge.squirrel_sql.plugins.graph,GraphDesktopPane,roundPageCount,3,1,1
squirrel_sql-3.1.2,net.sourceforge.squirrel_sql.plugins.graph,GraphLine,GraphLine,4,1,2
squirrel_sql-3.1.2,net.sourceforge.squirrel_sql.plugins.graph,GraphLine,GraphLine,4,1,2
squirrel_sql-3.1.2,net.sourceforge.squirrel_sql.plugins.graph,GraphLine,GraphLine,4,1,2
squirrel_sql-3.1.2,net.sourceforge.squirrel_sql.plugins.graph,GraphLine,GraphLine,4,1,2
squirrel_sql-3.1.2,net.sourceforge.squirrel_sql.plugins.graph,GraphLine,GraphLine,14,3,1
squirrel_sql-3.1.2,net.sourceforge.squirrel_sql.plugins.graph,GraphLine,getBegin,8,2,0
squirrel_sql-3.1.2,net.sourceforge.squirrel_sql.plugins.graph,GraphLine,getEnd,8,2,0
squirrel_sql-3.1.2,net.sourceforge.squirrel_sql.plugins.graph,GraphMainPanelTab,GraphMainPanelTab,3,1,1
squirrel_sql-3.1.2,net.sourceforge.squirrel_sql.plugins.graph,GraphMainPanelTab,refreshComponent,3,1,0
squirrel_sql-3.1.2,net.sourceforge.squirrel_sql.plugins.graph,GraphMainPanelTab,getTitle,3,1,0
squirrel_sql-3.1.2,net.sourceforge.squirrel_sql.plugins.graph,GraphMainPanelTab,getHint,3,1,0
squirrel_sql-3.1.2,net.sourceforge.squirrel_sql.plugins.graph,GraphMainPanelTab,getComponent,3,1,0
squirrel_sql-3.1.2,net.sourceforge.squirrel_sql.plugins.graph,GraphMainPanelTab,setTitle,3,1,1
squirrel_sql-3.1.2,net.sourceforge.squirrel_sql.plugins.graph,GraphPlugin,getInternalName,3,1,0
squirrel_sql-3.1.2,net.sourceforge.squirrel_sql.plugins.graph,GraphPlugin,getDescriptiveName,3,1,0
squirrel_sql-3.1.2,net.sourceforge.squirrel_sql.plugins.graph,GraphPlugin,getVersion,3,1,0
squirrel_sql-3.1.2,net.sourceforge.squirrel_sql.plugins.graph,GraphPlugin,getAuthor,3,1,0
squirrel_sql-3.1.2,net.sourceforge.squirrel_sql.plugins.graph,GraphPlugin,getChangeLogFileName,3,1,0
squirrel_sql-3.1.2,net.sourceforge.squirrel_sql.plugins.graph,GraphPlugin,getHelpFileName,3,1,0
squirrel_sql-3.1.2,net.sourceforge.squirrel_sql.plugins.graph,GraphPlugin,getLicenceFileName,3,1,0
squirrel_sql-3.1.2,net.sourceforge.squirrel_sql.plugins.graph,GraphPlugin,initialize,7,1,0
squirrel_sql-3.1.2,net.sourceforge.squirrel_sql.plugins.graph,GraphPlugin,unload,3,1,0
squirrel_sql-3.1.2,net.sourceforge.squirrel_sql.plugins.graph,GraphPlugin,sessionStarted,12,2,1
squirrel_sql-3.1.2,net.sourceforge.squirrel_sql.plugins.graph,GraphPlugin,sessionEnding,6,2,1
squirrel_sql-3.1.2,net.sourceforge.squirrel_sql.plugins.graph,GraphPlugin,getGraphControllers,3,1,1
squirrel_sql-3.1.2,net.sourceforge.squirrel_sql.plugins.graph,GraphPlugin,patchName,36,10,2
squirrel_sql-3.1.2,net.sourceforge.squirrel_sql.plugins.graph,GraphPlugin,createNewGraphControllerForSession,12,2,1
squirrel_sql-3.1.2,net.sourceforge.squirrel_sql.plugins.graph,GraphPlugin,removeGraphController,11,3,2
squirrel_sql-3.1.2,net.sourceforge.squirrel_sql.plugins.graph,GraphPluginResources,GraphPluginResources,3,1,1
squirrel_sql-3.1.2,net.sourceforge.squirrel_sql.plugins.graph,GraphPrintable,initPrint,0,1,3
squirrel_sql-3.1.2,net.sourceforge.squirrel_sql.plugins.graph,GraphPrintable,initPrintNoScaleSinglePage,0,1,0
squirrel_sql-3.1.2,net.sourceforge.squirrel_sql.plugins.graph,GraphSelectionDialog,GraphSelectionDialog,15,1,1
squirrel_sql-3.1.2,net.sourceforge.squirrel_sql.plugins.graph,GraphSelectionDialog,createButtonPanel,15,1,0
squirrel_sql-3.1.2,net.sourceforge.squirrel_sql.plugins.graph,GraphSelectionDialogController,GraphSelectionDialogController,41,1,2
squirrel_sql-3.1.2,net.sourceforge.squirrel_sql.plugins.graph,GraphSelectionDialogController,mouseClicked,3,1,1
squirrel_sql-3.1.2,net.sourceforge.squirrel_sql.plugins.graph,GraphSelectionDialogController,actionPerformed,3,1,1
squirrel_sql-3.1.2,net.sourceforge.squirrel_sql.plugins.graph,GraphSelectionDialogController,actionPerformed,3,1,1
squirrel_sql-3.1.2,net.sourceforge.squirrel_sql.plugins.graph,GraphSelectionDialogController,actionPerformed,3,1,1
squirrel_sql-3.1.2,net.sourceforge.squirrel_sql.plugins.graph,GraphSelectionDialogController,actionPerformed,3,1,1
squirrel_sql-3.1.2,net.sourceforge.squirrel_sql.plugins.graph,GraphSelectionDialogController,onCancel,3,1,0
squirrel_sql-3.1.2,net.sourceforge.squirrel_sql.plugins.graph,GraphSelectionDialogController,close,4,1,0
squirrel_sql-3.1.2,net.sourceforge.squirrel_sql.plugins.graph,GraphSelectionDialogController,onCreateNewGraph,4,1,0
squirrel_sql-3.1.2,net.sourceforge.squirrel_sql.plugins.graph,GraphSelectionDialogController,onOK,3,1,0
squirrel_sql-3.1.2,net.sourceforge.squirrel_sql.plugins.graph,GraphSelectionDialogController,onMouseClickedList,5,2,1
squirrel_sql-3.1.2,net.sourceforge.squirrel_sql.plugins.graph,GraphSelectionDialogController,processSelection,11,3,0
squirrel_sql-3.1.2,net.sourceforge.squirrel_sql.plugins.graph,GraphSelectionDialogController,doModal,4,1,0
squirrel_sql-3.1.2,net.sourceforge.squirrel_sql.plugins.graph,GraphSelectionDialogController,isOK,3,1,0
squirrel_sql-3.1.2,net.sourceforge.squirrel_sql.plugins.graph,GraphSelectionDialogController,getSelectedController,3,1,0
squirrel_sql-3.1.2,net.sourceforge.squirrel_sql.plugins.graph,GraphTextAreaFactory,GraphTextAreaFactory,7,1,4
squirrel_sql-3.1.2,net.sourceforge.squirrel_sql.plugins.graph,GraphTextAreaFactory,getComponent,8,2,1
squirrel_sql-3.1.2,net.sourceforge.squirrel_sql.plugins.graph,GraphTextAreaFactory,getBestReadyComponent,11,3,0
squirrel_sql-3.1.2,net.sourceforge.squirrel_sql.plugins.graph,GraphTextAreaFactory,getGraphics,7,2,0
squirrel_sql-3.1.2,net.sourceforge.squirrel_sql.plugins.graph,GraphTextAreaFactory,getFont,7,2,0
squirrel_sql-3.1.2,net.sourceforge.squirrel_sql.plugins.graph,GraphTextAreaFactory,setColumns,4,1,1
squirrel_sql-3.1.2,net.sourceforge.squirrel_sql.plugins.graph,GraphTextAreaFactory,addMouseListener,4,1,1
squirrel_sql-3.1.2,net.sourceforge.squirrel_sql.plugins.graph,PixelCalculater,PixelCalculater,4,1,2
squirrel_sql-3.1.2,net.sourceforge.squirrel_sql.plugins.graph,PixelCalculater,PixelCalculater,3,1,1
squirrel_sql-3.1.2,net.sourceforge.squirrel_sql.plugins.graph,PixelCalculater,getPixelWidth,4,1,0
squirrel_sql-3.1.2,net.sourceforge.squirrel_sql.plugins.graph,PixelCalculater,getPixelHeight,4,1,0
squirrel_sql-3.1.2,net.sourceforge.squirrel_sql.plugins.graph,ScriptInterface,scriptTablesToSQLEntryArea,0,1,2
squirrel_sql-3.1.2,net.sourceforge.squirrel_sql.plugins.graph,SqlScriptAcessor,scriptTablesToSQLEntryArea,9,2,2
squirrel_sql-3.1.2,net.sourceforge.squirrel_sql.plugins.graph,TableFrame,TableFrame,38,2,6
squirrel_sql-3.1.2,net.sourceforge.squirrel_sql.plugins.graph,TableFrame,zoomChanged,2,1,3
squirrel_sql-3.1.2,net.sourceforge.squirrel_sql.plugins.graph,TableFrame,zoomEnabled,3,1,1
squirrel_sql-3.1.2,net.sourceforge.squirrel_sql.plugins.graph,TableFrame,setHideScrollBars,2,1,1
squirrel_sql-3.1.2,net.sourceforge.squirrel_sql.plugins.graph,TableFrame,setVisible,12,3,1
squirrel_sql-3.1.2,net.sourceforge.squirrel_sql.plugins.graph,TableFrame,onZoomEnabled,4,1,1
squirrel_sql-3.1.2,net.sourceforge.squirrel_sql.plugins.graph,TableFrame,getTitlePane,3,1,0
squirrel_sql-3.1.2,net.sourceforge.squirrel_sql.plugins.graph,TableFrame,getXmlBean,10,1,0
squirrel_sql-3.1.2,net.sourceforge.squirrel_sql.plugins.graph,TableFrame,MyUI,3,1,1
squirrel_sql-3.1.2,net.sourceforge.squirrel_sql.plugins.graph,TableFrame,createNorthPane,4,1,1
squirrel_sql-3.1.2,net.sourceforge.squirrel_sql.plugins.graph,TableFrame,getTitlePane,3,1,0
squirrel_sql-3.1.2,net.sourceforge.squirrel_sql.plugins.graph,TableFrame,MyTitlePaneUI,3,1,1
squirrel_sql-3.1.2,net.sourceforge.squirrel_sql.plugins.graph,TableFrame,installDefaults,8,1,0
squirrel_sql-3.1.2,net.sourceforge.squirrel_sql.plugins.graph,TableFrame,paintTitleBackground,4,1,1
squirrel_sql-3.1.2,net.sourceforge.squirrel_sql.plugins.graph,TableFrame,paintComponent,32,7,1
squirrel_sql-3.1.2,net.sourceforge.squirrel_sql.plugins.graph,TableFrame,createLayout,3,1,0
squirrel_sql-3.1.2,net.sourceforge.squirrel_sql.plugins.graph,TableFrame,getPreferredSize,5,1,0
squirrel_sql-3.1.2,net.sourceforge.squirrel_sql.plugins.graph,TableFrame,createSystemMenuBar,15,1,0
squirrel_sql-3.1.2,net.sourceforge.squirrel_sql.plugins.graph,TableFrame,setSize,3,1,2
squirrel_sql-3.1.2,net.sourceforge.squirrel_sql.plugins.graph,TableFrame,setBounds,3,1,4
squirrel_sql-3.1.2,net.sourceforge.squirrel_sql.plugins.graph,TableFrame,minimumLayoutSize,6,1,1
squirrel_sql-3.1.2,net.sourceforge.squirrel_sql.plugins.graph,MyUI,MyUI,3,1,1
squirrel_sql-3.1.2,net.sourceforge.squirrel_sql.plugins.graph,MyUI,createNorthPane,4,1,1
squirrel_sql-3.1.2,net.sourceforge.squirrel_sql.plugins.graph,MyUI,getTitlePane,3,1,0
squirrel_sql-3.1.2,net.sourceforge.squirrel_sql.plugins.graph,MyTitlePaneUI,MyTitlePaneUI,3,1,1
squirrel_sql-3.1.2,net.sourceforge.squirrel_sql.plugins.graph,MyTitlePaneUI,installDefaults,8,1,0
squirrel_sql-3.1.2,net.sourceforge.squirrel_sql.plugins.graph,MyTitlePaneUI,paintTitleBackground,4,1,1
squirrel_sql-3.1.2,net.sourceforge.squirrel_sql.plugins.graph,MyTitlePaneUI,paintComponent,32,7,1
squirrel_sql-3.1.2,net.sourceforge.squirrel_sql.plugins.graph,MyTitlePaneUI,createLayout,3,1,0
squirrel_sql-3.1.2,net.sourceforge.squirrel_sql.plugins.graph,MyTitlePaneUI,getPreferredSize,5,1,0
squirrel_sql-3.1.2,net.sourceforge.squirrel_sql.plugins.graph,MyTitlePaneUI,createSystemMenuBar,15,1,0
squirrel_sql-3.1.2,net.sourceforge.squirrel_sql.plugins.graph,MyTitlePaneUI,setSize,3,1,2
squirrel_sql-3.1.2,net.sourceforge.squirrel_sql.plugins.graph,MyTitlePaneUI,setBounds,3,1,4
squirrel_sql-3.1.2,net.sourceforge.squirrel_sql.plugins.graph,MyTitlePaneUI,minimumLayoutSize,6,1,1
squirrel_sql-3.1.2,net.sourceforge.squirrel_sql.plugins.graph,MyTitlePaneLayout,minimumLayoutSize,6,1,1
squirrel_sql-3.1.2,net.sourceforge.squirrel_sql.plugins.graph,TableFrameController,TableFrameController,89,4,8
squirrel_sql-3.1.2,net.sourceforge.squirrel_sql.plugins.graph,TableFrameController,getToolTipText,3,1,1
squirrel_sql-3.1.2,net.sourceforge.squirrel_sql.plugins.graph,TableFrameController,foldingPointMoved,3,1,1
squirrel_sql-3.1.2,net.sourceforge.squirrel_sql.plugins.graph,TableFrameController,removeNonDbConstraint,3,1,1
squirrel_sql-3.1.2,net.sourceforge.squirrel_sql.plugins.graph,TableFrameController,internalFrameClosing,3,1,1
squirrel_sql-3.1.2,net.sourceforge.squirrel_sql.plugins.graph,TableFrameController,componentMoved,3,1,1
squirrel_sql-3.1.2,net.sourceforge.squirrel_sql.plugins.graph,TableFrameController,componentResized,3,1,1
squirrel_sql-3.1.2,net.sourceforge.squirrel_sql.plugins.graph,TableFrameController,componentShown,3,1,1
squirrel_sql-3.1.2,net.sourceforge.squirrel_sql.plugins.graph,TableFrameController,adjustmentValueChanged,3,1,1
squirrel_sql-3.1.2,net.sourceforge.squirrel_sql.plugins.graph,TableFrameController,zoomChanged,3,1,3
squirrel_sql-3.1.2,net.sourceforge.squirrel_sql.plugins.graph,TableFrameController,zoomEnabled,3,1,1
squirrel_sql-3.1.2,net.sourceforge.squirrel_sql.plugins.graph,TableFrameController,setHideScrollBars,3,1,1
squirrel_sql-3.1.2,net.sourceforge.squirrel_sql.plugins.graph,TableFrameController,createDndCallback,11,1,0
squirrel_sql-3.1.2,net.sourceforge.squirrel_sql.plugins.graph,TableFrameController,dndImportDone,3,1,2
squirrel_sql-3.1.2,net.sourceforge.squirrel_sql.plugins.graph,TableFrameController,createDndEvent,3,1,1
squirrel_sql-3.1.2,net.sourceforge.squirrel_sql.plugins.graph,TableFrameController,onCreateDndEvent,3,1,1
squirrel_sql-3.1.2,net.sourceforge.squirrel_sql.plugins.graph,TableFrameController,onDndImportDone,12,2,2
squirrel_sql-3.1.2,net.sourceforge.squirrel_sql.plugins.graph,TableFrameController,onRemoveNonDbConstraint,10,1,1
squirrel_sql-3.1.2,net.sourceforge.squirrel_sql.plugins.graph,TableFrameController,getDisplayName,8,2,0
squirrel_sql-3.1.2,net.sourceforge.squirrel_sql.plugins.graph,TableFrameController,getQualifiedName,11,3,0
squirrel_sql-3.1.2,net.sourceforge.squirrel_sql.plugins.graph,TableFrameController,initFromDB,99,15,0
squirrel_sql-3.1.2,net.sourceforge.squirrel_sql.plugins.graph,TableFrameController,removeOverlappingConstraints,12,4,2
squirrel_sql-3.1.2,net.sourceforge.squirrel_sql.plugins.graph,TableFrameController,onZoomEnabled,8,2,1
squirrel_sql-3.1.2,net.sourceforge.squirrel_sql.plugins.graph,TableFrameController,onHideScrollBars,10,2,1
squirrel_sql-3.1.2,net.sourceforge.squirrel_sql.plugins.graph,TableFrameController,onZoomChanged,18,3,3
squirrel_sql-3.1.2,net.sourceforge.squirrel_sql.plugins.graph,TableFrameController,onGetToolTipText,7,2,1
squirrel_sql-3.1.2,net.sourceforge.squirrel_sql.plugins.graph,TableFrameController,getColumnInfoForPoint,11,3,1
squirrel_sql-3.1.2,net.sourceforge.squirrel_sql.plugins.graph,TableFrameController,getXmlBean,20,3,0
squirrel_sql-3.1.2,net.sourceforge.squirrel_sql.plugins.graph,TableFrameController,createPopUp,122,1,0
squirrel_sql-3.1.2,net.sourceforge.squirrel_sql.plugins.graph,TableFrameController,actionPerformed,3,1,1
squirrel_sql-3.1.2,net.sourceforge.squirrel_sql.plugins.graph,TableFrameController,actionPerformed,3,1,1
squirrel_sql-3.1.2,net.sourceforge.squirrel_sql.plugins.graph,TableFrameController,actionPerformed,3,1,1
squirrel_sql-3.1.2,net.sourceforge.squirrel_sql.plugins.graph,TableFrameController,actionPerformed,3,1,1
squirrel_sql-3.1.2,net.sourceforge.squirrel_sql.plugins.graph,TableFrameController,actionPerformed,3,1,1
squirrel_sql-3.1.2,net.sourceforge.squirrel_sql.plugins.graph,TableFrameController,actionPerformed,3,1,1
squirrel_sql-3.1.2,net.sourceforge.squirrel_sql.plugins.graph,TableFrameController,actionPerformed,3,1,1
squirrel_sql-3.1.2,net.sourceforge.squirrel_sql.plugins.graph,TableFrameController,actionPerformed,3,1,1
squirrel_sql-3.1.2,net.sourceforge.squirrel_sql.plugins.graph,TableFrameController,actionPerformed,3,1,1
squirrel_sql-3.1.2,net.sourceforge.squirrel_sql.plugins.graph,TableFrameController,actionPerformed,3,1,1
squirrel_sql-3.1.2,net.sourceforge.squirrel_sql.plugins.graph,TableFrameController,actionPerformed,3,1,1
squirrel_sql-3.1.2,net.sourceforge.squirrel_sql.plugins.graph,TableFrameController,actionPerformed,3,1,1
squirrel_sql-3.1.2,net.sourceforge.squirrel_sql.plugins.graph,TableFrameController,actionPerformed,5,1,1
squirrel_sql-3.1.2,net.sourceforge.squirrel_sql.plugins.graph,TableFrameController,mousePressed,3,1,1
squirrel_sql-3.1.2,net.sourceforge.squirrel_sql.plugins.graph,TableFrameController,mouseReleased,3,1,1
squirrel_sql-3.1.2,net.sourceforge.squirrel_sql.plugins.graph,TableFrameController,onCopyTableName,11,2,1
squirrel_sql-3.1.2,net.sourceforge.squirrel_sql.plugins.graph,TableFrameController,onViewTableInObjectTree,3,1,0
squirrel_sql-3.1.2,net.sourceforge.squirrel_sql.plugins.graph,TableFrameController,onScriptTable,3,1,0
squirrel_sql-3.1.2,net.sourceforge.squirrel_sql.plugins.graph,TableFrameController,getTableInfo,3,1,0
squirrel_sql-3.1.2,net.sourceforge.squirrel_sql.plugins.graph,TableFrameController,onRefresh,3,1,0
squirrel_sql-3.1.2,net.sourceforge.squirrel_sql.plugins.graph,TableFrameController,refresh,17,2,0
squirrel_sql-3.1.2,net.sourceforge.squirrel_sql.plugins.graph,TableFrameController,onAddTableForForeignKey,3,1,1
squirrel_sql-3.1.2,net.sourceforge.squirrel_sql.plugins.graph,TableFrameController,pkConstraintOrder,11,1,0
squirrel_sql-3.1.2,net.sourceforge.squirrel_sql.plugins.graph,TableFrameController,run,4,1,0
squirrel_sql-3.1.2,net.sourceforge.squirrel_sql.plugins.graph,TableFrameController,nameOrder,11,1,0
squirrel_sql-3.1.2,net.sourceforge.squirrel_sql.plugins.graph,TableFrameController,run,4,1,0
squirrel_sql-3.1.2,net.sourceforge.squirrel_sql.plugins.graph,TableFrameController,dbOrder,11,1,0
squirrel_sql-3.1.2,net.sourceforge.squirrel_sql.plugins.graph,TableFrameController,run,4,1,0
squirrel_sql-3.1.2,net.sourceforge.squirrel_sql.plugins.graph,TableFrameController,refreshTableName,3,1,0
squirrel_sql-3.1.2,net.sourceforge.squirrel_sql.plugins.graph,TableFrameController,fireSortListeners,6,2,0
squirrel_sql-3.1.2,net.sourceforge.squirrel_sql.plugins.graph,TableFrameController,orderColumns,74,10,0
squirrel_sql-3.1.2,net.sourceforge.squirrel_sql.plugins.graph,TableFrameController,compare,3,1,2
squirrel_sql-3.1.2,net.sourceforge.squirrel_sql.plugins.graph,TableFrameController,compare,26,6,2
squirrel_sql-3.1.2,net.sourceforge.squirrel_sql.plugins.graph,TableFrameController,run,6,2,0
squirrel_sql-3.1.2,net.sourceforge.squirrel_sql.plugins.graph,TableFrameController,onAddAllRelatedTables,4,1,0
squirrel_sql-3.1.2,net.sourceforge.squirrel_sql.plugins.graph,TableFrameController,onAddChildTables,18,3,0
squirrel_sql-3.1.2,net.sourceforge.squirrel_sql.plugins.graph,TableFrameController,onAddParentTables,7,2,0
squirrel_sql-3.1.2,net.sourceforge.squirrel_sql.plugins.graph,TableFrameController,maybeShowPopup,21,5,1
squirrel_sql-3.1.2,net.sourceforge.squirrel_sql.plugins.graph,TableFrameController,initAfterAddedToDesktop,11,3,2
squirrel_sql-3.1.2,net.sourceforge.squirrel_sql.plugins.graph,TableFrameController,onClose,16,4,0
squirrel_sql-3.1.2,net.sourceforge.squirrel_sql.plugins.graph,TableFrameController,tableFrameOpen,39,3,1
squirrel_sql-3.1.2,net.sourceforge.squirrel_sql.plugins.graph,TableFrameController,componentMoved,3,1,1
squirrel_sql-3.1.2,net.sourceforge.squirrel_sql.plugins.graph,TableFrameController,componentResized,3,1,1
squirrel_sql-3.1.2,net.sourceforge.squirrel_sql.plugins.graph,TableFrameController,componentShown,3,1,1
squirrel_sql-3.1.2,net.sourceforge.squirrel_sql.plugins.graph,TableFrameController,adjustmentValueChanged,3,1,1
squirrel_sql-3.1.2,net.sourceforge.squirrel_sql.plugins.graph,TableFrameController,columnOrderChanged,3,1,0
squirrel_sql-3.1.2,net.sourceforge.squirrel_sql.plugins.graph,TableFrameController,addSortListener,3,1,1
squirrel_sql-3.1.2,net.sourceforge.squirrel_sql.plugins.graph,TableFrameController,removeSortListener,3,1,1
squirrel_sql-3.1.2,net.sourceforge.squirrel_sql.plugins.graph,TableFrameController,recalculateAllConnections,21,7,1
squirrel_sql-3.1.2,net.sourceforge.squirrel_sql.plugins.graph,TableFrameController,tableFrameRemoved,27,6,1
squirrel_sql-3.1.2,net.sourceforge.squirrel_sql.plugins.graph,TableFrameController,recalculateConnectionsTo,21,4,1
squirrel_sql-3.1.2,net.sourceforge.squirrel_sql.plugins.graph,TableFrameController,onFoldingPointMoved,3,1,1
squirrel_sql-3.1.2,net.sourceforge.squirrel_sql.plugins.graph,TableFrameController,getConnectionPoints,30,5,4
squirrel_sql-3.1.2,net.sourceforge.squirrel_sql.plugins.graph,TableFrameController,findConstraintViews,9,3,1
squirrel_sql-3.1.2,net.sourceforge.squirrel_sql.plugins.graph,TableFrameController,calculateRelativeConnectionPointHeights,25,5,1
squirrel_sql-3.1.2,net.sourceforge.squirrel_sql.plugins.graph,TableFrameController,findColumnInfo,8,3,1
squirrel_sql-3.1.2,net.sourceforge.squirrel_sql.plugins.graph,TableFrameController,calculateStartSize,7,1,0
squirrel_sql-3.1.2,net.sourceforge.squirrel_sql.plugins.graph,TableFrameController,getMaxSize,10,3,2
squirrel_sql-3.1.2,net.sourceforge.squirrel_sql.plugins.graph,TableFrameController,getFrame,3,1,0
squirrel_sql-3.1.2,net.sourceforge.squirrel_sql.plugins.graph,TableFrameController,addTableFrameControllerListener,3,1,1
squirrel_sql-3.1.2,net.sourceforge.squirrel_sql.plugins.graph,TableFrameController,equals,9,2,1
squirrel_sql-3.1.2,net.sourceforge.squirrel_sql.plugins.graph,TableFrameController,hashCode,3,1,0
squirrel_sql-3.1.2,net.sourceforge.squirrel_sql.plugins.graph,TableFrameController,getColumnInfos,3,1,0
squirrel_sql-3.1.2,net.sourceforge.squirrel_sql.plugins.graph,TableFrameControllerListener,closed,0,1,1
squirrel_sql-3.1.2,net.sourceforge.squirrel_sql.plugins.graph,TableToolTipProvider,getToolTipText,0,1,1
squirrel_sql-3.1.2,net.sourceforge.squirrel_sql.plugins.graph,ZoomableColumnTextArea,ZoomableColumnTextArea,6,1,4
squirrel_sql-3.1.2,net.sourceforge.squirrel_sql.plugins.graph,ZoomableColumnTextArea,getToolTipText,3,1,1
squirrel_sql-3.1.2,net.sourceforge.squirrel_sql.plugins.graph,ZoomableColumnTextArea,setGraphColumns,3,1,1
squirrel_sql-3.1.2,net.sourceforge.squirrel_sql.plugins.graph,ZoomableColumnTextArea,paint,19,2,1
squirrel_sql-3.1.2,net.sourceforge.squirrel_sql.plugins.graph,ZoomableColumnTextArea,getTextHeight,5,1,0
squirrel_sql-3.1.2,net.sourceforge.squirrel_sql.plugins.graph,ZoomableColumnTextArea,getMaxTextWidht,8,2,0
squirrel_sql-3.1.2,net.sourceforge.squirrel_sql.plugins.graph,ZoomableColumnTextArea,getPreferredSize,6,1,0
squirrel_sql-3.1.2,net.sourceforge.squirrel_sql.plugins.graph,ZoomableColumnTextArea,getDndEvent,3,1,0
squirrel_sql-3.1.2,net.sourceforge.squirrel_sql.plugins.graph,ZoomableColumnTextArea,setDndEvent,3,1,1
squirrel_sql-3.1.2,net.sourceforge.squirrel_sql.plugins.graph,Zoomer,Zoomer,8,2,1
squirrel_sql-3.1.2,net.sourceforge.squirrel_sql.plugins.graph,Zoomer,setEnabled,13,3,1
squirrel_sql-3.1.2,net.sourceforge.squirrel_sql.plugins.graph,Zoomer,setZoom,8,2,2
squirrel_sql-3.1.2,net.sourceforge.squirrel_sql.plugins.graph,Zoomer,getZoom,3,1,0
squirrel_sql-3.1.2,net.sourceforge.squirrel_sql.plugins.graph,Zoomer,addZoomListener,4,1,1
squirrel_sql-3.1.2,net.sourceforge.squirrel_sql.plugins.graph,Zoomer,removeZoomListener,3,1,1
squirrel_sql-3.1.2,net.sourceforge.squirrel_sql.plugins.graph,Zoomer,isEnabled,3,1,0
squirrel_sql-3.1.2,net.sourceforge.squirrel_sql.plugins.graph,Zoomer,setHideScrollBars,7,2,1
squirrel_sql-3.1.2,net.sourceforge.squirrel_sql.plugins.graph,Zoomer,getXmlBean,8,1,0
squirrel_sql-3.1.2,net.sourceforge.squirrel_sql.plugins.graph,Zoomer,isHideScrollbars,3,1,0
squirrel_sql-3.1.2,net.sourceforge.squirrel_sql.plugins.graph,ZoomerListener,zoomChanged,0,1,3
squirrel_sql-3.1.2,net.sourceforge.squirrel_sql.plugins.graph,ZoomerListener,zoomEnabled,0,1,1
squirrel_sql-3.1.2,net.sourceforge.squirrel_sql.plugins.graph,ZoomerListener,setHideScrollBars,0,1,1
squirrel_sql-3.1.2,net.sourceforge.squirrel_sql.plugins.graph,ZoomPrintController,ZoomPrintController,7,1,6
squirrel_sql-3.1.2,net.sourceforge.squirrel_sql.plugins.graph,ZoomPrintController,initPrint,59,5,2
squirrel_sql-3.1.2,net.sourceforge.squirrel_sql.plugins.graph,ZoomPrintController,formatsChanged,3,1,1
squirrel_sql-3.1.2,net.sourceforge.squirrel_sql.plugins.graph,ZoomPrintController,stateChanged,3,1,1
squirrel_sql-3.1.2,net.sourceforge.squirrel_sql.plugins.graph,ZoomPrintController,actionPerformed,3,1,1
squirrel_sql-3.1.2,net.sourceforge.squirrel_sql.plugins.graph,ZoomPrintController,actionPerformed,3,1,1
squirrel_sql-3.1.2,net.sourceforge.squirrel_sql.plugins.graph,ZoomPrintController,actionPerformed,3,1,1
squirrel_sql-3.1.2,net.sourceforge.squirrel_sql.plugins.graph,ZoomPrintController,itemStateChanged,3,1,1
squirrel_sql-3.1.2,net.sourceforge.squirrel_sql.plugins.graph,ZoomPrintController,onShowEdges,7,1,0
squirrel_sql-3.1.2,net.sourceforge.squirrel_sql.plugins.graph,ZoomPrintController,onSelectedFormatChanged,5,2,1
squirrel_sql-3.1.2,net.sourceforge.squirrel_sql.plugins.graph,ZoomPrintController,onFormatsChanged,14,3,1
squirrel_sql-3.1.2,net.sourceforge.squirrel_sql.plugins.graph,ZoomPrintController,onPrint,13,2,0
squirrel_sql-3.1.2,net.sourceforge.squirrel_sql.plugins.graph,ZoomPrintController,onSaveImages,31,4,0
squirrel_sql-3.1.2,net.sourceforge.squirrel_sql.plugins.graph,ZoomPrintController,prepareImage,7,1,2
squirrel_sql-3.1.2,net.sourceforge.squirrel_sql.plugins.graph,ZoomPrintController,initPrint,12,2,1
squirrel_sql-3.1.2,net.sourceforge.squirrel_sql.plugins.graph,ZoomPrintController,fireEdgesGraphComponentChanged,13,3,1
squirrel_sql-3.1.2,net.sourceforge.squirrel_sql.plugins.graph,ZoomPrintController,onSldEdgesChanged,3,1,0
squirrel_sql-3.1.2,net.sourceforge.squirrel_sql.plugins.graph,ZoomPrintController,initZoom,23,1,2
squirrel_sql-3.1.2,net.sourceforge.squirrel_sql.plugins.graph,ZoomPrintController,stateChanged,3,1,1
squirrel_sql-3.1.2,net.sourceforge.squirrel_sql.plugins.graph,ZoomPrintController,actionPerformed,3,1,1
squirrel_sql-3.1.2,net.sourceforge.squirrel_sql.plugins.graph,ZoomPrintController,actionPerformed,3,1,1
squirrel_sql-3.1.2,net.sourceforge.squirrel_sql.plugins.graph,ZoomPrintController,onBtnFormat,3,1,0
squirrel_sql-3.1.2,net.sourceforge.squirrel_sql.plugins.graph,ZoomPrintController,onHideScrollbars,3,1,0
squirrel_sql-3.1.2,net.sourceforge.squirrel_sql.plugins.graph,ZoomPrintController,onSldZoomChanged,6,2,0
squirrel_sql-3.1.2,net.sourceforge.squirrel_sql.plugins.graph,ZoomPrintController,getPanel,3,1,0
squirrel_sql-3.1.2,net.sourceforge.squirrel_sql.plugins.graph,ZoomPrintController,setVisible,13,1,1
squirrel_sql-3.1.2,net.sourceforge.squirrel_sql.plugins.graph,ZoomPrintController,getZoomer,3,1,0
squirrel_sql-3.1.2,net.sourceforge.squirrel_sql.plugins.graph,ZoomPrintController,getPrintXmlBean,6,1,0
squirrel_sql-3.1.2,net.sourceforge.squirrel_sql.plugins.graph,ZoomPrintController,sessionEnding,3,1,0
squirrel_sql-3.1.2,net.sourceforge.squirrel_sql.plugins.graph,ZoomPrintPanel,ZoomPrintPanel,5,1,1
squirrel_sql-3.1.2,net.sourceforge.squirrel_sql.plugins.graph,ZoomPrintPanel,createPrintPanel,28,1,1
squirrel_sql-3.1.2,net.sourceforge.squirrel_sql.plugins.graph,ZoomPrintPanel,createZoomPanel,9,1,0
squirrel_sql-3.1.2,net.sourceforge.squirrel_sql.plugins.graph.graphtofiles,GraphToFilesCtrlr,GraphToFilesCtrlr,25,1,2
squirrel_sql-3.1.2,net.sourceforge.squirrel_sql.plugins.graph.graphtofiles,GraphToFilesCtrlr,actionPerformed,5,1,1
squirrel_sql-3.1.2,net.sourceforge.squirrel_sql.plugins.graph.graphtofiles,GraphToFilesCtrlr,actionPerformed,3,1,1
squirrel_sql-3.1.2,net.sourceforge.squirrel_sql.plugins.graph.graphtofiles,GraphToFilesCtrlr,windowClosing,3,1,1
squirrel_sql-3.1.2,net.sourceforge.squirrel_sql.plugins.graph.graphtofiles,GraphToFilesCtrlr,onClosing,5,2,0
squirrel_sql-3.1.2,net.sourceforge.squirrel_sql.plugins.graph.graphtofiles,GraphToFilesCtrlr,onSaveToFile,39,7,0
squirrel_sql-3.1.2,net.sourceforge.squirrel_sql.plugins.graph.graphtofiles,GraphToFilesDlg,GraphToFilesDlg,14,2,2
squirrel_sql-3.1.2,net.sourceforge.squirrel_sql.plugins.graph.graphtofiles,GraphToFilesDlg,buildGui,9,1,0
squirrel_sql-3.1.2,net.sourceforge.squirrel_sql.plugins.graph.graphtofiles,GraphToFilesDlg,createButtonPanel,13,1,0
squirrel_sql-3.1.2,net.sourceforge.squirrel_sql.plugins.graph.graphtofiles,ImageSelection,getSourceActions,3,1,1
squirrel_sql-3.1.2,net.sourceforge.squirrel_sql.plugins.graph.graphtofiles,ImageSelection,canImport,11,4,2
squirrel_sql-3.1.2,net.sourceforge.squirrel_sql.plugins.graph.graphtofiles,ImageSelection,createTransferable,17,4,1
squirrel_sql-3.1.2,net.sourceforge.squirrel_sql.plugins.graph.graphtofiles,ImageSelection,importData,24,4,2
squirrel_sql-3.1.2,net.sourceforge.squirrel_sql.plugins.graph.graphtofiles,ImageSelection,getTransferData,6,2,1
squirrel_sql-3.1.2,net.sourceforge.squirrel_sql.plugins.graph.graphtofiles,ImageSelection,getTransferDataFlavors,3,1,0
squirrel_sql-3.1.2,net.sourceforge.squirrel_sql.plugins.graph.graphtofiles,ImageSelection,isDataFlavorSupported,3,1,1
squirrel_sql-3.1.2,net.sourceforge.squirrel_sql.plugins.graph.graphtofiles,SaveToFilePageFormat,SaveToFilePageFormat,3,1,1
squirrel_sql-3.1.2,net.sourceforge.squirrel_sql.plugins.graph.graphtofiles,SaveToFilePageFormat,SaveToFilePageFormat,3,1,1
squirrel_sql-3.1.2,net.sourceforge.squirrel_sql.plugins.graph.graphtofiles,SaveToFilePageFormat,getImageableHeight,8,2,0
squirrel_sql-3.1.2,net.sourceforge.squirrel_sql.plugins.graph.graphtofiles,SaveToFilePageFormat,getImageableWidth,8,2,0
squirrel_sql-3.1.2,net.sourceforge.squirrel_sql.plugins.graph.graphtofiles,SaveToFilePageFormat,getImageableX,3,1,0
squirrel_sql-3.1.2,net.sourceforge.squirrel_sql.plugins.graph.graphtofiles,SaveToFilePageFormat,getImageableY,3,1,0
squirrel_sql-3.1.2,net.sourceforge.squirrel_sql.plugins.graph.xmlbeans,ColumnInfoXmlBean,getColumnName,3,1,0
squirrel_sql-3.1.2,net.sourceforge.squirrel_sql.plugins.graph.xmlbeans,ColumnInfoXmlBean,setColumnName,3,1,1
squirrel_sql-3.1.2,net.sourceforge.squirrel_sql.plugins.graph.xmlbeans,ColumnInfoXmlBean,getColumnType,3,1,0
squirrel_sql-3.1.2,net.sourceforge.squirrel_sql.plugins.graph.xmlbeans,ColumnInfoXmlBean,setColumnType,3,1,1
squirrel_sql-3.1.2,net.sourceforge.squirrel_sql.plugins.graph.xmlbeans,ColumnInfoXmlBean,getColumnSize,3,1,0
squirrel_sql-3.1.2,net.sourceforge.squirrel_sql.plugins.graph.xmlbeans,ColumnInfoXmlBean,setColumnSize,3,1,1
squirrel_sql-3.1.2,net.sourceforge.squirrel_sql.plugins.graph.xmlbeans,ColumnInfoXmlBean,isNullable,3,1,0
squirrel_sql-3.1.2,net.sourceforge.squirrel_sql.plugins.graph.xmlbeans,ColumnInfoXmlBean,setNullable,3,1,1
squirrel_sql-3.1.2,net.sourceforge.squirrel_sql.plugins.graph.xmlbeans,ColumnInfoXmlBean,getIndex,3,1,0
squirrel_sql-3.1.2,net.sourceforge.squirrel_sql.plugins.graph.xmlbeans,ColumnInfoXmlBean,setIndex,3,1,1
squirrel_sql-3.1.2,net.sourceforge.squirrel_sql.plugins.graph.xmlbeans,ColumnInfoXmlBean,getImportedFromTable,3,1,0
squirrel_sql-3.1.2,net.sourceforge.squirrel_sql.plugins.graph.xmlbeans,ColumnInfoXmlBean,setImportedFromTable,3,1,1
squirrel_sql-3.1.2,net.sourceforge.squirrel_sql.plugins.graph.xmlbeans,ColumnInfoXmlBean,getImportedColumn,3,1,0
squirrel_sql-3.1.2,net.sourceforge.squirrel_sql.plugins.graph.xmlbeans,ColumnInfoXmlBean,setImportedColumn,3,1,1
squirrel_sql-3.1.2,net.sourceforge.squirrel_sql.plugins.graph.xmlbeans,ColumnInfoXmlBean,getConstraintName,3,1,0
squirrel_sql-3.1.2,net.sourceforge.squirrel_sql.plugins.graph.xmlbeans,ColumnInfoXmlBean,setConstraintName,3,1,1
squirrel_sql-3.1.2,net.sourceforge.squirrel_sql.plugins.graph.xmlbeans,ColumnInfoXmlBean,isPrimaryKey,3,1,0
squirrel_sql-3.1.2,net.sourceforge.squirrel_sql.plugins.graph.xmlbeans,ColumnInfoXmlBean,setPrimaryKey,3,1,1
squirrel_sql-3.1.2,net.sourceforge.squirrel_sql.plugins.graph.xmlbeans,ColumnInfoXmlBean,getDecimalDigits,3,1,0
squirrel_sql-3.1.2,net.sourceforge.squirrel_sql.plugins.graph.xmlbeans,ColumnInfoXmlBean,setDecimalDigits,3,1,1
squirrel_sql-3.1.2,net.sourceforge.squirrel_sql.plugins.graph.xmlbeans,ColumnInfoXmlBean,isNonDbConstraint,3,1,0
squirrel_sql-3.1.2,net.sourceforge.squirrel_sql.plugins.graph.xmlbeans,ColumnInfoXmlBean,setNonDbConstraint,3,1,1
squirrel_sql-3.1.2,net.sourceforge.squirrel_sql.plugins.graph.xmlbeans,ConstraintDataXmlBean,getPkTableName,3,1,0
squirrel_sql-3.1.2,net.sourceforge.squirrel_sql.plugins.graph.xmlbeans,ConstraintDataXmlBean,setPkTableName,3,1,1
squirrel_sql-3.1.2,net.sourceforge.squirrel_sql.plugins.graph.xmlbeans,ConstraintDataXmlBean,getFkTableName,3,1,0
squirrel_sql-3.1.2,net.sourceforge.squirrel_sql.plugins.graph.xmlbeans,ConstraintDataXmlBean,setFkTableName,3,1,1
squirrel_sql-3.1.2,net.sourceforge.squirrel_sql.plugins.graph.xmlbeans,ConstraintDataXmlBean,getConstraintName,3,1,0
squirrel_sql-3.1.2,net.sourceforge.squirrel_sql.plugins.graph.xmlbeans,ConstraintDataXmlBean,setConstraintName,3,1,1
squirrel_sql-3.1.2,net.sourceforge.squirrel_sql.plugins.graph.xmlbeans,ConstraintDataXmlBean,getColumnInfoXmlBeans,3,1,0
squirrel_sql-3.1.2,net.sourceforge.squirrel_sql.plugins.graph.xmlbeans,ConstraintDataXmlBean,setColumnInfoXmlBeans,3,1,1
squirrel_sql-3.1.2,net.sourceforge.squirrel_sql.plugins.graph.xmlbeans,ConstraintDataXmlBean,isNonDbConstraint,3,1,0
squirrel_sql-3.1.2,net.sourceforge.squirrel_sql.plugins.graph.xmlbeans,ConstraintDataXmlBean,setNonDbConstraint,3,1,1
squirrel_sql-3.1.2,net.sourceforge.squirrel_sql.plugins.graph.xmlbeans,ConstraintDataXmlBean,isShowThisConstraintName,3,1,0
squirrel_sql-3.1.2,net.sourceforge.squirrel_sql.plugins.graph.xmlbeans,ConstraintDataXmlBean,setShowThisConstraintName,3,1,1
squirrel_sql-3.1.2,net.sourceforge.squirrel_sql.plugins.graph.xmlbeans,ConstraintGraphXmlBean,getFoldingPointXmlBeans,3,1,0
squirrel_sql-3.1.2,net.sourceforge.squirrel_sql.plugins.graph.xmlbeans,ConstraintGraphXmlBean,setFoldingPointXmlBeans,3,1,1
squirrel_sql-3.1.2,net.sourceforge.squirrel_sql.plugins.graph.xmlbeans,ConstraintViewXmlBean,getConstraintGraphXmlBean,3,1,0
squirrel_sql-3.1.2,net.sourceforge.squirrel_sql.plugins.graph.xmlbeans,ConstraintViewXmlBean,setConstraintGraphXmlBean,3,1,1
squirrel_sql-3.1.2,net.sourceforge.squirrel_sql.plugins.graph.xmlbeans,ConstraintViewXmlBean,getConstraintDataXmlBean,3,1,0
squirrel_sql-3.1.2,net.sourceforge.squirrel_sql.plugins.graph.xmlbeans,ConstraintViewXmlBean,setConstraintDataXmlBean,3,1,1
squirrel_sql-3.1.2,net.sourceforge.squirrel_sql.plugins.graph.xmlbeans,FoldingPointXmlBean,getX,3,1,0
squirrel_sql-3.1.2,net.sourceforge.squirrel_sql.plugins.graph.xmlbeans,FoldingPointXmlBean,setX,3,1,1
squirrel_sql-3.1.2,net.sourceforge.squirrel_sql.plugins.graph.xmlbeans,FoldingPointXmlBean,getY,3,1,0
squirrel_sql-3.1.2,net.sourceforge.squirrel_sql.plugins.graph.xmlbeans,FoldingPointXmlBean,setY,3,1,1
squirrel_sql-3.1.2,net.sourceforge.squirrel_sql.plugins.graph.xmlbeans,FormatXmlBean,FormatXmlBean,7,1,5
squirrel_sql-3.1.2,net.sourceforge.squirrel_sql.plugins.graph.xmlbeans,FormatXmlBean,FormatXmlBean,2,1,0
squirrel_sql-3.1.2,net.sourceforge.squirrel_sql.plugins.graph.xmlbeans,FormatXmlBean,toString,3,1,0
squirrel_sql-3.1.2,net.sourceforge.squirrel_sql.plugins.graph.xmlbeans,FormatXmlBean,getName,3,1,0
squirrel_sql-3.1.2,net.sourceforge.squirrel_sql.plugins.graph.xmlbeans,FormatXmlBean,setName,3,1,1
squirrel_sql-3.1.2,net.sourceforge.squirrel_sql.plugins.graph.xmlbeans,FormatXmlBean,getWidth,3,1,0
squirrel_sql-3.1.2,net.sourceforge.squirrel_sql.plugins.graph.xmlbeans,FormatXmlBean,setWidth,3,1,1
squirrel_sql-3.1.2,net.sourceforge.squirrel_sql.plugins.graph.xmlbeans,FormatXmlBean,getHeight,3,1,0
squirrel_sql-3.1.2,net.sourceforge.squirrel_sql.plugins.graph.xmlbeans,FormatXmlBean,setHeight,3,1,1
squirrel_sql-3.1.2,net.sourceforge.squirrel_sql.plugins.graph.xmlbeans,FormatXmlBean,isSelected,3,1,0
squirrel_sql-3.1.2,net.sourceforge.squirrel_sql.plugins.graph.xmlbeans,FormatXmlBean,setSelected,3,1,1
squirrel_sql-3.1.2,net.sourceforge.squirrel_sql.plugins.graph.xmlbeans,FormatXmlBean,isLandscape,3,1,0
squirrel_sql-3.1.2,net.sourceforge.squirrel_sql.plugins.graph.xmlbeans,FormatXmlBean,setLandscape,3,1,1
squirrel_sql-3.1.2,net.sourceforge.squirrel_sql.plugins.graph.xmlbeans,GraphControllerXmlBean,getTitle,3,1,0
squirrel_sql-3.1.2,net.sourceforge.squirrel_sql.plugins.graph.xmlbeans,GraphControllerXmlBean,setTitle,3,1,1
squirrel_sql-3.1.2,net.sourceforge.squirrel_sql.plugins.graph.xmlbeans,GraphControllerXmlBean,getTableFrameControllerXmls,3,1,0
squirrel_sql-3.1.2,net.sourceforge.squirrel_sql.plugins.graph.xmlbeans,GraphControllerXmlBean,setTableFrameControllerXmls,3,1,1
squirrel_sql-3.1.2,net.sourceforge.squirrel_sql.plugins.graph.xmlbeans,GraphControllerXmlBean,isShowConstraintNames,3,1,0
squirrel_sql-3.1.2,net.sourceforge.squirrel_sql.plugins.graph.xmlbeans,GraphControllerXmlBean,setShowConstraintNames,3,1,1
squirrel_sql-3.1.2,net.sourceforge.squirrel_sql.plugins.graph.xmlbeans,GraphControllerXmlBean,getZoomerXmlBean,3,1,0
squirrel_sql-3.1.2,net.sourceforge.squirrel_sql.plugins.graph.xmlbeans,GraphControllerXmlBean,setZoomerXmlBean,3,1,1
squirrel_sql-3.1.2,net.sourceforge.squirrel_sql.plugins.graph.xmlbeans,GraphControllerXmlBean,getPrintXmlBean,3,1,0
squirrel_sql-3.1.2,net.sourceforge.squirrel_sql.plugins.graph.xmlbeans,GraphControllerXmlBean,setPrintXmlBean,3,1,1
squirrel_sql-3.1.2,net.sourceforge.squirrel_sql.plugins.graph.xmlbeans,GraphControllerXmlBean,isShowQualifiedTableNames,3,1,0
squirrel_sql-3.1.2,net.sourceforge.squirrel_sql.plugins.graph.xmlbeans,GraphControllerXmlBean,setShowQualifiedTableNames,3,1,1
squirrel_sql-3.1.2,net.sourceforge.squirrel_sql.plugins.graph.xmlbeans,GraphXmlSerializer,GraphXmlSerializer,16,2,4
squirrel_sql-3.1.2,net.sourceforge.squirrel_sql.plugins.graph.xmlbeans,GraphXmlSerializer,write,12,1,1
squirrel_sql-3.1.2,net.sourceforge.squirrel_sql.plugins.graph.xmlbeans,GraphXmlSerializer,read,10,1,0
squirrel_sql-3.1.2,net.sourceforge.squirrel_sql.plugins.graph.xmlbeans,GraphXmlSerializer,getFileName,9,2,3
squirrel_sql-3.1.2,net.sourceforge.squirrel_sql.plugins.graph.xmlbeans,GraphXmlSerializer,prefixExists,12,2,2
squirrel_sql-3.1.2,net.sourceforge.squirrel_sql.plugins.graph.xmlbeans,GraphXmlSerializer,accept,6,2,2
squirrel_sql-3.1.2,net.sourceforge.squirrel_sql.plugins.graph.xmlbeans,GraphXmlSerializer,javaNormalize,19,4,1
squirrel_sql-3.1.2,net.sourceforge.squirrel_sql.plugins.graph.xmlbeans,GraphXmlSerializer,getGraphXmSerializers,23,3,2
squirrel_sql-3.1.2,net.sourceforge.squirrel_sql.plugins.graph.xmlbeans,GraphXmlSerializer,accept,6,2,2
squirrel_sql-3.1.2,net.sourceforge.squirrel_sql.plugins.graph.xmlbeans,GraphXmlSerializer,rename,13,1,1
squirrel_sql-3.1.2,net.sourceforge.squirrel_sql.plugins.graph.xmlbeans,GraphXmlSerializer,remove,5,1,0
squirrel_sql-3.1.2,net.sourceforge.squirrel_sql.plugins.graph.xmlbeans,PrintXmlBean,getEdgesScale,3,1,0
squirrel_sql-3.1.2,net.sourceforge.squirrel_sql.plugins.graph.xmlbeans,PrintXmlBean,setEdgesScale,3,1,1
squirrel_sql-3.1.2,net.sourceforge.squirrel_sql.plugins.graph.xmlbeans,PrintXmlBean,isShowEdges,3,1,0
squirrel_sql-3.1.2,net.sourceforge.squirrel_sql.plugins.graph.xmlbeans,PrintXmlBean,setShowEdges,3,1,1
squirrel_sql-3.1.2,net.sourceforge.squirrel_sql.plugins.graph.xmlbeans,TableFrameControllerXmlBean,getSchema,3,1,0
squirrel_sql-3.1.2,net.sourceforge.squirrel_sql.plugins.graph.xmlbeans,TableFrameControllerXmlBean,setSchema,3,1,1
squirrel_sql-3.1.2,net.sourceforge.squirrel_sql.plugins.graph.xmlbeans,TableFrameControllerXmlBean,getCatalog,3,1,0
squirrel_sql-3.1.2,net.sourceforge.squirrel_sql.plugins.graph.xmlbeans,TableFrameControllerXmlBean,setCatalog,3,1,1
squirrel_sql-3.1.2,net.sourceforge.squirrel_sql.plugins.graph.xmlbeans,TableFrameControllerXmlBean,getTablename,3,1,0
squirrel_sql-3.1.2,net.sourceforge.squirrel_sql.plugins.graph.xmlbeans,TableFrameControllerXmlBean,setTablename,3,1,1
squirrel_sql-3.1.2,net.sourceforge.squirrel_sql.plugins.graph.xmlbeans,TableFrameControllerXmlBean,getTableFrameXmlBean,3,1,0
squirrel_sql-3.1.2,net.sourceforge.squirrel_sql.plugins.graph.xmlbeans,TableFrameControllerXmlBean,setTableFrameXmlBean,3,1,1
squirrel_sql-3.1.2,net.sourceforge.squirrel_sql.plugins.graph.xmlbeans,TableFrameControllerXmlBean,getColumnIfoXmlBeans,3,1,0
squirrel_sql-3.1.2,net.sourceforge.squirrel_sql.plugins.graph.xmlbeans,TableFrameControllerXmlBean,setColumnIfoXmlBeans,3,1,1
squirrel_sql-3.1.2,net.sourceforge.squirrel_sql.plugins.graph.xmlbeans,TableFrameControllerXmlBean,getTablesExportedTo,3,1,0
squirrel_sql-3.1.2,net.sourceforge.squirrel_sql.plugins.graph.xmlbeans,TableFrameControllerXmlBean,setTablesExportedTo,3,1,1
squirrel_sql-3.1.2,net.sourceforge.squirrel_sql.plugins.graph.xmlbeans,TableFrameControllerXmlBean,getConstraintViewXmlBeans,3,1,0
squirrel_sql-3.1.2,net.sourceforge.squirrel_sql.plugins.graph.xmlbeans,TableFrameControllerXmlBean,setConstraintViewXmlBeans,3,1,1
squirrel_sql-3.1.2,net.sourceforge.squirrel_sql.plugins.graph.xmlbeans,TableFrameControllerXmlBean,getColumOrder,3,1,0
squirrel_sql-3.1.2,net.sourceforge.squirrel_sql.plugins.graph.xmlbeans,TableFrameControllerXmlBean,setColumOrder,3,1,1
squirrel_sql-3.1.2,net.sourceforge.squirrel_sql.plugins.graph.xmlbeans,TableFrameXmlBean,getX,3,1,0
squirrel_sql-3.1.2,net.sourceforge.squirrel_sql.plugins.graph.xmlbeans,TableFrameXmlBean,setX,3,1,1
squirrel_sql-3.1.2,net.sourceforge.squirrel_sql.plugins.graph.xmlbeans,TableFrameXmlBean,getY,3,1,0
squirrel_sql-3.1.2,net.sourceforge.squirrel_sql.plugins.graph.xmlbeans,TableFrameXmlBean,setY,3,1,1
squirrel_sql-3.1.2,net.sourceforge.squirrel_sql.plugins.graph.xmlbeans,TableFrameXmlBean,getWidht,3,1,0
squirrel_sql-3.1.2,net.sourceforge.squirrel_sql.plugins.graph.xmlbeans,TableFrameXmlBean,setWidht,3,1,1
squirrel_sql-3.1.2,net.sourceforge.squirrel_sql.plugins.graph.xmlbeans,TableFrameXmlBean,getHeight,3,1,0
squirrel_sql-3.1.2,net.sourceforge.squirrel_sql.plugins.graph.xmlbeans,TableFrameXmlBean,setHeight,3,1,1
squirrel_sql-3.1.2,net.sourceforge.squirrel_sql.plugins.graph.xmlbeans,ZoomerXmlBean,getZoom,3,1,0
squirrel_sql-3.1.2,net.sourceforge.squirrel_sql.plugins.graph.xmlbeans,ZoomerXmlBean,setZoom,3,1,1
squirrel_sql-3.1.2,net.sourceforge.squirrel_sql.plugins.graph.xmlbeans,ZoomerXmlBean,getOldZoom,3,1,0
squirrel_sql-3.1.2,net.sourceforge.squirrel_sql.plugins.graph.xmlbeans,ZoomerXmlBean,setOldZoom,3,1,1
squirrel_sql-3.1.2,net.sourceforge.squirrel_sql.plugins.graph.xmlbeans,ZoomerXmlBean,isEnabled,3,1,0
squirrel_sql-3.1.2,net.sourceforge.squirrel_sql.plugins.graph.xmlbeans,ZoomerXmlBean,setEnabled,3,1,1
squirrel_sql-3.1.2,net.sourceforge.squirrel_sql.plugins.graph.xmlbeans,ZoomerXmlBean,isHideScrollbars,3,1,0
squirrel_sql-3.1.2,net.sourceforge.squirrel_sql.plugins.graph.xmlbeans,ZoomerXmlBean,setHideScrollbars,3,1,1
